repo_id,categories
1,Filesystem
4,API bindings--Database interfaces--External FFI bindings
20,Asynchronous--Concurrency
47,Embedded development--No standard library
85,Command line utilities--Concurrency--No standard library--Parser implementations--Science
92,API bindings--Rendering
107,API bindings
124,Encoding--Parsing tools
131,Command line utilities--Command-line interface
158,Data structures--Science
166,Asynchronous--Network programming
174,Database interfaces--Network programming
188,API bindings--Command-line interface
195,Embedded development--No standard library
214,Command-line interface--Development tools--Hardware support--No standard library--Parser implementations
236,Algorithms--Data structures--Science
243,No standard library--WebAssembly
247,Data structures--No standard library--Rust patterns--Text processing
254,API bindings--External FFI bindings--Hardware support
263,Parsing tools
284,External FFI bindings--Multimedia
290,API bindings--Parsing tools
294,Command line utilities
339,API bindings
347,Asynchronous--Caching
351,API bindings--External FFI bindings
357,API bindings--Development tools
361,Cryptography--No standard library
365,Authentication--Cryptography
367,Command line utilities
369,Embedded development--Hardware support
374,Compression--No standard library
404,Development tools--Embedded development--No standard library
418,Database interfaces
427,Development tools--Rust patterns
443,Algorithms--Data structures
449,Command line utilities--Compilers--Database interfaces--Parser implementations--WebAssembly
450,API bindings--Development tools--External FFI bindings
500,Encoding--Network programming--Parsing tools
516,API bindings--Multimedia
540,API bindings
562,Embedded development--Hardware support--No standard library
574,Asynchronous--Cryptography--Network programming
586,Multimedia
597,Parser implementations
616,Games
619,Science
626,Text processing
636,API bindings--Embedded development--External FFI bindings--No standard library--Parsing tools
641,Science
643,Algorithms--Text processing
706,Development tools--Rendering
744,Data structures--No standard library--Rust patterns
751,Algorithms--Data structures
773,API bindings--WebAssembly
775,Development tools
785,Cryptography
824,Cryptography
833,Development tools
841,Hardware support
847,Web programming--WebAssembly
874,External FFI bindings
888,Science--Simulation
900,Embedded development--Hardware support--No standard library
945,GUI
952,Data structures--Encoding--Parser implementations
973,Algorithms--Science--Simulation
986,Encoding--Internationalization (i18n)--No standard library--Text processing
999,Cryptography
1006,API bindings--Hardware support
1023,API bindings--Development tools
1032,Command line utilities--Development tools--Filesystem--GUI--Operating systems--Web programming
1064,API bindings--Embedded development--Hardware support--Network programming--Web programming
1084,Network programming--Web programming
1111,API bindings--Memory management
1138,Memory management
1146,Command-line interface--Science
1181,GUI
1183,GUI--Web programming--WebAssembly
1201,API bindings--Cryptography--Web programming
1209,Asynchronous--Database implementations--Database interfaces--Development tools
1210,Development tools--Visualization
1214,Science--WebAssembly
1260,Encoding
1267,Development tools
1278,Database interfaces--Text processing
1325,Command-line interface--Development tools--Value formatting
1339,Game engines--Rendering
1344,Command line utilities
1365,Data structures
1379,API bindings
1387,Development tools
1401,Network programming
1426,Game development--Graphics
1431,API bindings--Development tools
1433,External FFI bindings
1435,Data structures--Game engines--No standard library
1481,Algorithms--Science--Web programming
1547,Asynchronous--Concurrency
1573,GUI--Visualization
1595,Memory management--No standard library--Rust patterns
1607,Science--Text processing
1614,Authentication--Network programming--Web programming
1624,Embedded development--Hardware support--Network programming--No standard library
1625,External FFI bindings--Hardware support
1626,No standard library--Operating systems
1628,Data structures--Memory management--No standard library
1634,Concurrency--Network programming
1647,No standard library
1658,Template engine--Web programming
1664,API bindings--Development tools--No standard library--Parser implementations
1671,Cryptography--No standard library
1692,Command line utilities
1696,Development tools
1698,Algorithms--Data structures--No standard library--Text processing
1701,Cryptography--Email--Encoding--Parsing tools
1702,Embedded development--No standard library
1725,Command-line interface--GUI
1745,Command line utilities--Development tools
1746,Command line utilities
1752,Multimedia--Science
1756,Command line utilities
1757,Web programming
1769,Encoding--Filesystem--Graphics--Multimedia
1783,Computer vision--Graphics--Multimedia--Rendering
1786,API bindings--Authentication
1798,API bindings
1808,Cryptography--No standard library
1810,Development tools
1815,Authentication--Cryptography
1834,Command-line interface
1856,Web programming
1892,Text processing
1905,Network programming
1906,Science--Simulation
1931,Database interfaces--Rust patterns
1934,API bindings--Asynchronous--Authentication
1944,GUI
1959,Graphics
1981,Database interfaces
2030,API bindings
2034,Cryptography--No standard library
2042,Science
2052,API bindings--Development tools
2072,API bindings--Asynchronous--Games
2086,Parser implementations
2096,External FFI bindings--Science
2118,Game development--Games
2157,External FFI bindings--Operating systems
2171,Science--Simulation
2192,Embedded development--Hardware support
2214,Science
2223,Cryptography--No standard library
2231,Command line utilities--Compression--Filesystem
2277,API bindings
2285,Science--Value formatting
2291,Network programming--Web programming
2297,Cryptography--No standard library
2312,Command line utilities--Development tools--Embedded development
2314,Algorithms--Command line utilities--Command-line interface--Development tools
2345,Embedded development--Hardware support--No standard library
2347,Algorithms--Mathematics--Parsing tools--Text processing
2368,Command line utilities--Multimedia
2417,Command line utilities--Network programming
2424,API bindings
2428,Data structures
2431,Command line utilities
2437,API bindings--Database implementations--Emulators--Encoding--Network programming--Parser implementations--Parsing tools
2443,Concurrency
2487,No standard library
2557,Multimedia
2569,API bindings--Data structures--No standard library
2593,Command line utilities--Command-line interface
2609,Encoding
2618,Configuration--Database interfaces--Development tools--Web programming
2637,Asynchronous--Network programming--Web programming
2643,Development tools
2645,Algorithms--Mathematics--Science
2661,Database implementations--Database interfaces
2667,Parsing tools
2680,Embedded development--Science
2706,Embedded development--No standard library
2730,Cryptography
2731,Web programming
2743,Cryptography--Web programming
2751,Embedded development--Hardware support--No standard library
2760,Development tools--External FFI bindings
2784,API bindings--Development tools
2791,Command line utilities--Science
2793,Development tools
2816,Cryptography
2887,API bindings--Embedded development
2896,Data structures--Science
2910,Encoding
2911,Science
2916,Encoding
2919,Development tools
2939,Command line utilities--Development tools--Parsing tools
2956,Asynchronous--Caching--Concurrency--Data structures--GUI--Memory management--Rust patterns
2966,Compilers--Hardware support--Science
2968,Game development
2994,Hardware support
2997,Embedded development--Hardware support
3037,GUI--Game engines
3042,Algorithms--No standard library
3055,API bindings
3113,Algorithms--Mathematics--Science
3115,Database interfaces--Embedded development--Encoding--No standard library
3119,API bindings--Network programming
3121,Command line utilities--Command-line interface--Configuration--Text editors
3125,Command line utilities--Development tools
3129,Encoding
3130,Game engines
3141,Compression--Data structures
3154,Command line utilities
3159,Algorithms--Science
3174,Caching--Memory management
3178,Network programming--Operating systems
3236,Algorithms--Data structures
3249,Algorithms--Data structures--Development tools--Parsing tools
3253,Development tools--Embedded development--Hardware support
3254,Multimedia
3267,Command line utilities
3302,Command line utilities--Development tools--Visualization
3311,Cryptography
3325,API bindings--Command line utilities--Web programming
3333,Embedded development--No standard library
3336,GUI--Graphics--Multimedia--Rendering--Visualization
3338,Hardware support
3343,Graphics
3349,Parser implementations
3352,Configuration
3374,Internationalization (i18n)--Text processing
3376,Data structures
3398,API bindings
3442,Parser implementations
3488,Hardware support
3489,Database interfaces--Parser implementations--Text processing
3508,Embedded development--Hardware support--No standard library
3522,Database interfaces
3552,Embedded development--Hardware support--No standard library
3569,Multimedia
3582,API bindings--Asynchronous
3589,API bindings--Cryptography--Development tools
3595,Command line utilities--Text processing
3601,Development tools--Text processing
3610,Web programming
3617,Parsing tools
3628,Asynchronous--Network programming
3637,Embedded development--Hardware support--No standard library
3676,Command-line interface
3689,Algorithms--Asynchronous
3708,Development tools
3724,Development tools--Encoding--Rust patterns
3726,Operating systems
3728,Development tools
3731,Command line utilities--Development tools
3733,Command line utilities
3739,Embedded development--No standard library--Parser implementations
3740,Parsing tools--Text editors
3761,Data structures
3763,Embedded development--No standard library
3764,Development tools
3792,Database interfaces
3801,Cryptography
3837,Algorithms--Data structures--Database interfaces
3845,Development tools
3851,Asynchronous--Filesystem--Network programming--Operating systems
3866,Cryptography
3873,Algorithms--Concurrency--Mathematics--Science
3922,Parser implementations--WebAssembly
3925,Asynchronous
3937,Game development--Game engines--Graphics--Rendering--WebAssembly
3939,Embedded development--Hardware support--No standard library
3942,Asynchronous--Concurrency--Development tools
3946,Visualization
3963,GUI--Graphics--Rendering--Science--Visualization
3978,Command line utilities--Network programming--Web programming
4021,Multimedia
4024,Game development--Network programming--Web programming--WebAssembly
4048,Algorithms--Compression--Multimedia--Science
4060,Concurrency--Data structures
4061,Command-line interface
4063,Asynchronous--Hardware support--Network programming
4079,Encoding--No standard library
4097,Cryptography--Data structures
4098,Asynchronous--Development tools
4111,Cryptography
4115,GUI
4124,Embedded development--No standard library
4138,Authentication--Command-line interface--Configuration--Filesystem
4139,Command-line interface--External FFI bindings--Multimedia--Rendering--Visualization
4166,API bindings--Development tools--Science
4180,Asynchronous--Development tools
4192,Text processing
4218,Game engines
4221,API bindings
4222,Database interfaces--External FFI bindings
4229,Command line utilities--Web programming
4238,Data structures
4240,Caching--Data structures
4243,Algorithms--No standard library
4250,Value formatting
4302,No standard library--Rust patterns
4312,Command line utilities--Compilers
4317,Algorithms--Cryptography
4335,Development tools
4359,Asynchronous--Development tools--Filesystem--Operating systems
4369,Algorithms--Database implementations
4386,Command line utilities
4414,External FFI bindings
4437,Authentication--Command line utilities--Cryptography--Games
4438,Algorithms--Mathematics--No standard library
4479,Development tools
4484,Date and time
4512,Compilers--Configuration--Game development--Parser implementations--Parsing tools
4533,Mathematics--Parser implementations--Science
4552,API bindings--Hardware support--Network programming--Operating systems
4585,Game engines--Graphics
4587,Cryptography--Mathematics
4595,Command line utilities
4611,Cryptography--No standard library
4632,Cryptography--Web programming
4637,Network programming
4649,Embedded development--Hardware support--No standard library
4652,Database interfaces
4686,Command line utilities--Development tools
4693,Development tools
4712,No standard library
4719,Encoding
4727,API bindings--Cryptography--External FFI bindings--Hardware support
4742,Network programming--Parser implementations
4753,Web programming
4754,Multimedia--Network programming
4771,Command line utilities--Text editors
4822,Command line utilities
4823,Network programming--Parser implementations
4830,Command line utilities--Development tools--Visualization
4838,Algorithms--Cryptography--Science
4862,Operating systems
4869,No standard library--Parsing tools
4884,Command line utilities--Command-line interface--Compilers--Cryptography--Development tools
4886,Asynchronous--Network programming
4906,Asynchronous--Network programming--Web programming
4910,Embedded development--Hardware support--No standard library
4929,Database interfaces--Parsing tools
4930,Concurrency
4967,Text processing
4972,Development tools--No standard library
4982,Science
4985,Internationalization (i18n)--Localization (L10n)--Web programming
4988,Compilers
5007,Graphics--Text processing
5021,Encoding
5029,Command line utilities--Network programming
5047,GUI
5048,Parser implementations--Web programming
5049,Development tools
5053,Asynchronous--Network programming--Web programming
5055,Algorithms--Data structures--No standard library
5096,Concurrency--Memory management--No standard library
5097,Concurrency--Game engines
5106,Filesystem
5153,API bindings--Configuration
5187,Multimedia
5280,Asynchronous--Network programming--Web programming
5294,Asynchronous--Concurrency--No standard library
5329,Embedded development--Hardware support--No standard library
5331,API bindings--Database interfaces
5361,Cryptography
5364,Embedded development--Hardware support--No standard library
5379,API bindings--Database interfaces
5388,Data structures
5404,Embedded development--Hardware support--No standard library--Science
5423,Asynchronous--Operating systems
5425,Asynchronous--Web programming
5428,Graphics
5443,Asynchronous--Embedded development--Hardware support--No standard library
5474,Data structures--Embedded development--Memory management--No standard library
5507,No standard library
5518,Asynchronous--Concurrency--Network programming
5558,Algorithms--Data structures--Science
5560,Algorithms--External FFI bindings--No standard library
5583,Asynchronous--Network programming--Web programming
5584,Filesystem
5585,Command line utilities--Filesystem
5589,Command line utilities
5626,Asynchronous--Web programming
5631,Cryptography--Development tools
5653,Algorithms--No standard library
5661,Command line utilities
5696,Asynchronous--Concurrency
5722,Parser implementations--WebAssembly
5725,Development tools--External FFI bindings
5728,Compression--Parsing tools--Web programming
5729,Data structures--Database implementations--Database interfaces
5735,Command line utilities
5763,External FFI bindings--WebAssembly
5789,Asynchronous--Network programming
5796,Data structures
5800,Embedded development--No standard library
5827,Compression
5829,Command line utilities--Development tools
5833,Command line utilities
5844,Multimedia
5845,API bindings--Algorithms--Science
5858,Data structures--Science
5872,Algorithms
5876,Algorithms
5902,Development tools
5930,Development tools--Rust patterns
5932,Command line utilities--Text processing
5941,API bindings--Compression--Encoding--External FFI bindings--Game development--Graphics
5959,Network programming
5986,Encoding
5987,Command line utilities
5994,Network programming
6007,Rust patterns
6021,API bindings
6035,API bindings--GUI--Web programming
6039,API bindings--External FFI bindings--Filesystem--Operating systems
6052,Encoding
6080,Concurrency--Embedded development--No standard library
6084,Parsing tools--Rendering
6088,Embedded development--Parsing tools
6106,Cryptography--Encoding
6137,Encoding
6142,GUI
6153,Network programming
6157,Data structures--Mathematics--Science
6180,Algorithms--Compression--Encoding
6184,Command line utilities--Email
6191,Network programming--Web programming
6202,Cryptography--Data structures--Encoding--Hardware support--Memory management--No standard library--Operating systems
6204,Asynchronous--Network programming
6206,Data structures--Memory management--No standard library
6240,Command line utilities
6264,Command line utilities--Graphics--Multimedia--Rendering
6304,Embedded development--Hardware support--No standard library
6307,API bindings
6319,Data structures--Encoding--Network programming
6322,Database interfaces
6325,Encoding--External FFI bindings--Hardware support--Parsing tools
6340,Command line utilities
6375,Command line utilities
6385,Filesystem--Operating systems
6388,Web programming
6396,Data structures
6404,Command line utilities--Development tools
6431,Filesystem--Operating systems
6436,Emulators--Games--Multimedia
6437,Multimedia--WebAssembly
6438,Concurrency--Game engines--Graphics
6466,Algorithms--No standard library
6503,Memory management--Rust patterns
6512,Encoding--Network programming
6536,Game engines--Network programming
6558,Command line utilities--Command-line interface--Parsing tools--Science
6574,Multimedia--Network programming--Parser implementations
6606,Parsing tools
6623,Cryptography--Filesystem
6627,Cryptography
6635,Command line utilities
6640,Command line utilities--Embedded development--Hardware support--No standard library
6644,Asynchronous--Development tools
6657,Asynchronous--Concurrency
6660,Network programming
6706,API bindings--Network programming--Operating systems
6707,Parsing tools--Text processing--Web programming
6741,Cryptography--Filesystem--Multimedia--Text editors--Web programming
6752,Command line utilities
6774,No standard library--Rust patterns
6776,Cryptography--No standard library
6782,Web programming
6785,Command line utilities
6801,Embedded development--Hardware support
6810,API bindings--External FFI bindings--Multimedia
6822,API bindings
6825,API bindings--External FFI bindings
6840,Embedded development--Simulation
6841,Command line utilities
6851,Encoding--No standard library
6854,Game engines--No standard library
6879,Cryptography
6886,Multimedia--Rendering
6887,Development tools
6895,Algorithms--Game development
6902,API bindings--Command-line interface
6936,Parsing tools--Text editors
6977,Embedded development--Hardware support--Multimedia--No standard library
7006,Emulators--Parser implementations
7052,Algorithms--Data structures
7058,Command line utilities
7060,Command line utilities
7088,Algorithms--Computer vision
7111,Science--Simulation
7132,Games
7135,Command line utilities--Filesystem--Science
7142,Development tools
7152,API bindings--External FFI bindings--Web programming
7155,Encoding--Network programming--Parsing tools
7216,Command-line interface
7229,Command line utilities--Multimedia
7233,Authentication--Web programming
7242,Asynchronous--Network programming--Web programming
7262,Development tools
7276,Command line utilities
7282,Command line utilities
7289,Algorithms--Data structures
7311,Development tools
7324,No standard library
7326,Compression--Data structures
7334,External FFI bindings--GUI
7354,Command line utilities
7362,Command line utilities--Development tools
7392,Command-line interface--Parsing tools
7395,Filesystem--Operating systems
7410,Multimedia
7418,GUI
7423,Authentication--Web programming
7439,API bindings
7441,Encoding
7453,Command-line interface
7464,Visualization
7477,Encoding--No standard library
7499,Development tools
7504,Data structures--Development tools--Embedded development--Mathematics--No standard library--Rust patterns--Science
7521,API bindings--Filesystem--Operating systems
7539,API bindings--External FFI bindings--Memory management
7545,Command line utilities--Command-line interface
7548,Asynchronous--Command line utilities--Development tools
7549,Network programming--Parsing tools
7570,Command line utilities
7590,Template engine
7614,GUI--Web programming
7635,Command line utilities--Text processing
7643,Cryptography
7645,Filesystem--Hardware support
7657,Command line utilities
7659,Text processing
7672,API bindings--Development tools
7674,Command line utilities--Hardware support
7695,Science
7704,Embedded development--No standard library--Rendering
7761,API bindings--Command-line interface--Game development
7815,External FFI bindings
7843,Template engine
7854,Concurrency
7858,Data structures
7862,Email
7870,API bindings--Games
7933,Web programming
7939,API bindings--GUI
7942,Command line utilities--Development tools--Encoding--Parsing tools
7945,API bindings--External FFI bindings--Graphics--Multimedia--Rendering--Visualization
7950,Database interfaces
7970,API bindings--Hardware support
7978,API bindings
7982,Database interfaces--External FFI bindings
8014,Game engines--Graphics
8029,Asynchronous--Concurrency--Development tools--Filesystem--Network programming
8038,Encoding--Memory management--Parsing tools--Text processing
8042,Command line utilities--Web programming
8043,Parser implementations
8060,Command line utilities--Filesystem
8068,Development tools
8069,API bindings--Multimedia
8079,Embedded development--Hardware support--No standard library
8081,Asynchronous
8087,Command line utilities
8096,Template engine
8107,API bindings--Hardware support--Operating systems
8109,Concurrency--Data structures--Memory management
8150,API bindings--Configuration
8181,Multimedia
8217,Algorithms--Data structures
8230,Data structures
8234,Algorithms--No standard library
8236,Game engines
8247,Network programming
8312,Command line utilities--Development tools--Template engine
8316,Caching
8319,Encoding--No standard library--Text processing
8345,Encoding--Internationalization (i18n)--Text processing--Web programming
8347,Visualization
8362,Data structures
8373,Command line utilities
8390,Embedded development--Memory management--No standard library--Web programming--WebAssembly
8395,Command line utilities
8406,Embedded development--Hardware support--No standard library
8425,Asynchronous--Concurrency
8469,Caching--Concurrency--Memory management
8506,Command-line interface--Parsing tools
8513,Asynchronous--Network programming
8516,API bindings--Hardware support
8528,Parser implementations
8536,Command line utilities--Development tools
8541,Science
8579,Command line utilities
8580,API bindings--External FFI bindings--Operating systems
8581,Command-line interface--Graphics--Mathematics--Science--Visualization
8629,Template engine
8630,Algorithms--Mathematics
8652,External FFI bindings
8665,Command line utilities--Encoding
8698,Network programming
8709,API bindings
8711,Embedded development--Hardware support--No standard library
8719,Embedded development--No standard library
8753,Compilers--Cryptography--Web programming
8757,Game engines
8765,Game engines
8771,External FFI bindings--GUI
8802,API bindings--Operating systems
8816,Command line utilities--Compilers
8822,External FFI bindings--No standard library--Operating systems
8836,Development tools
8848,Command line utilities--Visualization
8859,Command line utilities
8863,Development tools
8870,Text processing
8884,Development tools--Encoding--Parser implementations
8886,Network programming--Web programming--WebAssembly
8891,Authentication--Cryptography
8898,Command-line interface--Development tools--Text processing
8909,API bindings--Cryptography
8948,Algorithms
8951,Rust patterns
8958,Command line utilities--Cryptography
8963,API bindings--Web programming
8966,Concurrency
8986,Command-line interface--Development tools--Encoding--WebAssembly
8991,Text processing
8992,Command line utilities--Development tools
9000,Value formatting
9019,Database interfaces
9025,Encoding
9036,Science
9038,Parser implementations
9066,Command line utilities--Development tools
9093,External FFI bindings--Operating systems
9095,Data structures--GUI--Game engines--Graphics--Rendering
9096,Data structures
9105,API bindings--Operating systems
9107,Authentication--Web programming
9123,Cryptography--No standard library
9124,Parsing tools
9134,Asynchronous--Rust patterns
9161,Development tools--WebAssembly
9200,Asynchronous--Authentication--Command line utilities--Network programming
9208,API bindings--Database interfaces--Network programming--WebAssembly
9215,Internationalization (i18n)--Localization (L10n)--Operating systems--Value formatting--WebAssembly
9216,Algorithms--Caching--Data structures
9219,Command line utilities
9225,Cryptography
9245,Mathematics--No standard library--Science--WebAssembly
9262,Encoding--No standard library
9264,Embedded development--Hardware support--No standard library
9287,Data structures--No standard library
9308,Development tools--WebAssembly
9316,Development tools
9320,Command line utilities
9341,Operating systems
9353,Graphics
9355,Cryptography--Network programming--WebAssembly
9378,Text processing
9402,Data structures
9417,Algorithms--Science
9435,Algorithms--Text processing
9441,Network programming
9449,API bindings
9457,Asynchronous
9462,External FFI bindings
9464,API bindings--Operating systems
9484,Command line utilities
9485,API bindings--Algorithms--Mathematics--Science
9496,API bindings
9504,Asynchronous--Development tools--Network programming--Web programming
9524,Development tools--GUI--Game development--Visualization
9535,Game development--Parser implementations--Parsing tools--Rendering
9540,Visualization--WebAssembly
9559,Rendering
9563,Command-line interface--Development tools--Parser implementations--Parsing tools--Text processing
9574,Date and time
9582,Concurrency
9588,Algorithms--No standard library
9626,Encoding
9635,Embedded development--Hardware support--No standard library
9696,Science
9700,Development tools
9714,Web programming--WebAssembly
9730,Database interfaces--Network programming--Web programming
9746,Asynchronous--Concurrency
9754,Command line utilities--Development tools
9755,Web programming
9769,Parsing tools--Text editors
9771,API bindings--Development tools--Hardware support
9780,Game development--Network programming
9796,Science
9804,Web programming
9810,API bindings
9852,Network programming--Parser implementations
9873,Compression
9878,Data structures--No standard library
9883,Embedded development--Hardware support--No standard library
9895,No standard library--Rust patterns
9928,Rendering--WebAssembly
9945,Data structures--Text processing
9955,API bindings--Development tools--Network programming--Web programming
9962,Command line utilities
9990,Configuration--Encoding--Parser implementations--Parsing tools
9998,Command line utilities--Filesystem
10006,Embedded development--No standard library
10031,Development tools
10034,Command line utilities--Development tools
10046,Command line utilities--No standard library--WebAssembly
10062,API bindings--Development tools--Web programming
10072,Command line utilities
10089,Development tools
10096,Parsing tools--Text editors
10101,Algorithms--Cryptography--WebAssembly
10112,Emulators--GUI
10125,Asynchronous--Operating systems
10148,Cryptography--Data structures--Parsing tools
10152,Game engines--Multimedia
10164,Operating systems
10217,Memory management--No standard library--Rust patterns
10219,Compilers--Development tools--Encoding--Parser implementations--Parsing tools--Web programming
10234,No standard library
10245,Database interfaces
10256,Authentication--Web programming
10259,Asynchronous--Network programming
10260,Algorithms--Graphics--Science
10290,API bindings--Parser implementations--WebAssembly
10304,Network programming--Operating systems
10335,Parsing tools--Text editors
10338,Cryptography
10342,External FFI bindings
10367,Science
10369,API bindings--WebAssembly
10373,Development tools
10379,Memory management--No standard library--Rust patterns
10432,API bindings--External FFI bindings--No standard library--Operating systems
10442,API bindings--Operating systems
10466,API bindings--Filesystem
10503,Algorithms
10527,Command line utilities
10528,Command-line interface
10546,Cryptography--No standard library
10562,Web programming
10571,Asynchronous--Network programming
10581,Command line utilities
10593,Rendering
10612,Command line utilities
10616,Encoding
10631,Science--Simulation
10645,No standard library--Parsing tools
10654,Web programming
10671,API bindings
10699,Command-line interface--Development tools--Text processing
10746,Web programming
10747,Asynchronous--Embedded development--Hardware support--Network programming--No standard library
10757,Memory management--Rust patterns
10765,Command line utilities--Command-line interface
10770,API bindings
10777,Parsing tools
10782,Command line utilities
10793,Asynchronous--Encoding--Parser implementations--Parsing tools
10802,Science--Simulation
10804,Development tools--Game engines--Web programming
10812,API bindings--Embedded development--Hardware support--Network programming--Web programming
10827,Algorithms--Concurrency--Network programming--No standard library
10830,Network programming
10840,Rust patterns
10848,Parsing tools
10855,Cryptography
10868,Template engine--Web programming
10878,Command line utilities--Development tools
10883,Text processing
10889,Embedded development--No standard library--Science
10890,API bindings--Science
10919,Asynchronous--Concurrency--Network programming
10941,Filesystem--Operating systems
10995,API bindings--Web programming
11000,Compression
11012,Command line utilities--Compilers--Network programming
11022,Command-line interface
11053,Asynchronous--Network programming--Web programming
11103,Algorithms--Mathematics--Science
11110,Asynchronous
11132,Cryptography
11135,Data structures--Database implementations--Embedded development
11137,Command line utilities
11158,Emulators
11174,Hardware support
11198,Development tools--Text processing
11200,API bindings--Network programming
11203,Command line utilities--Text processing
11205,Algorithms--External FFI bindings
11211,Web programming
11226,Development tools--Operating systems
11251,Asynchronous--Concurrency
11276,Database interfaces
11303,API bindings
11315,Asynchronous--Encoding
11323,Development tools
11324,Data structures--Memory management--Operating systems
11336,Web programming--WebAssembly
11341,Command line utilities
11381,Cryptography
11395,API bindings--Asynchronous--Caching--Web programming
11409,Cryptography
11410,API bindings--Compilers--Development tools--No standard library
11419,Asynchronous--Filesystem
11428,Games--Mathematics
11441,Algorithms--Cryptography--No standard library
11443,Algorithms--Science
11449,Development tools
11458,API bindings--Cryptography--Data structures--Encoding--Network programming--Parser implementations
11468,Encoding--Parser implementations
11485,Encoding--Network programming--Parsing tools
11491,Cryptography--Development tools
11507,Development tools
11520,Network programming
11521,Embedded development--Hardware support--Network programming--No standard library
11522,Asynchronous--Network programming
11548,Mathematics--Science
11575,Development tools
11585,Command-line interface--Value formatting
11589,Cryptography--Email
11590,Rust patterns
11593,Internationalization (i18n)--Localization (L10n)--Web programming
11596,Algorithms--Data structures--No standard library
11647,Data structures--Science
11651,Development tools--No standard library
11655,Embedded development--Hardware support--No standard library
11656,API bindings--External FFI bindings--Rendering
11662,Internationalization (i18n)--Text processing
11706,Development tools
11730,Algorithms--Science
11745,Parsing tools
11755,Authentication--Command line utilities--Cryptography--Email
11759,Command line utilities--Command-line interface
11781,API bindings--External FFI bindings
11802,API bindings--Cryptography--External FFI bindings--Operating systems
11824,Command-line interface--Parser implementations
11838,Database interfaces--External FFI bindings
11845,Command line utilities
11848,Cryptography
11855,Command line utilities--Database interfaces
11872,Internationalization (i18n)--No standard library--Text processing
11876,Internationalization (i18n)
11878,Cryptography
11892,Configuration
11894,Parser implementations
11937,Command line utilities--Multimedia
11948,Data structures
11954,Command line utilities
11957,Email--Network programming
11964,Command line utilities--Development tools--Parsing tools
11976,Command line utilities
12007,Algorithms--Concurrency--Data structures--Database interfaces--Date and time--Parser implementations--Science--Text processing
12015,Command line utilities
12022,Concurrency--WebAssembly
12038,Network programming--Parsing tools
12057,API bindings--Asynchronous--Data structures--Development tools--Multimedia--Network programming--Web programming--WebAssembly
12058,API bindings--WebAssembly
12061,API bindings--Operating systems
12127,Encoding
12140,Command line utilities--Command-line interface--Parser implementations
12151,Algorithms--Data structures--Embedded development--No standard library
12160,Parser implementations--Parsing tools
12186,No standard library
12194,Encoding
12215,Data structures
12217,Algorithms
12221,Command line utilities
12226,Cryptography
12235,Command line utilities
12238,API bindings--External FFI bindings--GUI
12240,Algorithms--Data structures
12313,Parser implementations--Rendering
12327,Algorithms--Cryptography
12360,Algorithms--No standard library
12366,Embedded development--Hardware support--No standard library
12400,Command line utilities--Command-line interface
12416,Algorithms--Graphics--Mathematics
12421,Asynchronous--Network programming
12423,API bindings--Filesystem--Parsing tools
12437,Asynchronous--Concurrency--Network programming
12450,Command line utilities--Development tools
12477,Algorithms--Mathematics
12507,Cryptography--Mathematics--Science
12526,Multimedia--Science
12533,Command line utilities--Development tools
12558,Command line utilities
12562,Command-line interface
12570,GUI--Game development
12606,Encoding--Web programming
12641,Command line utilities
12647,Asynchronous--GUI--Web programming--WebAssembly
12650,Multimedia
12699,Operating systems
12707,Algorithms--GUI--Science
12715,API bindings
12726,Development tools
12765,Development tools
12767,API bindings--Database implementations--Database interfaces
12774,Concurrency--Data structures
12783,Command line utilities--Cryptography--Data structures--Encoding
12790,Algorithms--Science
12804,Command line utilities--Development tools--Parser implementations
12815,Embedded development--Hardware support--No standard library--Science
12829,Development tools
12878,Science--Simulation
12885,Development tools--Text editors
12887,Web programming
12888,Encoding--Parsing tools
12945,Command-line interface
12953,Database interfaces
12958,API bindings--Memory management--Operating systems
12986,API bindings--Asynchronous--Command line utilities--Cryptography--Development tools--Encoding--External FFI bindings--Hardware support--Operating systems--Parsing tools
13024,Encoding--Parsing tools--Text processing
13028,API bindings--Development tools
13042,No standard library--WebAssembly
13047,Cryptography
13051,Command line utilities--Command-line interface--Email
13062,Development tools--Network programming
13066,Command line utilities--Development tools--Embedded development
13078,Parser implementations
13095,Date and time
13105,Cryptography--Hardware support
13117,Encoding
13127,GUI--Network programming
13184,Development tools
13190,Development tools
13209,Cryptography--Hardware support--Operating systems--Parsing tools
13215,Encoding--No standard library
13241,External FFI bindings--Network programming--Operating systems
13268,Algorithms--Command line utilities--Command-line interface--Parsing tools
13274,Development tools--No standard library--Rust patterns
13314,Development tools
13323,Development tools
13359,Algorithms
13386,Network programming
13393,API bindings--External FFI bindings--GUI
13409,API bindings
13416,Embedded development--Hardware support--No standard library
13440,API bindings--External FFI bindings
13452,Parser implementations--Science
13472,Game development--Multimedia
13487,Encoding
13491,Command line utilities
13515,Web programming
13516,Data structures--Parsing tools
13523,Algorithms--Rust patterns
13548,API bindings--Science
13553,Asynchronous
13566,API bindings--Asynchronous--Command line utilities--GUI--Parsing tools
13577,Encoding--Parser implementations
13583,Cryptography--No standard library
13609,Cryptography--No standard library
13615,Algorithms--Mathematics
13642,Command line utilities--Text processing
13649,Algorithms--Data structures--Science
13657,Embedded development--Network programming
13668,Embedded development--Game development--Hardware support--No standard library
13679,Development tools
13692,Data structures--Filesystem
13714,Development tools
13731,Command line utilities
13734,Game development
13748,No standard library--WebAssembly
13774,Command line utilities--Encoding--Multimedia--Network programming--Parser implementations
13782,API bindings--Asynchronous--External FFI bindings--Operating systems
13808,Game development--Game engines
13820,Command line utilities
13828,Database implementations--Web programming
13830,Parser implementations--Parsing tools--Text editors
13836,API bindings--External FFI bindings
13841,Cryptography
13842,External FFI bindings--Multimedia
13859,Command line utilities--Text processing
13911,Development tools
13916,Command line utilities--Configuration
13940,Algorithms--No standard library--Science
13943,Command line utilities--Science--Simulation
13950,Command line utilities
13957,Concurrency
13963,Database implementations
13981,Development tools--Filesystem--Parsing tools--Text processing
13983,GUI--Graphics
13993,Concurrency--Development tools--External FFI bindings
14002,Development tools--Embedded development
14014,Configuration--Data structures--Development tools--Parser implementations
14017,Asynchronous--Network programming
14036,Configuration--Hardware support--Network programming--No standard library--Operating systems
14049,API bindings--Memory management--Operating systems
14075,API bindings--Cryptography--External FFI bindings
14079,Algorithms--Games
14098,Data structures
14109,Date and time--Internationalization (i18n)--Operating systems
14121,Encoding--Network programming
14122,Cryptography--Data structures--Parsing tools
14159,Command line utilities--Filesystem--Operating systems
14175,Data structures
14210,API bindings--Compilers--Emulators--Science
14215,No standard library--Rust patterns
14216,Game engines--Network programming
14225,Multimedia
14248,Command line utilities
14266,Embedded development--Hardware support
14274,Command line utilities
14282,GUI
14283,Authentication--Cryptography--Data structures--Date and time--Encoding--Internationalization (i18n)--Network programming--No standard library--Parser implementations--Parsing tools
14287,Multimedia
14288,Development tools
14300,Graphics
14322,Command line utilities
14325,External FFI bindings--Science--Simulation--Visualization
14330,Command line utilities--Web programming
14349,Command-line interface--Filesystem
14352,Data structures--Mathematics--Multimedia
14366,Command line utilities
14378,Science
14380,Memory management
14389,Game development
14402,Data structures
14409,Encoding
14418,Development tools
14426,Network programming--Web programming
14476,Command line utilities--Development tools
14507,Embedded development--Hardware support--No standard library
14511,Multimedia
14525,Encoding--Graphics--Multimedia--Visualization
14541,Network programming
14546,API bindings
14552,Embedded development--Multimedia--No standard library
14570,Parsing tools
14575,No standard library--WebAssembly
14585,Algorithms--Cryptography--No standard library--WebAssembly
14600,Parser implementations
14621,Algorithms
14631,Database interfaces
14645,Data structures--No standard library
14647,Web programming
14671,Web programming
14680,Algorithms--Science--Simulation--Visualization
14688,Data structures--Database implementations--Development tools--Science
14691,Development tools
14696,Embedded development--Hardware support--No standard library
14704,Algorithms--No standard library--Science
14711,WebAssembly
14718,Cryptography
14724,Development tools--Network programming--Simulation
14764,Concurrency
14785,Cryptography
14805,Parsing tools
14815,Encoding--Web programming
14821,Command line utilities
14826,Configuration--Development tools--Parser implementations
14859,Parsing tools
14862,API bindings--External FFI bindings--Operating systems
14864,Network programming
14869,Email
14879,Science--Simulation
14886,Asynchronous--Network programming
14906,Science
14942,Asynchronous--Concurrency
14955,Concurrency--Filesystem--No standard library
14987,Database interfaces
14988,Science
14992,Caching--Data structures
14999,Hardware support
15010,Algorithms
15034,Authentication--Web programming
15046,Concurrency--Data structures
15099,Filesystem--Web programming
15101,Database implementations
15104,External FFI bindings--Graphics
15105,Development tools
15131,API bindings--Asynchronous--Concurrency--Configuration--Web programming
15137,Data structures--Encoding--Memory management--No standard library
15173,Parsing tools--Science
15180,API bindings--Network programming
15188,Command line utilities--Development tools
15192,Database interfaces--Web programming
15202,Game engines--Multimedia
15227,API bindings--Memory management--Operating systems
15245,Command-line interface
15256,Data structures
15262,Command line utilities--Encoding--Parsing tools--Web programming
15278,Embedded development--No standard library
15294,Aerospace--Algorithms--No standard library--Parser implementations--Science
15324,Asynchronous--Cryptography--Filesystem--Parsing tools
15335,Development tools--Embedded development--Web programming
15338,Development tools
15340,Cryptography
15351,Memory management--Network programming
15360,Game development--Graphics
15367,Data structures
15408,Science--Simulation
15413,Authentication--Cryptography--Data structures--Encoding--No standard library--Parser implementations
15418,Data structures--Parsing tools
15449,API bindings--Asynchronous--Development tools
15450,Command line utilities--Science
15453,Compression--External FFI bindings
15457,Development tools
15478,Asynchronous--Cryptography
15507,Multimedia--Science
15519,Algorithms--Cryptography--Science
15529,Web programming
15538,Database interfaces
15549,Asynchronous--Concurrency--Rust patterns
15576,Cryptography--Science
15580,Encoding--Network programming--Parsing tools
15599,Data structures
15601,Compilers--Emulators--Parser implementations--Science
15602,Algorithms--Science
15644,Multimedia
15645,Cryptography--No standard library
15649,Network programming--Operating systems
15656,Game engines
15690,Development tools
15696,Filesystem
15704,Command line utilities--Command-line interface--Parsing tools--Science
15710,Data structures
15711,Embedded development--Hardware support--No standard library
15723,Asynchronous--Network programming
15736,External FFI bindings
15761,Asynchronous--Network programming--Operating systems
15772,Web programming
15788,Game engines--Parser implementations
15803,Asynchronous--Parser implementations--Web programming
15804,Data structures
15830,API bindings--Operating systems--Rendering
15831,API bindings--Operating systems--Rendering
15835,Command line utilities
15840,Web programming
15851,Cryptography
15852,Asynchronous--Network programming
15861,Algorithms--Game engines--No standard library
15888,External FFI bindings--Multimedia
15938,Command-line interface--Development tools--Embedded development--External FFI bindings--Hardware support
15940,API bindings--Asynchronous
15961,Encoding
15964,API bindings--Development tools--External FFI bindings
15979,API bindings--Development tools--External FFI bindings
15989,Data structures--Development tools--No standard library--Parsing tools
15994,Embedded development--Hardware support--No standard library
16006,API bindings
16010,Development tools
16024,Command line utilities--Development tools--Parser implementations--Parsing tools
16063,API bindings--Development tools
16081,Asynchronous--Web programming
16098,Database interfaces
16101,Game engines
16110,Accessibility--Multimedia--Science
16117,API bindings--Database interfaces
16159,Algorithms--No standard library
16180,Command line utilities--Development tools
16193,Internationalization (i18n)--Localization (L10n)
16210,Command line utilities
16240,Embedded development--Hardware support
16264,WebAssembly
16309,Development tools
16325,No standard library--Virtualization--WebAssembly
16336,Development tools--Text processing
16339,Parsing tools--Web programming--WebAssembly
16359,API bindings--Database interfaces
16368,Command line utilities
16389,API bindings--Database interfaces
16396,Command line utilities
16410,Development tools--Web programming
16421,Template engine
16445,Asynchronous--Concurrency
16466,Embedded development--Hardware support--No standard library
16480,Command line utilities
16499,API bindings--External FFI bindings--Filesystem--Network programming
16502,Asynchronous--Concurrency--Game development--Game engines
16516,Text processing
16526,Cryptography--No standard library
16537,No standard library--Rust patterns
16584,Development tools--Hardware support--Memory management
16592,API bindings--Asynchronous--Operating systems
16604,API bindings
16629,Cryptography--No standard library
16631,Asynchronous
16657,Game development--Game engines
16672,External FFI bindings
16687,No standard library--WebAssembly
16710,Development tools
16711,Science
16712,API bindings--Embedded development--Hardware support--Network programming--Web programming
16715,External FFI bindings--No standard library
16718,Concurrency
16721,Asynchronous--Database interfaces--External FFI bindings
16734,Compilers--Parsing tools
16765,Graphics--Mathematics--No standard library
16770,No standard library--WebAssembly
16777,External FFI bindings--Game engines--Multimedia--Rendering
16796,Command line utilities--Development tools
16809,Data structures--Rust patterns
16815,Data structures
16829,No standard library
16843,Embedded development--No standard library
16856,Command line utilities--Development tools
16933,Command line utilities--Development tools
16939,Command line utilities--Science
16940,Asynchronous--Network programming--Web programming
16946,Embedded development--Graphics--No standard library
16947,Command line utilities--Parser implementations
16961,No standard library--Rust patterns
16967,Network programming
16981,Multimedia
17005,Operating systems
17012,Data structures--No standard library
17063,Embedded development--Hardware support--No standard library
17098,Algorithms--Science
17105,Parsing tools
17119,Science
17128,Web programming
17139,Data structures--Graphics--No standard library
17167,Graphics--Mathematics--Science
17170,Data structures--Encoding--Parser implementations
17185,Embedded development--Hardware support--No standard library
17240,No standard library
17267,Command line utilities--Database interfaces--Filesystem
17283,Command line utilities--Configuration--Development tools--Embedded development--Hardware support
17309,Embedded development--Hardware support--No standard library
17314,API bindings--Hardware support--Operating systems
17321,Development tools
17376,GUI
17389,Algorithms--Data structures--Science
17390,API bindings
17406,Command line utilities--Hardware support--Science
17423,Network programming--Parser implementations
17430,API bindings--External FFI bindings--Multimedia
17456,Operating systems
17467,Development tools
17474,Command line utilities--External FFI bindings
17484,Algorithms--Development tools
17491,Asynchronous--Network programming--Simulation
17497,Algorithms
17523,GUI--Web programming--WebAssembly
17526,Asynchronous
17555,GUI--Multimedia--Operating systems--Rendering
17560,Algorithms--Multimedia--No standard library
17573,Command line utilities--Data structures--Encoding--Parser implementations
17602,Parser implementations
17620,Asynchronous--Concurrency--Network programming--Parser implementations
17621,No standard library--Rust patterns
17623,Embedded development--No standard library--Parser implementations--WebAssembly
17637,Asynchronous--Network programming
17641,Cryptography--WebAssembly
17643,Development tools
17650,API bindings
17676,Command line utilities--Development tools
17690,Encoding--No standard library
17719,Algorithms--Command line utilities
17807,Network programming--Web programming
17817,Command line utilities
17834,API bindings
17905,Algorithms
17918,Algorithms--Cryptography--Science
17919,Cryptography--No standard library
17922,Command line utilities
17929,Embedded development--No standard library
17942,Data structures--No standard library
17948,Algorithms--Development tools--Parsing tools--Simulation--Text processing
17964,API bindings--Concurrency
17977,Parser implementations
17994,Science
18000,Mathematics--Science--Simulation
18003,API bindings--Compilers
18007,API bindings--Game development--Network programming
18013,API bindings--Cryptography--Development tools--WebAssembly
18014,Algorithms--Data structures--Memory management
18023,Command line utilities--Command-line interface--Filesystem
18032,Memory management--No standard library--Rust patterns
18037,Algorithms--Cryptography--Memory management--No standard library--Rust patterns--Science--WebAssembly
18072,Emulators--WebAssembly
18079,Parser implementations
18131,Authentication
18160,Parser implementations--Parsing tools--Text processing
18170,Command line utilities
18176,No standard library
18182,Asynchronous--Cryptography--Network programming
18204,Configuration--Parsing tools
18231,Encoding--Web programming
18255,Science--Simulation
18282,API bindings--Database interfaces
18287,Operating systems
18293,Science
18300,API bindings
18321,Cryptography--Database interfaces--Development tools--Network programming
18350,Parser implementations
18351,Science
18363,Command line utilities--Text editors
18365,Development tools--Parsing tools
18373,API bindings
18380,Database implementations--Database interfaces
18399,Command line utilities
18400,Asynchronous--Data structures--Rust patterns--Web programming
18416,Command line utilities
18417,Command line utilities
18418,Data structures
18439,Encoding--Parsing tools
18441,Accessibility--Multimedia--Parser implementations
18442,Encoding
18491,Network programming--Web programming
18493,Game engines--Rendering
18494,Command line utilities--Development tools
18497,Authentication--Command line utilities--Cryptography
18499,Operating systems--Virtualization--Web programming
18501,Command line utilities--Development tools
18505,GUI--Operating systems
18516,WebAssembly
18528,Algorithms
18529,Command line utilities
18545,Parsing tools--Text editors--Text processing--WebAssembly
18555,Data structures
18578,Database interfaces
18586,No standard library--Parsing tools
18598,API bindings--Database interfaces--Parser implementations--Rendering--Science
18602,WebAssembly
18604,WebAssembly
18622,Game development--Game engines--Graphics--Multimedia--Rendering
18633,Command line utilities--Development tools
18638,Cryptography
18645,API bindings--Science--Simulation
18673,Algorithms--External FFI bindings--Science
18724,Cryptography
18743,Data structures
18748,Hardware support
18770,Data structures--No standard library
18771,Network programming--Parser implementations
18788,Parsing tools--Text editors
18810,Asynchronous--Network programming--Web programming
18820,Embedded development--No standard library
18824,No standard library
18833,Email--Web programming
18856,API bindings--Database interfaces--External FFI bindings
18863,Cryptography--Network programming
18869,API bindings--Asynchronous--External FFI bindings--Network programming
18877,API bindings--Concurrency--Encoding--Operating systems
18887,Encoding--Parsing tools
18888,Caching
18914,Compression
18943,API bindings
18949,Graphics--Text processing
18963,Web programming
18971,Web programming
18972,Cryptography--WebAssembly
18988,Embedded development--Hardware support--No standard library
18989,Concurrency--Data structures
19003,Email--Parsing tools
19004,Games
19005,Data structures--Encoding--Parser implementations
19014,Command-line interface
19020,Command line utilities--Development tools
19036,Development tools
19038,API bindings--Authentication--Operating systems
19049,No standard library
19053,API bindings--WebAssembly
19055,External FFI bindings
19083,Algorithms--Science
19084,Asynchronous--Concurrency
19085,Multimedia
19094,Asynchronous--Concurrency--Cryptography--Data structures--Encoding
19103,Encoding--Parsing tools--Text processing
19107,Command line utilities
19119,Game development--Mathematics--Science--Simulation--WebAssembly
19125,Command line utilities--Filesystem
19127,Cryptography--No standard library
19134,Encoding--Network programming
19138,Asynchronous
19148,Date and time
19149,Text processing--Web programming
19152,Command-line interface
19164,API bindings--Asynchronous--Development tools--Web programming--WebAssembly
19178,Asynchronous--Concurrency--Data structures
19183,Game engines--Graphics
19228,No standard library--Rust patterns
19234,Asynchronous--Concurrency
19236,Command-line interface--GUI
19308,Rendering
19366,Cryptography
19371,Web programming
19383,Parser implementations--Science
19411,Command line utilities
19414,Cryptography
19436,Development tools--Embedded development--Hardware support
19455,Command line utilities--No standard library--Science
19457,Authentication--Cryptography--No standard library
19466,Command line utilities--Configuration--Development tools
19485,Command line utilities--Science--Simulation
19488,Cryptography
19490,Cryptography--Hardware support--No standard library
19497,Mathematics
19505,Database interfaces
19522,Algorithms--Data structures
19535,Command line utilities--Multimedia
19548,Embedded development--Hardware support
19560,Date and time
19575,API bindings
19588,Caching
19604,Parser implementations
19605,Encoding--No standard library--Parser implementations
19606,Parser implementations--WebAssembly
19616,Authentication--Command line utilities
19622,Command line utilities
19655,Rendering
19657,Parsing tools--Text processing--Web programming
19674,Development tools--External FFI bindings
19681,Algorithms--Cryptography
19688,Text processing
19692,Command line utilities
19708,Cryptography
19720,Development tools--Embedded development--Hardware support
19740,Development tools
19744,Command line utilities
19757,Asynchronous--Hardware support
19790,Development tools
19804,Command line utilities--Data structures--Parsing tools--Rendering--Science
19826,Command line utilities--Web programming
19832,Command-line interface
19886,API bindings--Asynchronous
19926,Asynchronous--Concurrency
19937,Cryptography--Web programming--WebAssembly
19942,Network programming
19951,Mathematics--Science
19954,Development tools
19983,Parsing tools
19995,Graphics
20002,Game engines
20003,Web programming
20017,Text editors
20025,Web programming
20028,Development tools
20045,Network programming--No standard library--Parser implementations--Web programming
20050,Parser implementations
20056,Algorithms--Cryptography--No standard library
20099,Command line utilities--Network programming--Web programming
20145,Embedded development--Hardware support--No standard library
20157,Development tools
20165,Science
20174,Filesystem--Operating systems
20184,API bindings--Asynchronous--Web programming
20186,Command line utilities--Development tools
20196,Asynchronous--Network programming--Web programming
20198,Asynchronous--Network programming--Web programming
20219,Development tools
20226,Data structures
20246,Asynchronous--Game development--Parser implementations--Parsing tools--Rendering
20251,Authentication
20267,Cryptography
20283,Network programming--Web programming
20285,Games
20295,Data structures--Encoding--No standard library--Parsing tools
20322,Cryptography--No standard library
20332,Development tools
20333,Asynchronous--Network programming
20334,Development tools
20341,External FFI bindings
20369,Command-line interface--Configuration--Text editors
20372,Science--Simulation
20379,Data structures--Embedded development--No standard library--Rust patterns
20388,Date and time--Encoding--Network programming--Parser implementations
20391,Cryptography
20397,GUI--Graphics--Multimedia
20434,Parsing tools
20437,Rust patterns
20440,Cryptography--Development tools--Encoding--Parsing tools
20474,API bindings--Asynchronous--Network programming
20478,GUI
20503,Parsing tools
20507,Network programming
20524,Web programming
20547,Embedded development--No standard library--Parser implementations
20551,Embedded development--Hardware support--No standard library
20559,Filesystem
20568,Command line utilities
20589,Rendering
20590,No standard library--Rust patterns
20592,API bindings
20606,Parser implementations
20623,Parsing tools
20630,Embedded development--No standard library
20633,Cryptography--Encoding--No standard library
20641,Embedded development--Hardware support--No standard library
20648,Cryptography--Encoding
20651,Science
20667,Network programming--Web programming
20671,Embedded development--Hardware support--No standard library
20678,API bindings
20688,Algorithms
20710,API bindings--Multimedia--Operating systems
20724,Embedded development--No standard library
20736,Network programming
20739,Cryptography--Mathematics
20747,Multimedia
20750,Encoding--Parser implementations
20756,Asynchronous--Command line utilities--Command-line interface--Concurrency--Development tools
20775,Cryptography--Database interfaces
20795,Command line utilities
20803,Parser implementations--Science
20804,API bindings
20831,API bindings--Asynchronous
20832,Date and time
20853,Development tools
20869,Algorithms--Asynchronous--Data structures
20888,Parsing tools--Text editors
20890,Encoding
20904,API bindings--Asynchronous
20927,Algorithms--Mathematics
20944,Embedded development--Multimedia--No standard library
20955,Asynchronous--Network programming--Web programming
20959,Development tools--Operating systems
20965,API bindings
20968,Authentication--Filesystem
20970,Internationalization (i18n)--Text processing
21002,Encoding
21022,Embedded development--Hardware support--No standard library
21044,Parsing tools--Text processing--Web programming
21061,Database interfaces
21063,API bindings--GUI
21071,Command line utilities
21078,Algorithms--Cryptography--Data structures--Mathematics--No standard library
21081,Cryptography
21093,Cryptography--No standard library
21133,Embedded development--No standard library
21144,Hardware support--No standard library
21145,Concurrency--Data structures--No standard library
21150,Asynchronous--Database interfaces
21151,Command line utilities--Development tools
21160,Algorithms--Cryptography
21166,Command line utilities--Encoding--Filesystem--Parsing tools
21172,Command line utilities--Development tools--WebAssembly
21174,Rendering
21179,Command line utilities
21186,Science
21206,Command line utilities--Development tools--Embedded development--Parsing tools--Visualization
21208,Embedded development--Hardware support--No standard library
21211,API bindings--Network programming
21216,Command line utilities--Development tools--Embedded development
21237,Web programming
21244,Parser implementations
21246,Data structures--No standard library
21249,Command line utilities
21254,API bindings--Authentication--Command-line interface--Cryptography--Encoding--Filesystem--Memory management--Network programming--No standard library--Operating systems--Parser implementations--Web programming
21271,Parsing tools--Text editors
21309,Data structures
21320,Database implementations
21324,Mathematics--Science
21341,Development tools
21389,Multimedia--Science--Visualization
21396,Command line utilities
21408,Command line utilities
21411,Command line utilities
21426,Graphics--Multimedia--Rendering
21463,Embedded development--Hardware support--No standard library
21465,Rust patterns
21495,Compilers
21529,Embedded development--Hardware support--No standard library
21548,Asynchronous--Memory management
21569,Asynchronous--Command line utilities--Network programming
21576,No standard library--Parser implementations--Value formatting
21577,Template engine--WebAssembly
21588,Authentication--Command line utilities--Filesystem
21590,Cryptography--Data structures
21600,Database interfaces--Network programming
21610,Command-line interface
21627,Command line utilities
21636,Visualization
21647,Data structures--Database interfaces--Embedded development--Encoding--No standard library
21648,Command line utilities
21660,No standard library--Text processing
21662,Encoding--Text processing
21708,Cryptography
21734,Embedded development
21735,Development tools
21740,Data structures
21751,Concurrency
21762,Multimedia
21772,Algorithms--Command line utilities--Multimedia
21775,API bindings--Web programming
21776,Computer vision--Cryptography--Development tools--No standard library--WebAssembly
21782,Game development--Game engines--Games
21783,Parser implementations--Parsing tools
21807,Asynchronous--Development tools--Network programming--Web programming
21811,Algorithms--Data structures--No standard library
21834,Concurrency--Data structures
21861,Cryptography--No standard library
21874,Cryptography--Hardware support
21875,Cryptography
21883,Command-line interface--Data structures
21886,Cryptography--No standard library
21889,Algorithms--Science
21898,API bindings--Science
21904,Command line utilities--Multimedia
21907,WebAssembly
21917,Simulation
21934,Command line utilities
21939,Embedded development--No standard library
21947,Games
21953,Parsing tools
21980,GUI--Games--Rendering
22023,Parser implementations--Parsing tools
22059,Cryptography
22093,External FFI bindings--GUI--Multimedia--Rendering
22105,Development tools
22107,WebAssembly
22112,Command line utilities
22120,Development tools
22125,Cryptography--External FFI bindings--Hardware support
22127,Web programming--WebAssembly
22133,Science
22136,Data structures
22174,Template engine
22180,Parser implementations--Parsing tools
22190,Command line utilities--Network programming
22203,Web programming
22222,API bindings--Database interfaces
22251,Algorithms--Cryptography--External FFI bindings
22268,API bindings--External FFI bindings
22276,Database interfaces
22302,API bindings--Asynchronous--Encoding--Network programming
22311,Embedded development--No standard library--WebAssembly
22315,Development tools--Parser implementations
22328,Command line utilities--Visualization
22335,Cryptography--No standard library
22338,Command line utilities
22347,Graphics--Rendering
22357,Games--Mathematics--Science
22381,No standard library
22398,Algorithms
22404,Encoding
22411,Command-line interface--Development tools
22412,Command line utilities
22431,Multimedia
22435,Cryptography--Database interfaces--No standard library
22461,Rust patterns
22466,Development tools
22478,Command line utilities--Embedded development--Hardware support--No standard library
22479,Multimedia--Text processing
22480,Command line utilities
22484,Cryptography
22503,Development tools--Game development
22518,Command line utilities--Multimedia--Network programming
22522,Algorithms--Data structures
22524,Algorithms--Cryptography
22527,Encoding--Parsing tools
22533,Embedded development--Network programming--No standard library
22552,Data structures
22571,API bindings--Asynchronous--Command line utilities--Concurrency--Development tools--Filesystem--Network programming--Text processing--Web programming
22595,Algorithms--Authentication--Cryptography
22600,Command line utilities
22605,Algorithms--Asynchronous
22614,Development tools
22626,Asynchronous--Network programming--Web programming
22631,Template engine--Web programming--WebAssembly
22673,Web programming--WebAssembly
22700,Science--WebAssembly
22703,Algorithms--Cryptography--No standard library--WebAssembly
22719,Cryptography--No standard library
22727,Development tools--Embedded development--Hardware support
22738,Email
22749,API bindings--WebAssembly
22769,API bindings--Development tools--Web programming
22777,Command line utilities--Compilers--Graphics--Parser implementations
22788,Command line utilities
22790,Algorithms--Cryptography
22791,Text processing
22812,Data structures--No standard library
22818,Compilers--Cryptography--Emulators--Mathematics--No standard library
22819,API bindings--Command line utilities--Date and time
22830,API bindings
22866,Algorithms--Caching--Concurrency--Data structures--External FFI bindings--Memory management--No standard library--Operating systems
22888,Database interfaces
22909,Science--Simulation
22933,Hardware support
22944,Mathematics--Science
22957,GUI
22978,Cryptography--Encoding--No standard library
23005,Development tools--Network programming--Web programming
23010,API bindings
23015,Asynchronous--Concurrency
23024,API bindings--Web programming
23037,Embedded development--No standard library
23040,Data structures
23042,Encoding--Mathematics--Rendering
23045,API bindings
23053,Template engine--Web programming
23054,Cryptography
23062,Caching--Data structures
23068,Web programming
23071,Embedded development--No standard library
23073,Development tools
23076,Database interfaces--Parsing tools
23089,Algorithms--Data structures--No standard library--Science
23095,Development tools
23105,API bindings
23112,GUI--Web programming--WebAssembly
23121,Operating systems
23126,Development tools
23140,API bindings--Compression--External FFI bindings
23143,Development tools--Parsing tools
23146,External FFI bindings--No standard library--Operating systems
23169,Compilers--Encoding--Parser implementations--Parsing tools--Text processing
23170,Rust patterns
23180,Cryptography--No standard library--Web programming
23190,Cryptography--No standard library
23196,Embedded development--No standard library
23204,Games
23209,Parser implementations
23214,Data structures--Embedded development--No standard library--WebAssembly
23215,Mathematics--Science
23221,Parser implementations
23234,Asynchronous--Compression
23238,Data structures--Text processing
23272,Embedded development--No standard library
23296,Command line utilities--Command-line interface--Value formatting
23300,Command-line interface
23318,Cryptography--No standard library
23330,Command line utilities--Compression--Encoding--Game development--Games
23337,Command line utilities--No standard library--Parser implementations--Science--WebAssembly
23345,Web programming
23347,WebAssembly
23349,No standard library
23368,Concurrency--Data structures
23421,No standard library--Parsing tools
23439,Command line utilities--Development tools
23449,Memory management
23455,Command line utilities
23506,Embedded development--No standard library--Parser implementations
23510,Algorithms--Compression--Multimedia--Science
23515,API bindings--External FFI bindings--Multimedia
23526,Parser implementations
23548,Cryptography--No standard library
23567,Parsing tools--Text processing
23571,Command line utilities
23593,Development tools
23607,Development tools
23614,Data structures--Memory management--No standard library
23647,Concurrency--No standard library
23655,Command line utilities
23671,API bindings--Cryptography--External FFI bindings
23679,Development tools
23723,Development tools
23729,Data structures--Game engines
23730,Cryptography--Network programming
23745,API bindings--Cryptography
23747,Concurrency--Memory management--No standard library--Operating systems
23750,Internationalization (i18n)--Localization (L10n)
23760,Hardware support
23767,Database interfaces
23774,Algorithms--Compression--Mathematics--Science
23775,Network programming
23784,Hardware support
23806,Embedded development--No standard library
23828,API bindings--Asynchronous--Concurrency--Filesystem--Network programming
23829,API bindings--Cryptography
23841,Command line utilities--Text processing
23846,Cryptography
23866,Web programming--WebAssembly
23888,Command line utilities--Configuration
23902,Asynchronous--Concurrency--Embedded development--Hardware support--No standard library
23910,Compilers--Parser implementations
23924,Command line utilities
23953,Science--Simulation
23954,Algorithms--Date and time--Encoding--Internationalization (i18n)--Localization (L10n)
23955,API bindings--GUI--Operating systems
23964,Data structures--Encoding
23983,Mathematics--Science
24000,External FFI bindings
24009,Command line utilities--Email
24011,Web programming
24042,Operating systems
24050,Data structures--Network programming
24054,Game engines
24093,API bindings
24103,Command line utilities--Configuration
24127,Command line utilities--Development tools--Mathematics--Memory management
24139,Command line utilities--Configuration--Cryptography--Data structures--Database implementations--Encoding--Network programming
24146,No standard library
24156,Cryptography--External FFI bindings
24168,WebAssembly
24184,Command line utilities
24224,Command line utilities--Cryptography
24251,Date and time
24253,Command line utilities
24263,GUI
24282,Database interfaces
24286,Concurrency--Data structures--Science
24298,Command line utilities--Development tools--Science--Simulation
24299,API bindings--Command line utilities--Command-line interface--Data structures
24329,Concurrency--No standard library
24331,External FFI bindings
24407,Command line utilities
24418,Concurrency--Data structures--Game development--No standard library
24443,API bindings--Cryptography--Development tools--External FFI bindings
24449,Asynchronous--Network programming--Web programming
24458,Embedded development--Hardware support--No standard library
24472,API bindings
24485,Network programming--No standard library
24492,Development tools
24509,Multimedia
24515,Network programming
24524,API bindings--Asynchronous
24530,Network programming
24542,Science
24547,Parsing tools
24555,Mathematics--Science
24578,Authentication--Cryptography
24587,Algorithms--Data structures
24591,Command line utilities
24594,Command line utilities--Development tools
24603,Encoding--Parsing tools--WebAssembly
24605,Web programming
24630,Database interfaces
24644,Cryptography--No standard library
24657,Internationalization (i18n)--Text processing
24687,Command line utilities--Concurrency--Development tools--Filesystem
24698,API bindings
24701,Development tools
24704,Multimedia--Parsing tools--Rendering
24724,Encoding--Multimedia
24804,External FFI bindings--Hardware support
24811,API bindings--Asynchronous--Web programming
24818,Graphics
24825,Data structures--Database implementations
24861,Development tools--GUI
24888,Parsing tools--Template engine--WebAssembly
24961,Data structures--Network programming--Parsing tools
24964,Development tools
24973,Command line utilities--Development tools--Filesystem
24978,Embedded development--No standard library
24979,Encoding
24989,Data structures
25004,Encoding
25033,Algorithms--Data structures
25051,Embedded development--Network programming
25057,Embedded development--Encoding--Parsing tools
25069,Cryptography
25076,Multimedia
25100,Game development--Network programming
25109,Data structures--Mathematics--Science
25110,API bindings
25118,Embedded development--No standard library
25121,Internationalization (i18n)--Web programming
25130,Network programming--Parser implementations
25135,Command line utilities--Development tools--WebAssembly
25145,API bindings--Command line utilities--Development tools
25163,Computer vision--Graphics
25170,Date and time--No standard library--Parser implementations--Value formatting
25175,Science
25194,No standard library--Science
25200,Algorithms--Mathematics--Science
25207,Development tools--Embedded development--Hardware support
25218,GUI--Multimedia--Rendering
25242,Algorithms--Authentication--Cryptography
25261,Command line utilities
25263,Development tools
25292,Command line utilities--Database interfaces
25294,Embedded development--No standard library
25299,Data structures--Encoding--Web programming
25301,Asynchronous--Concurrency--Database implementations--Database interfaces
25304,Command line utilities
25333,Cryptography--Embedded development--No standard library
25339,API bindings
25358,Algorithms--Game development--Game engines--Games--No standard library
25369,Command line utilities
25374,Network programming
25383,Data structures--Text processing--Value formatting
25390,Text processing
25391,Algorithms--Data structures--External FFI bindings--Memory management
25398,Command line utilities--Games
25399,Encoding--Parser implementations--WebAssembly
25423,Compression
25434,Rust patterns
25455,Command line utilities--Games
25477,Asynchronous--Embedded development--No standard library
25505,Date and time
25513,Game engines
25525,Parsing tools--Science
25536,Algorithms
25537,Command line utilities--Games
25539,No standard library
25544,Development tools--Network programming
25560,Encoding--Network programming--Parsing tools
25566,API bindings--Hardware support--No standard library
25568,Multimedia--Visualization
25578,Email--Network programming--Parser implementations
25583,Science
25608,Algorithms
25628,Development tools
25631,Embedded development--No standard library
25641,API bindings--Multimedia
25642,API bindings--Command line utilities
25651,API bindings
25668,Graphics--Rendering--Visualization--Web programming--WebAssembly
25670,Algorithms--Data structures
25672,Multimedia
25678,Game engines--Graphics--Rendering
25700,No standard library
25728,Network programming--Parsing tools
25740,API bindings--Multimedia
25748,Algorithms--Data structures--Science
25781,Filesystem
25795,Command line utilities--Operating systems
25805,Development tools
25821,Command line utilities
25822,Simulation
25826,Data structures--Development tools
25833,Filesystem
25867,API bindings--Authentication--Command line utilities--Cryptography--Email
25872,Caching--Filesystem
25874,Cryptography
25877,API bindings--Network programming--Operating systems
25883,Command line utilities--Command-line interface--Development tools--Parser implementations
25891,Cryptography--No standard library
25945,Command line utilities
25981,Operating systems
26005,API bindings--External FFI bindings
26009,API bindings--External FFI bindings--Multimedia
26016,Game engines
26036,Network programming
26039,Command line utilities
26043,API bindings--External FFI bindings
26056,Text processing
26070,Date and time--No standard library--Parser implementations--Value formatting
26110,Concurrency--Cryptography--Emulators--Network programming
26133,API bindings
26137,Algorithms--Data structures--Parser implementations--Parsing tools--Text processing
26177,Asynchronous--Web programming
26178,API bindings--GUI
26185,Command line utilities--Graphics--Rendering
26190,Command line utilities
26223,Asynchronous--Network programming--Parser implementations--Web programming
26245,Cryptography--Encoding--Parsing tools
26263,Command-line interface--Configuration--Development tools
26264,Command line utilities--Development tools--Web programming--WebAssembly
26280,Command line utilities--Development tools--Web programming
26283,Development tools
26298,Web programming
26323,Embedded development--No standard library
26330,Command line utilities
26349,Web programming
26355,Web programming
26359,Data structures
26371,Compilers--Cryptography--Embedded development--Emulators--No standard library
26381,Asynchronous--Development tools--GUI
26389,Filesystem--Operating systems
26400,Value formatting
26410,API bindings--Algorithms--Data structures--Mathematics--Science
26413,Embedded development--Hardware support--No standard library
26417,Multimedia
26428,Asynchronous--Web programming
26430,Algorithms--Data structures
26432,API bindings--Network programming--Web programming
26459,Algorithms--Data structures
26462,Command line utilities
26463,Algorithms--Data structures--Science
26478,Algorithms--Text processing
26491,Command line utilities
26495,Asynchronous--Network programming
26513,Network programming--Parser implementations
26516,Embedded development--Hardware support--No standard library--Operating systems
26528,Configuration--Encoding--WebAssembly
26554,Date and time
26559,Science
26600,Network programming
26619,Command line utilities
26643,Command line utilities
26649,Data structures--Embedded development--No standard library
26692,Algorithms--Rust patterns
26695,Web programming
26712,Multimedia
26724,Command line utilities
26728,Science
26753,Data structures
26761,No standard library
26771,Embedded development--Hardware support--No standard library
26774,Data structures
26781,Development tools
26825,Command line utilities--Command-line interface
26847,Command line utilities--Science
26851,Development tools
26856,Command line utilities--Data structures--Parsing tools--Science
26861,Command line utilities
26862,API bindings
26867,Asynchronous--Network programming--Web programming
26900,GUI--Game development--Game engines--Graphics--Multimedia--Rendering--WebAssembly
26934,Development tools
26940,Web programming
26947,Parser implementations
26954,Command line utilities--Command-line interface--Filesystem
26967,Network programming--Web programming
26968,Data structures--No standard library--Parsing tools
26970,Command line utilities
26987,Algorithms--Cryptography--No standard library--Science
26998,Algorithms--Cryptography
27000,Command line utilities
27006,Development tools--GUI--Multimedia--Visualization
27040,GUI
27065,Development tools
27085,Filesystem
27092,Web programming
27094,Data structures
27101,API bindings--External FFI bindings
27115,Embedded development--No standard library
27130,Science
27138,Command line utilities--Development tools
27140,Asynchronous--Network programming--Web programming
27148,Encoding--Parser implementations
27152,Games--Rendering
27158,Embedded development
27187,Parsing tools
27188,Compression--Data structures
27193,Embedded development--Hardware support
27194,Asynchronous--Cryptography--Data structures--Database interfaces--Network programming--Rust patterns
27195,Command line utilities
27199,Command line utilities
27231,External FFI bindings--No standard library--Operating systems
27232,Embedded development--Hardware support--No standard library--Science
27233,Authentication--Command line utilities--Command-line interface--Cryptography--Network programming
27249,Science
27279,Command line utilities--Development tools
27299,Algorithms--Development tools--Embedded development--Science--Simulation
27304,Embedded development--No standard library
27317,Cryptography
27326,Command line utilities--No standard library
27336,Command-line interface--GUI
27339,API bindings--External FFI bindings--GUI--Rendering
27353,API bindings--Development tools--Hardware support
27400,API bindings--Command-line interface--Data structures--No standard library--Web programming
27420,Emulators
27426,Embedded development--No standard library
27447,Parser implementations
27463,Compilers--Cryptography--Mathematics--Web programming--WebAssembly
27502,Command line utilities--Text processing
27512,Web programming
27541,Command line utilities
27542,API bindings--Web programming
27548,Hardware support
27554,Cryptography--Science
27578,Data structures--Graphics
27588,Algorithms--Computer vision--Mathematics--No standard library--Science
27592,Command-line interface
27599,Development tools
27606,Data structures--GUI--Game engines--Graphics--Multimedia
27614,Encoding--No standard library
27628,Asynchronous--Network programming--Operating systems
27642,API bindings--Database interfaces--External FFI bindings
27652,API bindings
27665,Encoding
27683,Command line utilities--Game engines--Games
27690,Command line utilities
27699,Development tools--Encoding--No standard library
27711,Asynchronous--Network programming
27735,Template engine
27750,API bindings--Operating systems
27763,WebAssembly
27780,Data structures--No standard library
27782,Embedded development--Network programming--No standard library
27796,API bindings
27806,Game engines
27821,Asynchronous--Database interfaces
27839,Asynchronous--Cryptography--Network programming
27860,Command-line interface--Parser implementations--Rendering--Science--Text processing
27901,Cryptography
27918,External FFI bindings--Science
27930,API bindings
27934,Graphics--Text processing
27935,Cryptography
27948,Multimedia
27982,Game development--Network programming
28002,Mathematics--Science
28003,Operating systems
28010,Algorithms--Science
28035,Algorithms--Command line utilities--Games--Science--Visualization
28054,Algorithms
28076,Date and time
28113,Algorithms--Mathematics
28121,Command-line interface
28129,Command line utilities
28130,Command line utilities
28137,Database interfaces--External FFI bindings
28156,Cryptography--Development tools--No standard library--WebAssembly
28163,Data structures--Encoding--Parser implementations
28170,Algorithms
28182,External FFI bindings--No standard library--Operating systems
28196,Algorithms--Cryptography--Mathematics--Science
28202,Command line utilities--Web programming
28209,Encoding
28211,Command line utilities--Development tools
28221,Rust patterns--Web programming
28245,API bindings--Data structures--WebAssembly
28248,API bindings--Parser implementations--Parsing tools--Text editors
28254,External FFI bindings
28272,Command line utilities--Multimedia
28274,Command line utilities--Development tools
28282,Simulation
28286,Encoding
28292,Command line utilities
28309,Data structures
28314,No standard library
28320,Encoding--Network programming
28321,Computer vision--WebAssembly
28374,Development tools
28386,Command line utilities
28387,Development tools
28409,Command line utilities
28415,Asynchronous
28423,Encoding
28435,Database interfaces
28462,Cryptography
28555,API bindings--Science--Simulation
28558,Embedded development--Hardware support--No standard library
28560,Command-line interface--GUI
28564,Game engines
28602,Game development--Network programming
28603,Command-line interface--Text processing
28606,Data structures--Hardware support--Mathematics
28610,Development tools
28611,Cryptography--Embedded development--External FFI bindings
28617,Embedded development--Hardware support--No standard library
28619,No standard library
28622,Command line utilities--Command-line interface
28634,Parser implementations
28655,Algorithms--Data structures--Graphics--Visualization
28670,API bindings--Encoding--Web programming
28678,Development tools--Encoding
28686,Algorithms--Mathematics--Science
28687,GUI
28690,Database interfaces
28710,Database interfaces
28727,API bindings--External FFI bindings--Network programming
28740,Data structures--No standard library
28747,API bindings--Multimedia
28750,Development tools
28767,Parser implementations
28768,Development tools
28772,Database interfaces--External FFI bindings
28813,Command line utilities
28826,Development tools--Embedded development--Emulators--No standard library--Operating systems
28834,Parser implementations
28842,Memory management--No standard library
28845,Development tools
28847,GUI--Graphics--Rendering
28867,Asynchronous--Network programming
28868,Algorithms--Cryptography--WebAssembly
28869,No standard library--Simulation
28879,API bindings--Cryptography
28902,Embedded development--Hardware support--No standard library
28907,Parsing tools
28908,Database interfaces--External FFI bindings
28914,Parser implementations
28952,Cryptography--Network programming
28986,Command line utilities--Network programming--Template engine--Web programming--WebAssembly
28990,Cryptography
29057,Command line utilities--Development tools
29108,Configuration--Database implementations--Database interfaces
29124,Development tools
29139,Encoding
29140,Algorithms--Science
29141,Algorithms--Cryptography--No standard library--WebAssembly
29157,Command line utilities--Embedded development--WebAssembly
29159,Command-line interface--Filesystem
29172,Asynchronous--Network programming--Web programming
29181,Command-line interface--GUI
29199,Cryptography--Filesystem--Web programming--WebAssembly
29211,Date and time--Parser implementations
29246,GUI
29259,Data structures--Multimedia--Visualization
29286,Game development--Multimedia--Rendering
29319,Science
29331,Asynchronous--Cryptography--Network programming
29372,Cryptography--No standard library
29385,Compression--No standard library
29436,Development tools
29447,Development tools--External FFI bindings--Hardware support--No standard library
29449,Cryptography--No standard library
29469,Algorithms--Data structures--No standard library
29476,Command-line interface--Encoding--Visualization
29503,API bindings--Embedded development--No standard library
29515,API bindings--Computer vision--Embedded development--No standard library
29517,Command line utilities
29538,API bindings--Database interfaces--Network programming--WebAssembly
29543,Filesystem--Web programming
29544,Embedded development--No standard library
29548,Data structures--Database implementations
29575,Web programming
29595,GUI
29598,Development tools--Parser implementations--Template engine
29642,Command line utilities
29657,Cryptography--Network programming
29664,Parser implementations
29669,Internationalization (i18n)--Text processing
29685,API bindings--Asynchronous
29696,Embedded development--Hardware support--No standard library
29711,Embedded development--Hardware support--No standard library
29717,Command line utilities--Text processing
29734,Concurrency--Embedded development--No standard library
29757,Embedded development--No standard library
29758,API bindings--Asynchronous--External FFI bindings
29763,Command line utilities
29784,Embedded development--Hardware support
29791,Authentication
29793,Games
29832,Algorithms--Encoding
29836,Graphics--Visualization
29841,Concurrency--Data structures
29843,Command line utilities--No standard library
29844,Asynchronous--Network programming
29862,Algorithms--Filesystem
29867,Command line utilities--Multimedia
29879,Games
29910,Parser implementations
29917,Multimedia
29924,Game engines--Rendering
29925,Parser implementations
29926,Cryptography--Development tools
29967,API bindings
29982,Network programming
29990,Algorithms--Science--Simulation
29993,Rust patterns
30000,Command-line interface--Operating systems
30037,Command line utilities--Network programming
30040,Encoding--No standard library--Parsing tools
30051,Data structures--Development tools
30078,Command line utilities
30127,Asynchronous
30162,Text processing
30188,Command line utilities--Development tools
30195,API bindings--Database interfaces
30230,Algorithms--Science
30236,Asynchronous--Database interfaces--Parser implementations--Web programming
30242,Mathematics
30245,Asynchronous--Data structures--Database implementations--Database interfaces
30256,API bindings--Network programming--Operating systems
30269,Parsing tools
30270,Command line utilities--Template engine--Web programming
30281,Concurrency--Memory management--No standard library
30285,Command line utilities--Parser implementations--Text processing
30292,Command line utilities--Development tools
30324,API bindings--Concurrency--Hardware support--Rust patterns--Science
30335,Command line utilities--Development tools--Parsing tools
30345,Command line utilities--Filesystem
30350,Caching--No standard library
30356,Development tools
30385,Game development--Parsing tools
30390,Concurrency--Database implementations--Database interfaces
30419,Date and time--Filesystem--Network programming--Operating systems
30426,Development tools
30435,Encoding--Parser implementations
30438,Cryptography
30481,Embedded development--No standard library--Operating systems--WebAssembly
30504,Visualization
30570,Development tools
30597,Asynchronous--Rust patterns
30602,Encoding
30603,Text processing
30628,Rust patterns
30636,Command line utilities
30645,Games
30647,Development tools--Web programming
30668,Parsing tools
30684,Parser implementations
30696,Asynchronous--Web programming
30703,API bindings--Hardware support
30706,API bindings--External FFI bindings
30722,Text processing
30728,Network programming
30746,Asynchronous--Development tools
30758,Parsing tools--Text editors
30763,Game development--Multimedia
30802,Command line utilities--Development tools--Embedded development
30827,Command line utilities
30853,Asynchronous--Network programming
30878,API bindings--Network programming
30893,Cryptography--Network programming
30916,API bindings--Development tools--External FFI bindings--Operating systems
30941,Encoding
30944,Science--Simulation
30946,Text processing--Web programming
30977,Data structures
30984,Embedded development--Hardware support--No standard library
31000,Cryptography--External FFI bindings
31007,Command line utilities
31029,Development tools
31034,API bindings--Memory management--Operating systems
31052,API bindings
31066,Asynchronous
31128,Caching--Filesystem
31140,Database interfaces
31148,Command line utilities--Parsing tools--Science
31154,API bindings--Science
31161,Algorithms
31168,Data structures--No standard library--Rust patterns
31170,No standard library
31195,Development tools--Science
31219,Asynchronous--Network programming
31225,Data structures
31238,Asynchronous--Concurrency--Database interfaces
31253,Development tools--Web programming--WebAssembly
31269,Data structures--No standard library
31308,API bindings--External FFI bindings--Network programming--No standard library--Operating systems
31330,Embedded development--Memory management--No standard library
31336,Asynchronous--Caching--Database interfaces--Network programming
31337,Command line utilities--Filesystem
31399,Multimedia
31420,Command line utilities--Command-line interface--Multimedia
31423,Data structures--Hardware support
31424,Command line utilities--Science
31427,Development tools
31429,Encoding
31430,No standard library
31438,Command line utilities
31445,Compilers--Development tools--Filesystem--Hardware support--Multimedia
31473,Web programming
31483,Multimedia
31509,Multimedia
31512,Cryptography
31514,Date and time--No standard library--Parser implementations--Value formatting
31515,Embedded development
31530,API bindings--Graphics--Memory management--Operating systems
31533,Command line utilities
31535,Filesystem
31538,API bindings--Development tools--WebAssembly
31545,API bindings
31567,Parsing tools
31571,Embedded development--Hardware support--No standard library
31572,Graphics--Multimedia--No standard library
31577,Asynchronous--Game development
31587,Embedded development--Network programming--No standard library
31598,No standard library--Rust patterns--Science
31613,Cryptography
31618,API bindings--External FFI bindings--Internationalization (i18n)--Text processing
31620,Data structures--Database interfaces--Web programming
31624,External FFI bindings
31628,Embedded development--Hardware support--No standard library
31638,API bindings--External FFI bindings--Operating systems
31642,Asynchronous--Network programming
31656,Date and time--Development tools
31658,Development tools--Parser implementations--Text editors
31664,Command line utilities
31678,API bindings--Development tools
31679,Command line utilities--Parsing tools
31682,Command line utilities--Science
31692,Asynchronous--Concurrency--Encoding--Network programming
31695,Command line utilities--Development tools
31723,Embedded development--Hardware support--No standard library
31730,Multimedia
31765,Data structures--Text processing
31769,API bindings--Web programming
31788,Cryptography
31797,Asynchronous--Compression
31812,Development tools--Rust patterns
31837,Parsing tools
31838,Date and time
31842,Development tools
31886,Cryptography--Data structures--Parsing tools
31892,Development tools
31894,Development tools
31902,Encoding
31903,Asynchronous--Concurrency--Filesystem--Network programming--Operating systems
31919,Network programming
31938,Graphics
31939,Authentication--Cryptography--Encoding--No standard library--Parser implementations
31954,Caching--Compression--Concurrency--Data structures--Memory management
31958,Command line utilities
31963,Database interfaces
31979,Development tools
31987,Science
31993,Algorithms--Parser implementations--Parsing tools--Text processing
32022,Asynchronous--Caching
32032,Development tools
32068,Cryptography
32070,Game development--Simulation
32085,Compression--Data structures--Encoding
32094,Development tools--Mathematics--Science--Simulation
32100,Encoding--Parsing tools
32105,Command line utilities
32107,Multimedia
32130,Cryptography--No standard library
32138,API bindings--External FFI bindings--Hardware support--No standard library
32139,Mathematics
32157,API bindings--Configuration
32167,Cryptography--No standard library
32175,Asynchronous--Caching--Cryptography--Database interfaces--Filesystem
32180,Data structures
32185,Concurrency--Data structures--No standard library
32206,API bindings--Authentication--Cryptography--Operating systems
32210,No standard library--WebAssembly
32215,Hardware support
32222,Parsing tools--Text editors
32269,Command line utilities--Development tools
32305,Algorithms--Cryptography
32322,Web programming
32330,Command line utilities
32332,Network programming--Web programming
32340,Science
32352,Data structures--Database implementations--Embedded development--No standard library
32364,Development tools
32378,Command line utilities
32392,Asynchronous--Web programming
32394,Command line utilities--Web programming
32419,Development tools--Parsing tools
32426,External FFI bindings
32428,Command line utilities--Compression--Encoding
32446,Data structures--No standard library
32467,Command line utilities
32486,No standard library--Science--Value formatting
32504,API bindings--Web programming
32506,No standard library
32523,Algorithms--Concurrency--Data structures--Database implementations--Database interfaces--Hardware support--Mathematics--Rust patterns--Science--Web programming
32572,Parser implementations
32576,Command line utilities--Science
32586,Email--Network programming
32614,Encoding--No standard library--Parsing tools
32619,API bindings--External FFI bindings--Game engines--Graphics
32624,Command line utilities
32633,API bindings--External FFI bindings--WebAssembly
32635,API bindings
32641,Cryptography--Development tools--No standard library--WebAssembly
32699,Encoding--Network programming
32707,Database interfaces
32739,Command line utilities
32749,Web programming
32816,Development tools--Text processing
32817,Algorithms--Data structures--Parser implementations--Science
32833,Game engines
32834,Development tools
32922,Cryptography--Parser implementations
32945,Embedded development--Multimedia--No standard library
32956,Command line utilities--Parser implementations
32966,External FFI bindings
32979,Command line utilities
32980,Data structures--Parsing tools--Text editors--Text processing
33006,Parsing tools
33018,Algorithms--Asynchronous--Caching--Concurrency--Data structures--Database implementations
33038,Development tools--Parser implementations
33041,Command line utilities--Science
33051,Compilers
33068,Asynchronous--Concurrency--Network programming
33069,API bindings--Cryptography--External FFI bindings--Operating systems
33078,API bindings--Algorithms
33083,Network programming
33085,Data structures--Development tools--Encoding--Parser implementations
33105,API bindings--Database interfaces
33134,API bindings--Asynchronous--Web programming
33157,Command line utilities--Command-line interface--Hardware support--Operating systems
33173,Science
33174,Parsing tools--Science
33188,Text processing
33198,Network programming
33219,Development tools
33222,Asynchronous--Concurrency
33242,Embedded development--No standard library
33243,Command line utilities--Mathematics
33255,Cryptography--Hardware support
33267,Network programming
33290,Science
33293,Rendering
33337,Asynchronous
33338,Asynchronous--Concurrency--Rust patterns
33340,Graphics--Rendering--Visualization
33350,Algorithms--Encoding--Graphics--Rendering
33363,API bindings--Multimedia
33414,Embedded development--No standard library
33424,Embedded development--Hardware support--No standard library
33429,Algorithms--Parsing tools
33438,Network programming
33443,GUI
33455,Algorithms--Data structures
33477,Asynchronous--Concurrency
33540,Development tools--Encoding
33559,API bindings--Rendering
33575,Embedded development--Hardware support--No standard library
33583,Text processing
33593,Command line utilities--Compression
33603,Visualization
33605,Embedded development--No standard library
33613,Emulators--Science
33636,Command line utilities
33645,Parsing tools--Text editors
33653,Command line utilities--Visualization
33664,Hardware support--Memory management--No standard library
33672,GUI
33684,Encoding--Parsing tools--Rendering
33688,Cryptography
33749,Science--Simulation
33757,Command line utilities
33764,Cryptography
33776,WebAssembly
33781,Development tools
33784,Development tools--Filesystem
33798,Data structures--Encoding--Memory management
33807,External FFI bindings--Filesystem--Operating systems
33844,Database interfaces
33846,Command-line interface--Development tools
33851,Data structures--Database interfaces--Development tools
33874,Asynchronous--Network programming
33896,Development tools
33909,Configuration
33915,API bindings--Asynchronous--Concurrency--External FFI bindings--Hardware support--Science
33921,Memory management
33937,Text processing
33955,Database interfaces
33959,Authentication--Cryptography
33971,Compression--Game engines--Multimedia--No standard library--Rendering
33974,Hardware support
33978,Development tools
33987,Cryptography--WebAssembly
33992,Asynchronous--Command line utilities--Hardware support--Operating systems
34000,Multimedia
34048,Encoding
34075,Embedded development--Mathematics--No standard library--Science
34079,Encoding--Multimedia--Parser implementations
34082,Command line utilities--Development tools
34085,Compilers
34090,Algorithms--Science
34105,Encoding
34113,Algorithms--Data structures--No standard library--Science
34117,API bindings--GUI
34126,Algorithms--Science
34136,External FFI bindings--Operating systems
34158,Data structures--Encoding--Memory management--Parser implementations
34160,Web programming
34173,API bindings--Rendering
34182,API bindings
34189,Data structures--No standard library
34207,Data structures
34262,Multimedia--Network programming
34263,Development tools--Parser implementations
34277,Science
34279,Configuration--Embedded development--No standard library--Parsing tools--Rust patterns
34308,Science
34330,Command line utilities
34332,Data structures--No standard library
34340,Science
34375,Graphics
34381,API bindings--Command line utilities
34385,Parser implementations
34409,Command line utilities
34432,Command line utilities
34447,Parser implementations
34488,Parsing tools--Text editors
34505,Rendering
34528,Concurrency
34541,Encoding
34542,Parser implementations--Parsing tools
34578,GUI--Game development--Game engines--Graphics--Rendering
34581,Command line utilities
34597,Database implementations
34602,Cryptography
34603,Command-line interface
34610,WebAssembly
34612,GUI--Hardware support--Operating systems--Rendering
34630,API bindings
34669,Algorithms--Data structures
34695,API bindings
34701,Command line utilities--Science
34731,API bindings--Caching--Command-line interface--Data structures--No standard library--Operating systems--WebAssembly
34761,Asynchronous--Database interfaces
34765,Compression
34769,Embedded development--Hardware support--No standard library
34779,GUI--Game development--Graphics--Mathematics--Web programming
34791,Cryptography--No standard library
34792,Embedded development--No standard library
34825,Development tools--Embedded development--Hardware support
34827,Email--Network programming
34836,API bindings--Rendering
34844,Development tools
34854,Aerospace
34874,Cryptography--WebAssembly
34882,Configuration
34884,Asynchronous--Operating systems
34890,API bindings
34916,Encoding--Parser implementations--Web programming
34929,Game engines--Rendering
34964,API bindings--GUI
34982,Command line utilities--Cryptography
34986,Web programming
35008,Encoding--Parser implementations
35027,API bindings--Authentication--Cryptography--Hardware support
35046,Embedded development--Hardware support--No standard library
35060,Development tools--External FFI bindings
35076,Asynchronous--Network programming
35094,Development tools--Network programming--Web programming
35095,Configuration--Data structures--Operating systems--Parsing tools
35106,API bindings
35107,Authentication--Cryptography
35114,Cryptography
35128,Data structures
35129,Development tools--GUI--Rendering
35134,Command line utilities--Development tools--Visualization
35137,Embedded development--Hardware support--No standard library
35157,Command-line interface--Date and time
35167,API bindings--Cryptography--External FFI bindings
35172,API bindings--WebAssembly
35173,API bindings--Development tools--Operating systems
35205,Command line utilities
35217,External FFI bindings--Internationalization (i18n)
35252,Parsing tools
35256,No standard library
35283,Game development
35303,Authentication--Command line utilities--Web programming
35308,Multimedia
35337,Command line utilities
35350,Development tools
35356,Concurrency
35369,Development tools
35370,Rendering--WebAssembly
35445,Configuration--Operating systems
35474,Multimedia
35491,Embedded development--No standard library
35508,Development tools
35521,Cryptography--No standard library
35533,Encoding--No standard library--Parser implementations
35541,Operating systems
35545,Game development--Graphics
35581,Authentication--Command line utilities
35587,Algorithms--Rust patterns
35592,Algorithms--Game development--Mathematics
35632,Command line utilities
35639,Encoding
35644,Parsing tools
35653,Parsing tools--Text editors
35659,Development tools
35677,Embedded development--No standard library
35682,Command line utilities--Configuration--Data structures--Email--Network programming--Parsing tools
35749,GUI
35771,Compression
35802,Algorithms
35809,Parsing tools
35833,Development tools
35845,Command line utilities--WebAssembly
35853,Algorithms
35860,Game development--Graphics--Multimedia--Visualization
35863,Data structures--Parsing tools
35865,Cryptography
35884,Network programming
35902,Embedded development--No standard library
35908,Algorithms--Cryptography
35930,Cryptography--WebAssembly
35939,Development tools
35941,Cryptography--Encoding--Parser implementations
35951,Compression--Multimedia
35964,API bindings--Database interfaces--Parser implementations
35971,Command line utilities--Development tools
35977,API bindings--Command line utilities--Parsing tools--Text editors
35987,Concurrency
35991,Database interfaces--Development tools
36013,Command line utilities
36014,Game development--Network programming--Web programming--WebAssembly
36043,Network programming
36099,API bindings--Multimedia
36108,Multimedia
36114,Development tools--Web programming
36137,Data structures--Development tools
36156,Cryptography--No standard library--WebAssembly
36172,Cryptography--Data structures--Parsing tools
36173,Data structures
36174,Embedded development--Game development--No standard library
36207,Embedded development--Hardware support--No standard library
36208,Web programming
36211,GUI
36229,Command line utilities
36253,Encoding
36275,Internationalization (i18n)--No standard library--Text processing
36279,GUI--Games--Graphics
36289,Development tools
36293,Asynchronous--Cryptography--Network programming--No standard library--Web programming
36298,Network programming--Science
36302,Mathematics--Science
36316,Authentication
36324,Command line utilities
36325,Asynchronous--Web programming
36329,Filesystem
36330,Development tools--Encoding--Parser implementations--WebAssembly
36341,Data structures
36342,Command line utilities
36356,Parsing tools--Rendering
36368,API bindings--Filesystem
36381,API bindings
36382,GUI
36399,Command line utilities--Parsing tools--Text processing
36415,Embedded development--Hardware support--No standard library
36426,Development tools--Parser implementations
36433,Embedded development--Network programming
36434,Embedded development--Hardware support--Mathematics--No standard library--WebAssembly
36437,Embedded development--Hardware support--Operating systems
36470,GUI--Operating systems
36495,Rendering
36504,Cryptography
36505,Parsing tools--Web programming
36527,API bindings--Asynchronous--Web programming
36553,Cryptography
36554,Data structures--Text processing
36573,Command line utilities--Development tools
36591,Web programming
36594,Operating systems
36606,Encoding
36635,Game engines--Graphics
36662,Graphics--Visualization
36684,Operating systems--Parser implementations
36697,Parsing tools
36705,Game engines
36706,API bindings--Multimedia
36775,Algorithms--Science
36778,Multimedia
36780,Algorithms--Data structures
36788,Parsing tools--Text editors
36791,Parsing tools--Text editors
36819,Command line utilities
36830,Embedded development--Hardware support--No standard library
36832,Encoding--No standard library
36837,No standard library
36863,Data structures--No standard library--Parser implementations--WebAssembly
36864,Hardware support--No standard library
36866,No standard library--WebAssembly
36873,Rendering
36877,Text processing
36892,API bindings--Memory management
36907,Development tools
36914,API bindings--Cryptography
36918,Data structures--No standard library--Rust patterns
36925,No standard library
36955,API bindings
36967,Network programming
36969,Game development--Multimedia--Rendering
36985,Database interfaces
37012,Algorithms--No standard library--Rust patterns
37022,Embedded development--No standard library
37023,Development tools--Embedded development--No standard library--Value formatting
37026,API bindings--Command line utilities--WebAssembly
37040,Rust patterns
37059,Game development--Network programming--Web programming--WebAssembly
37064,Algorithms--Data structures
37067,Hardware support--Network programming--Operating systems--Parsing tools
37078,Parsing tools--Text editors
37086,Mathematics
37089,Algorithms--Concurrency--Data structures--Memory management--No standard library
37122,Web programming
37123,Command line utilities--Development tools--Parser implementations--Parsing tools--Text processing--Web programming
37125,Algorithms--Cryptography
37137,Development tools
37138,Command-line interface
37157,API bindings
37158,Concurrency--Embedded development--No standard library
37185,Algorithms--Science
37192,Data structures--Network programming
37203,Science--Visualization
37209,Development tools
37211,Command-line interface--Parser implementations--Science
37228,Encoding
37243,Algorithms--Data structures
37245,Filesystem--Operating systems
37256,Command line utilities--Filesystem
37257,GUI
37266,Authentication--WebAssembly
37275,Data structures
37300,API bindings--Asynchronous
37340,API bindings--External FFI bindings--Multimedia
37342,Asynchronous--Network programming
37351,Multimedia
37372,Concurrency--Embedded development--No standard library
37377,Command line utilities--Command-line interface--GUI
37417,Configuration--Memory management
37420,Encoding
37421,Asynchronous--Web programming
37423,Embedded development--Hardware support--No standard library
37429,API bindings--Authentication--Operating systems
37433,Command line utilities--Mathematics--Science
37455,API bindings--Science
37461,Mathematics--Science--Simulation
37507,Command line utilities--Template engine--Value formatting
37524,GUI
37547,Parsing tools
37551,Embedded development--No standard library
37567,Command line utilities--Command-line interface
37585,Web programming
37598,API bindings--External FFI bindings--Filesystem--Operating systems
37600,API bindings
37601,Filesystem
37619,Filesystem
37668,API bindings
37674,No standard library
37699,Graphics--Multimedia
37702,Algorithms
37710,Authentication--Cryptography
37716,Mathematics--Science
37730,API bindings--Asynchronous--Database implementations--Network programming--Parser implementations
37738,API bindings
37758,Science
37764,Command line utilities
37765,API bindings--Asynchronous--Rendering
37771,Encoding
37774,Graphics
37807,Command line utilities--Data structures
37812,Asynchronous--Web programming
37827,Concurrency--Data structures--Science
37829,Development tools
37836,Asynchronous--Web programming
37870,Command line utilities
37921,Science
37935,Data structures--Rust patterns
37955,Embedded development--Hardware support--No standard library
37962,External FFI bindings--Operating systems
37978,Embedded development--Hardware support--No standard library
37984,Command line utilities
37986,Rendering
37993,Data structures
38023,Data structures--Encoding--Multimedia--Parsing tools
38027,Command-line interface
38028,Command line utilities--Development tools--Encoding--Parsing tools
38035,Command line utilities--Command-line interface
38039,Filesystem--Game engines--Localization (L10n)--Multimedia--Rendering--Rust patterns
38059,Mathematics
38060,API bindings--Multimedia
38078,Algorithms--Data structures--Science
38084,Data structures
38092,Cryptography
38101,External FFI bindings--WebAssembly
38124,Embedded development--Hardware support--No standard library
38125,Algorithms--Asynchronous--Concurrency--Date and time--Filesystem--Network programming
38132,Concurrency--Network programming
38143,Algorithms--Text processing
38144,API bindings--Web programming
38149,Command line utilities--Filesystem
38152,Text editors
38166,Data structures--Memory management
38181,Command line utilities
38187,Command line utilities--Command-line interface--Development tools
38198,Web programming
38208,Development tools
38233,Template engine
38243,Command line utilities--Development tools
38252,Command line utilities--Development tools
38285,Rendering
38297,API bindings
38306,Data structures
38313,API bindings--Filesystem
38321,Science
38334,Command line utilities
38352,Asynchronous--No standard library
38353,API bindings--Asynchronous--Network programming--Rust patterns--Web programming
38354,Command line utilities--Command-line interface--Text editors--Text processing
38364,Data structures
38390,API bindings
38410,Embedded development--Hardware support--No standard library
38420,External FFI bindings
38431,Caching--Web programming
38435,Multimedia
38440,Game development--Mathematics--Science--Simulation--WebAssembly
38463,Computer vision--Data structures--No standard library
38489,Authentication--Cryptography
38498,API bindings--External FFI bindings--WebAssembly
38519,Embedded development--GUI--No standard library
38521,Authentication--Cryptography--Data structures--Hardware support--Operating systems
38558,Encoding--Parser implementations
38584,Cryptography
38585,API bindings
38605,Embedded development--Hardware support--No standard library
38627,Command line utilities--Development tools
38630,Development tools--Operating systems
38648,Games
38712,GUI
38715,Command line utilities
38720,Command line utilities--Command-line interface--Network programming--Web programming
38723,Asynchronous--Command line utilities--Development tools--Parsing tools--Template engine--Text processing--Web programming
38729,Data structures
38734,Cryptography--No standard library
38740,Science--Simulation
38752,Web programming
38764,Multimedia
38766,Development tools
38776,Command line utilities--Multimedia
38781,Database implementations
38800,Embedded development--Hardware support--No standard library
38813,Game engines
38820,Asynchronous--Concurrency--No standard library
38821,API bindings--Hardware support
38840,Multimedia
38849,Operating systems
38853,Command-line interface
38861,Network programming--No standard library
38873,Hardware support--Network programming--Operating systems--Parsing tools
38875,Rendering
38877,Asynchronous--Web programming
38880,Concurrency--Memory management
38884,Database interfaces
38895,API bindings--GUI
38908,Development tools--Network programming--Web programming
38909,Science
38924,Web programming
38968,Science
38990,Development tools
39005,Embedded development--No standard library
39010,Development tools--External FFI bindings
39019,Development tools
39030,Command line utilities
39036,Encoding--Parser implementations
39039,Cryptography--Web programming
39044,API bindings--Database interfaces
39051,Command line utilities
39052,Command line utilities--Development tools--Embedded development
39055,Multimedia
39060,Cryptography--Embedded development--External FFI bindings--Hardware support--No standard library
39080,Email--Network programming
39097,Command line utilities
39148,API bindings
39154,Encoding--Network programming--Parser implementations
39165,Parser implementations
39186,Data structures--Encoding--No standard library
39209,API bindings--Multimedia
39220,Data structures--Memory management
39222,Game development--Graphics--Parsing tools--Rendering
39228,Algorithms--Game development--Science--Simulation
39250,Multimedia--Parser implementations
39261,Data structures
39266,Embedded development--Hardware support--No standard library
39292,External FFI bindings
39295,Filesystem
39306,Concurrency--No standard library
39311,Hardware support
39315,Algorithms--Cryptography
39346,Algorithms--Cryptography--Science
39351,Algorithms--External FFI bindings
39368,Network programming--No standard library
39398,Embedded development--Hardware support--No standard library
39409,Algorithms--Data structures--No standard library--Science
39412,Data structures--Text processing
39422,Network programming
39455,Command line utilities--Web programming
39458,Algorithms--Game engines--Rendering--Simulation--Visualization
39486,Parsing tools--Science
39515,WebAssembly
39527,Hardware support
39529,Game development
39540,Text processing
39541,Graphics--Multimedia--Value formatting--Visualization
39546,Asynchronous--Authentication--Cryptography--Network programming
39553,Game engines--Parsing tools
39555,Concurrency--Mathematics--Science--Simulation
39556,Concurrency
39567,Command line utilities
39576,Science--Simulation
39585,Network programming--Science
39595,Emulators--Encoding
39606,Algorithms--Asynchronous--Cryptography--Network programming
39611,Database implementations
39614,Parser implementations
39625,Command line utilities
39635,External FFI bindings
39636,Asynchronous--Development tools--Encoding--No standard library--Rust patterns
39660,Development tools--Parsing tools
39670,Command line utilities
39699,API bindings--Multimedia--Network programming
39730,API bindings--Multimedia
39754,Algorithms--Data structures--Science
39784,Network programming--Parser implementations--Parsing tools
39825,Computer vision
39832,Data structures
39841,Concurrency--Operating systems
39850,Caching--Data structures
39860,Internationalization (i18n)
39864,Cryptography
39868,Web programming
39886,Development tools--No standard library--Rust patterns
39889,Data structures--Database interfaces
39902,Cryptography
39928,Game development--Rendering
39968,Command line utilities--Development tools--Embedded development
40001,Encoding--No standard library
40017,Development tools--WebAssembly
40034,API bindings--Caching--Encoding--Network programming--Parser implementations--Web programming
40075,API bindings--Cryptography--Database interfaces--Development tools
40082,Memory management
40118,Command line utilities
40119,Data structures
40141,Science--Text processing
40143,Development tools--Encoding--WebAssembly
40148,API bindings--Accessibility--Command-line interface--Parsing tools--Text processing
40161,API bindings--Operating systems
40163,API bindings--Memory management--Operating systems
40175,API bindings--Compression--External FFI bindings
40204,API bindings
40220,Date and time--Embedded development--No standard library
40224,Data structures--No standard library
40251,Command line utilities--Development tools
40260,API bindings--Compression--External FFI bindings
40311,Data structures
40354,Command line utilities
40371,Mathematics
40375,API bindings--Asynchronous
40382,Embedded development--Hardware support--Operating systems
40393,Algorithms
40404,Development tools
40429,API bindings--Operating systems
40452,Concurrency--Data structures--No standard library
40468,API bindings
40472,Command line utilities--Command-line interface
40479,Parser implementations
40486,Concurrency--Data structures
40490,Command-line interface--Parsing tools
40507,Date and time--No standard library
40509,Algorithms--Data structures--No standard library--Text processing
40525,Command line utilities
40534,Algorithms
40537,API bindings--Development tools
40549,API bindings--Development tools--External FFI bindings
40558,Command-line interface
40563,Command line utilities--GUI--Graphics--Visualization--Web programming
40573,No standard library
40577,Parsing tools--Text editors
40601,Development tools
40620,Email--Parsing tools
40625,Embedded development--No standard library
40639,API bindings--Text editors--Web programming--WebAssembly
40644,Database interfaces
40664,API bindings--GUI--Operating systems
40679,Command line utilities
40690,Command line utilities
40698,Text processing
40729,Configuration--Data structures--Development tools--Web programming
40738,Science
40769,Command line utilities
40785,Command-line interface
40802,Web programming
40804,Rust patterns
40807,Command line utilities--Development tools
40809,Command line utilities--Parsing tools--Text processing
40819,Development tools
40826,API bindings
40830,Cryptography
40832,API bindings--External FFI bindings--Operating systems--Parsing tools
40843,Command line utilities
40854,Hardware support
40864,Command line utilities--Development tools--Encoding
40871,Asynchronous--Network programming
40890,Encoding--Network programming
40908,Command line utilities
40909,Embedded development--Hardware support--No standard library
40910,Command line utilities--Development tools
40924,Data structures--Memory management--Rust patterns
40932,Network programming
40944,Algorithms--Data structures--No standard library--Science
40950,Multimedia
40962,Command line utilities
40974,API bindings--Development tools--Web programming
40986,WebAssembly
41000,Network programming
41005,Algorithms--Data structures
41041,API bindings
41046,Encoding--Web programming
41047,Development tools
41052,Game engines--Hardware support--Science
41079,Compression
41083,Data structures--No standard library
41087,Development tools
41097,API bindings
41106,GUI--Graphics--Web programming--WebAssembly
41117,Command line utilities--Development tools--Embedded development--Operating systems
41122,Parser implementations
41127,Game engines--Games--Parser implementations--Parsing tools
41139,Cryptography
41142,Cryptography--Network programming
41153,Command line utilities
41159,Data structures--Development tools--Rust patterns
41187,Cryptography--Network programming
41268,Network programming
41306,Development tools
41307,GUI--Graphics--Visualization
41309,Game engines
41317,Development tools
41330,Data structures--Rust patterns
41337,Science
41341,Development tools--No standard library
41358,No standard library--WebAssembly
41366,External FFI bindings--Operating systems
41372,Science
41385,Asynchronous--Cryptography--Network programming
41393,Embedded development--Network programming--No standard library
41410,API bindings--Encoding--External FFI bindings--Text processing
41411,API bindings
41419,GUI
41444,Embedded development--No standard library
41449,Data structures--Science
41464,Data structures--Memory management--No standard library
41469,API bindings--GUI
41485,Network programming--Web programming--WebAssembly
41487,Asynchronous--Web programming
41516,Encoding--Parser implementations
41572,Network programming
41604,Command line utilities--Compilers--Parser implementations
41609,Data structures--No standard library
41628,Data structures
41640,API bindings--Authentication--External FFI bindings--Operating systems
41656,GUI--Operating systems
41669,Asynchronous
41678,Development tools--Parsing tools--Text processing
41681,Game development
41688,Multimedia
41699,API bindings--Hardware support--No standard library
41714,API bindings--External FFI bindings
41720,Cryptography
41734,No standard library
41737,Command line utilities--Web programming
41741,Command line utilities
41745,Command line utilities
41753,Email--Filesystem
41758,Science
41761,Network programming
41763,API bindings
41764,Development tools--Encoding--Hardware support--No standard library--WebAssembly
41770,Algorithms--Asynchronous--Data structures--Development tools--Rust patterns
41823,Encoding--No standard library
41829,Asynchronous--Network programming--Web programming
41848,Games--Multimedia--Simulation
41849,Hardware support
41884,Algorithms--Compression--Encoding
41906,Development tools
41910,Authentication--Command-line interface
41932,Algorithms--Cryptography--Data structures--Database interfaces
41937,Command line utilities
41938,Command line utilities
41953,Compilers
41969,Game development--Network programming
41978,No standard library--Rust patterns
41988,Science
41993,Parsing tools--Text editors
42004,API bindings--Compression--Database interfaces--Encoding--WebAssembly
42025,Web programming
42033,API bindings--Network programming
42036,Network programming--Web programming
42049,Development tools--Mathematics--No standard library--Science
42061,Filesystem
42068,Command line utilities
42083,Filesystem
42095,Development tools
42111,Command line utilities
42115,Multimedia
42131,Parsing tools--Text editors
42132,Cryptography--No standard library
42135,Cryptography
42144,Command line utilities--Configuration--Development tools
42156,WebAssembly
42163,Database interfaces--Web programming
42183,Cryptography
42184,Cryptography
42229,Asynchronous--Database interfaces--Web programming
42234,WebAssembly
42248,Games--Graphics--Rendering--Visualization
42260,Cryptography--Data structures--Parsing tools
42277,API bindings--Science--Simulation--Visualization
42280,Parser implementations--Science
42306,Algorithms--Command line utilities--Development tools
42339,Network programming--Web programming
42342,API bindings--Operating systems
42356,Command-line interface--No standard library
42362,Configuration--Encoding--Parser implementations--Parsing tools
42370,Command-line interface--Development tools
42373,Asynchronous--Network programming--Operating systems
42375,API bindings--Operating systems
42380,Asynchronous--Authentication--Network programming
42418,API bindings--Database implementations--Network programming
42427,Algorithms
42428,API bindings--GUI--Rendering--Visualization--Web programming
42439,No standard library--Rust patterns
42440,Web programming
42493,Data structures
42531,Command line utilities--Science
42539,Embedded development--No standard library
42546,Encoding--No standard library
42547,Web programming
42548,Algorithms--Compression--Multimedia--Science
42563,API bindings
42578,Encoding--Parsing tools--Web programming
42625,API bindings
42636,Network programming--Parsing tools
42638,Data structures--Database implementations
42662,Data structures--GUI
42673,Development tools
42681,Asynchronous--Concurrency--Hardware support--Science--WebAssembly
42696,Filesystem--Operating systems
42699,Asynchronous
42711,Web programming
42720,No standard library
42727,Cryptography--No standard library
42739,External FFI bindings
42762,Embedded development--External FFI bindings--No standard library
42763,Date and time--Embedded development--Hardware support--No standard library--Operating systems
42788,Command line utilities--Development tools
42792,Asynchronous--Concurrency--Embedded development--Hardware support--No standard library
42834,Command line utilities--Development tools
42852,Filesystem--Operating systems
42853,Parser implementations
42862,API bindings--Memory management
42868,Command line utilities--Text processing
42870,Data structures
42900,Configuration--Cryptography
42920,Cryptography
42926,Encoding
42934,Encoding--Game development--Game engines
42941,API bindings--Compression--External FFI bindings
42951,External FFI bindings--Multimedia
42952,Command line utilities--GUI
42966,Command line utilities--Development tools
42996,Database implementations
43013,API bindings--Embedded development--Network programming--Operating systems
43054,Asynchronous--Network programming
43057,Operating systems
43090,Asynchronous--Concurrency--Operating systems
43125,Database interfaces
43142,Asynchronous--Command line utilities--Database interfaces
43144,Filesystem
43160,Cryptography--No standard library
43164,Command line utilities--Operating systems
43165,Graphics--Multimedia
43169,Command line utilities--Cryptography--Filesystem
43194,Cryptography--Data structures--Embedded development--Memory management--No standard library
43216,Asynchronous--Concurrency--Network programming
43218,Asynchronous--Cryptography--Network programming
43242,Authentication
43291,Embedded development
43309,Command line utilities
43337,GUI--Science
43351,Game development--Graphics--Memory management--No standard library
43399,API bindings
43403,Template engine--Web programming
43460,Command line utilities
43462,Command line utilities
43483,Text processing
43487,API bindings--Cryptography--Operating systems
43489,Encoding--Parsing tools
43506,Command line utilities
43510,Command line utilities--Configuration--Development tools--Template engine
43527,Text processing
43529,Command line utilities--Multimedia
43537,Data structures--Mathematics--Science
43542,Development tools
43549,Command line utilities
43569,Science
43577,Parsing tools
43590,No standard library
43605,Cryptography--No standard library
43616,Algorithms--Concurrency--Science
43636,Algorithms--Data structures
43643,Command line utilities
43644,Cryptography
43676,Asynchronous--Concurrency--Embedded development--No standard library
43681,Asynchronous--Concurrency--Memory management--Operating systems
43713,Cryptography--Mathematics--No standard library
43728,Development tools
43733,API bindings--Development tools
43749,Embedded development--Hardware support--No standard library
43756,API bindings
43776,Command-line interface
43782,GUI--Rendering
43794,Configuration--Development tools--Email--Web programming
43812,Development tools
43826,Game development
43851,Internationalization (i18n)--Localization (L10n)--Text processing--Value formatting
43859,Concurrency--Data structures
43863,Command line utilities--Development tools
43870,Text processing
43871,API bindings--Web programming
43889,Multimedia
43900,Mathematics--Parsing tools--Science--Text processing--Value formatting
43907,API bindings
43909,Command line utilities
43910,Asynchronous--Network programming--Parsing tools
43929,Database interfaces
43933,Multimedia
43958,Command line utilities--Development tools
44007,Mathematics--Science
44033,Network programming
44034,Command line utilities--Configuration--Development tools--Operating systems
44044,Data structures
44054,API bindings--Science
44055,Development tools
44058,Game development--Multimedia
44067,Command line utilities
44079,API bindings--External FFI bindings--Game engines--Multimedia--Rendering
44081,Parser implementations
44100,API bindings--Development tools
44128,Network programming
44161,Command line utilities--Mathematics--Parser implementations
44209,Command line utilities--Development tools
44223,Algorithms--Science
44226,Encoding--No standard library--Parser implementations--Web programming
44268,Data structures--Embedded development--Encoding--No standard library--Parsing tools
44277,Asynchronous--Concurrency--Web programming
44287,Development tools
44290,Graphics--Hardware support--Multimedia--Rendering--Visualization
44300,Parsing tools
44303,API bindings--External FFI bindings--Hardware support--Multimedia
44306,GUI--No standard library--Web programming--WebAssembly
44313,API bindings--Cryptography--Data structures--Development tools--Filesystem--No standard library--WebAssembly
44330,API bindings--Operating systems
44332,Mathematics
44333,API bindings--Authentication
44338,Asynchronous--Network programming--Web programming
44374,Data structures
44379,Data structures--Embedded development--No standard library
44413,Operating systems
44425,Parsing tools--Text processing--Web programming
44438,Parsing tools--Science
44488,Asynchronous--Concurrency
44506,Asynchronous--Filesystem--Network programming
44551,GUI
44569,Authentication--Command line utilities--Cryptography--Hardware support
44582,Algorithms--No standard library
44592,Cryptography
44594,Asynchronous--GUI--Web programming--WebAssembly
44602,Command line utilities
44621,Database interfaces
44643,Asynchronous--Database interfaces--Development tools--Network programming--Visualization
44673,GUI
44676,Science
44679,Science
44687,Compilers
44697,Command line utilities--Development tools--Text processing
44739,Command line utilities
44748,Encoding--Science
44750,Algorithms--Embedded development--No standard library--Parser implementations--Parsing tools
44760,Embedded development--No standard library
44767,Graphics
44778,API bindings--Development tools--WebAssembly
44788,Graphics--Multimedia--Science
44790,Rendering
44802,Data structures--Encoding
44803,Algorithms--Caching--Data structures--Database implementations
44810,Web programming--WebAssembly
44816,Game development
44828,Network programming--Parsing tools
44840,Asynchronous--Concurrency
44846,Embedded development--Hardware support--No standard library
44850,Embedded development--No standard library
44856,Encoding--Graphics--Parser implementations
44860,Development tools--Filesystem
44891,Configuration
44903,Development tools--Filesystem
44929,Algorithms--No standard library--Science
44931,Algorithms--Mathematics
44932,Concurrency--Data structures
44933,Memory management--No standard library
44939,Date and time--Encoding
44947,API bindings--No standard library--Operating systems
44951,Game engines
44973,Cryptography--Encoding--Parser implementations
45004,Asynchronous--Concurrency
45009,API bindings--Asynchronous--Network programming
45022,Games--Parser implementations
45075,No standard library--Rust patterns
45097,Encoding--Parsing tools
45112,Development tools
45114,Data structures
45127,API bindings--Cryptography--Network programming
45130,Caching--Command line utilities--Filesystem--Multimedia--Parsing tools
45131,Asynchronous--Web programming
45142,Command line utilities
45216,Algorithms--No standard library--Science
45223,Embedded development--No standard library
45228,Embedded development--Hardware support
45240,Encoding--Network programming--Parser implementations
45242,Game development
45244,Algorithms--Date and time--WebAssembly
45248,Command line utilities
45250,Development tools--Network programming
45255,Parser implementations
45262,Embedded development--Hardware support--No standard library
45267,Cryptography--Database interfaces--Encoding
45275,Email
45287,Command line utilities--Cryptography--Development tools--Filesystem--Network programming
45315,Command line utilities--Text processing
45341,Template engine
45345,Command line utilities--Development tools--Filesystem--Parsing tools
45361,Algorithms
45363,Asynchronous
45370,API bindings
45372,Algorithms
45373,Command-line interface--Configuration--Rust patterns
45374,API bindings
45390,Web programming
45393,Asynchronous--Concurrency
45398,Asynchronous--Network programming--Web programming
45400,Development tools--No standard library
45401,Multimedia--Parsing tools
45430,Hardware support
45436,Command line utilities
45438,Internationalization (i18n)--Text processing
45469,API bindings--Cryptography
45483,Asynchronous--Concurrency--Network programming--Web programming
45515,Command line utilities--Text processing
45517,Cryptography--No standard library
45525,Date and time
45561,Database implementations--Network programming
45584,API bindings--Development tools--External FFI bindings
45618,Concurrency--Data structures--Hardware support--No standard library
45622,Concurrency--Embedded development--No standard library
45645,WebAssembly
45652,Embedded development--Hardware support--No standard library
45673,Operating systems
45702,Asynchronous--Database interfaces
45703,Science
45706,GUI--Web programming--WebAssembly
45729,Cryptography--No standard library
45751,Command line utilities
45764,Asynchronous--Web programming
45771,Concurrency--Data structures--Filesystem--Operating systems
45793,Operating systems
45797,Algorithms--Cryptography--Mathematics
45805,API bindings--Asynchronous--Web programming
45810,Game development--Mathematics--Science--WebAssembly
45814,Data structures--No standard library
45815,Data structures
45828,Filesystem--Operating systems
45834,API bindings--Compression
45840,Concurrency--Data structures
45872,Encoding--Multimedia
45880,Parsing tools--Text editors
45891,Graphics--Rendering
45896,Network programming--Web programming
45902,Command-line interface--Development tools
45931,API bindings--Science
45933,Simulation
45941,Development tools
45948,Concurrency
45956,GUI--No standard library--Web programming--WebAssembly
45957,Asynchronous--Network programming
45974,Web programming
45992,Command line utilities
46019,Embedded development--Network programming
46039,Game development--Games
46042,Command-line interface--Operating systems
46046,Asynchronous--Command line utilities--Concurrency--Development tools--Encoding
46062,Encoding--Network programming--Parsing tools--Web programming
46083,Development tools
46085,Parsing tools
46123,Configuration--Parser implementations
46126,API bindings--Database interfaces
46130,Development tools--WebAssembly
46132,Command line utilities--Command-line interface--Database implementations--Database interfaces
46136,Data structures--Game engines
46138,Data structures
46177,Command line utilities--Web programming--WebAssembly
46179,Asynchronous--Network programming--Web programming
46191,Asynchronous--Concurrency
46222,Text processing--Visualization
46229,Command line utilities--Cryptography
46288,Configuration
46289,Development tools
46304,Algorithms--Science--Simulation
46317,Operating systems
46319,Date and time
46363,Command-line interface
46368,Network programming
46369,No standard library
46370,Game engines
46407,Encoding
46418,GUI
46433,Command-line interface--Development tools
46454,Game development
46458,Command line utilities
46471,Filesystem--Science
46512,Multimedia
46535,Game development--Graphics--Rendering--WebAssembly
46536,Multimedia
46541,Database interfaces
46559,Parsing tools
46603,Authentication--Web programming
46619,Command-line interface--Configuration--Development tools
46620,Embedded development--Hardware support--No standard library
46622,Multimedia
46638,API bindings--GUI
46660,No standard library--WebAssembly
46670,API bindings--Development tools--Hardware support
46676,Date and time--Hardware support--Multimedia
46684,API bindings--Asynchronous--Network programming--Web programming
46743,Multimedia--Parser implementations
46751,Cryptography
46789,Rust patterns
46791,Database interfaces--Development tools
46795,Asynchronous--Network programming
46798,WebAssembly
46811,Database interfaces
46821,Game development--Games
46822,Command line utilities--Development tools
46838,Configuration--Web programming
46857,Cryptography--Encoding--Parser implementations
46858,Text processing
46865,API bindings
46871,Asynchronous--Data structures--Rust patterns--Web programming
46872,Data structures
46875,Development tools--Encoding
46877,Command line utilities--Web programming
46880,Encoding--Network programming--No standard library
46884,Science--Simulation
46900,API bindings--Cryptography
46922,Web programming
46923,Asynchronous
46930,Cryptography--No standard library
46940,Encoding
46942,Data structures--Web programming--WebAssembly
46948,Internationalization (i18n)--No standard library--Text processing
46949,Development tools
46967,Development tools
46987,Command line utilities--Encoding--Games--Web programming
46990,Command line utilities--Development tools
47011,Command line utilities--Development tools
47056,Configuration--Data structures--Development tools--Web programming
47067,Operating systems
47074,Data structures
47082,Operating systems
47097,Encoding
47111,Command line utilities--Games--Text processing
47112,API bindings--Web programming
47113,Algorithms--Games
47116,Network programming
47117,Development tools--External FFI bindings
47155,Multimedia
47165,Cryptography--No standard library
47170,GUI
47171,Web programming
47177,Embedded development--Hardware support--No standard library
47186,Operating systems
47188,Development tools
47211,Science
47217,Command line utilities--Internationalization (i18n)--Parsing tools--Rendering--Text processing
47246,Encoding
47260,Database interfaces
47300,Data structures--Mathematics--Science
47326,Development tools--Web programming
47329,Asynchronous--Concurrency--Network programming--Web programming
47345,API bindings--Development tools--Simulation
47352,Aerospace--Science
47353,External FFI bindings--No standard library
47362,Web programming
47407,Embedded development--Hardware support--No standard library
47434,Data structures
47445,Network programming
47469,Computer vision--Parser implementations
47478,Algorithms--Text processing
47483,Memory management--Operating systems
47530,Development tools
47532,Command line utilities--Text editors
47533,Cryptography--No standard library
47548,Algorithms--Science
47569,API bindings--Network programming
47573,API bindings--Database interfaces
47575,Development tools--Filesystem--Operating systems
47598,Development tools--Visualization
47624,Embedded development--No standard library
47625,Rust patterns
47626,Embedded development--No standard library
47649,Command line utilities--Text processing
47655,Command-line interface
47665,Multimedia--Science
47669,Template engine--Text processing--Visualization
47672,Command line utilities
47685,Data structures--Memory management--No standard library
47690,Development tools--GUI--Game development
47698,Network programming--Web programming
47719,API bindings--Authentication--Network programming
47727,Command line utilities
47755,API bindings--Command-line interface
47757,Asynchronous--Authentication
47767,Data structures
47770,Development tools
47775,Command line utilities--Development tools--Network programming--Web programming
47791,Algorithms
47802,Asynchronous--Network programming--Web programming
47803,API bindings--Database interfaces--External FFI bindings
47813,Embedded development--Hardware support
47828,Development tools
47850,Algorithms--Data structures
47865,Command line utilities--Command-line interface--Development tools--Text processing--Value formatting
47934,Algorithms--Command line utilities--Science
47948,Rust patterns--Web programming
47953,Command line utilities
47966,Algorithms--Parsing tools--Text processing
47985,Development tools
47986,Cryptography
47991,Command line utilities
47993,Network programming
47994,Date and time
48003,Template engine
48004,External FFI bindings
48011,Algorithms--Encoding--No standard library
48030,Command line utilities
48045,API bindings--External FFI bindings--Game engines--Simulation
48061,GUI
48082,Command line utilities
48096,Data structures--Game development
48119,Command line utilities--Encoding
48130,Encoding
48133,External FFI bindings--Game engines--Multimedia--Rendering
48136,Asynchronous--Command line utilities--Network programming
48172,Development tools
48181,Command line utilities--Development tools
48187,Database interfaces
48197,Science
48212,API bindings--Asynchronous--Database interfaces--External FFI bindings
48213,Command line utilities--Development tools
48224,Asynchronous--Database interfaces--Network programming--Web programming
48244,Command-line interface--No standard library--Operating systems
48253,Command line utilities--Development tools--Web programming--WebAssembly
48266,Operating systems
48279,Data structures--No standard library--Rust patterns
48281,Command line utilities--Development tools
48303,Parsing tools
48315,No standard library
48334,API bindings--Parsing tools
48335,Command line utilities--Encoding--Filesystem--Text processing
48357,Date and time--No standard library
48366,API bindings--Multimedia
48389,Data structures
48390,API bindings--Cryptography--External FFI bindings
48391,GUI
48447,Embedded development--Hardware support--No standard library--Operating systems
48455,Algorithms--Cryptography--Development tools
48464,Cryptography
48475,Web programming
48505,Algorithms--Science
48525,Authentication--Web programming
48551,Encoding--Parser implementations--Science
48557,Command line utilities--Development tools
48561,Mathematics--No standard library--Science
48572,Encoding--Parsing tools--Text processing
48575,Network programming
48580,Multimedia
48584,API bindings--Encoding
48586,Authentication
48619,Caching--Memory management
48635,Operating systems
48639,API bindings--Asynchronous--Network programming
48673,Caching
48674,Caching--Command line utilities--Database implementations--Web programming
48686,Asynchronous--Network programming
48721,API bindings--Development tools--Web programming
48731,No standard library--Science
48733,Command line utilities
48754,Hardware support--Parser implementations
48776,Embedded development--Hardware support--Memory management--No standard library
48790,API bindings--Operating systems
48792,Command line utilities
48798,Embedded development--No standard library
48803,Database interfaces--Development tools
48806,API bindings--External FFI bindings
48818,GUI
48819,API bindings--Accessibility--Development tools--Operating systems
48833,Embedded development--Hardware support--No standard library--Operating systems
48836,Hardware support--No standard library
48861,Concurrency--Data structures--No standard library
48862,Command line utilities
48868,Asynchronous--Network programming
48879,Parser implementations--Web programming
48886,Parser implementations
48890,Algorithms
48919,Web programming
48977,Development tools
48997,Mathematics--Science
49021,API bindings
49028,Data structures--No standard library
49034,Command line utilities
49044,Algorithms
49046,Command line utilities
49051,Embedded development--External FFI bindings
49063,Data structures
49073,Asynchronous--Concurrency
49074,GUI
49094,Command-line interface--Data structures
49143,Development tools
49186,Parsing tools--Text editors
49213,API bindings--Development tools
49231,Database interfaces--Development tools
49251,Command line utilities
49260,External FFI bindings--Science
49265,Embedded development--No standard library
49274,Command line utilities--Embedded development--No standard library
49276,Encoding--No standard library
49297,Embedded development--No standard library
49306,Cryptography
49314,Caching--Concurrency--Data structures--Memory management
49320,API bindings--Command-line interface
49326,Command line utilities--Data structures--Parser implementations--Science
49333,Data structures
49345,Asynchronous--Network programming--Simulation
49346,API bindings
49387,Filesystem
49432,API bindings--Authentication--Command line utilities--Cryptography--Hardware support
49445,Cryptography
49506,Network programming
49507,Embedded development--Hardware support--No standard library
49513,Data structures
49532,No standard library--Rust patterns
49552,Parsing tools
49562,Command line utilities
49570,Asynchronous--Command-line interface--Game engines
49578,Embedded development--Hardware support--No standard library
49590,Embedded development--Hardware support--No standard library
49605,No standard library--Rust patterns
49637,Web programming
49643,Internationalization (i18n)--Localization (L10n)--Text processing
49663,Text processing
49710,Command line utilities--Date and time
49717,Algorithms--Concurrency--Data structures
49733,Development tools--Embedded development--Hardware support
49740,Algorithms--Command line utilities--Command-line interface--Configuration--Cryptography--Data structures--Database implementations--Database interfaces--Date and time--Development tools--Rust patterns
49742,Memory management
49753,API bindings--Command line utilities
49789,WebAssembly
49802,API bindings--Encoding--External FFI bindings
49831,Network programming
49834,WebAssembly
49857,Authentication--Database interfaces--Web programming
49862,API bindings
49889,Game engines
49899,Network programming
49902,API bindings--Command line utilities--Database interfaces
49913,No standard library--WebAssembly
49916,Command line utilities
49920,Authentication--Cryptography
49927,Asynchronous--Network programming
49938,Command line utilities
49949,Cryptography--Hardware support--Operating systems
49985,Command line utilities--Web programming
49993,Embedded development--Hardware support--No standard library
50014,Embedded development--No standard library
50021,Rendering
50029,Configuration--Encoding--Parser implementations
50040,Command line utilities--Configuration
50041,Command line utilities--Development tools--Emulators
50050,Parsing tools
50054,Asynchronous--Network programming--Web programming
50060,Text processing--Visualization
50081,Compression--Data structures
50090,Graphics
50091,Data structures--No standard library
50108,Command line utilities--Development tools
50144,No standard library
50149,API bindings--Development tools
50150,Embedded development--No standard library
50154,Internationalization (i18n)--Localization (L10n)
50155,Caching--Data structures--Date and time--Development tools--Internationalization (i18n)--Memory management--No standard library--Parser implementations--Rust patterns
50168,Algorithms--Asynchronous--Concurrency--Data structures
50169,Cryptography
50191,Development tools
50215,Configuration
50234,Command line utilities--Development tools--No standard library--Operating systems
50245,Compression--Data structures--Encoding
50266,Embedded development--Hardware support--No standard library
50277,API bindings
50296,Command line utilities
50311,Authentication--Web programming
50319,Command line utilities
50321,Asynchronous--Rust patterns
50330,Command line utilities
50346,Command-line interface
50429,Caching--Web programming
50441,Operating systems
50506,No standard library--Operating systems
50529,API bindings--Cryptography--External FFI bindings
50585,Command line utilities--Compilers--Data structures--Development tools--No standard library--Parser implementations--Parsing tools--WebAssembly
50586,Command line utilities--Mathematics--Science
50593,Cryptography
50643,API bindings
50647,Date and time
50657,External FFI bindings
50663,Command line utilities
50665,Command line utilities--Database interfaces--Development tools
50669,External FFI bindings--Filesystem
50671,No standard library--WebAssembly
50673,Development tools
50677,Data structures--Encoding--Memory management--Network programming--No standard library
50683,Game development--Game engines--Multimedia--Rendering
50687,Science--Simulation
50689,Emulators
50691,Web programming
50694,Development tools
50696,API bindings--Authentication--Database interfaces--Operating systems
50698,Development tools
50705,Encoding
50715,Internationalization (i18n)--Localization (L10n)--Value formatting
50717,WebAssembly
50735,Command-line interface
50740,Mathematics
50758,Command line utilities
50771,Email
50789,Embedded development--Hardware support--No standard library
50795,API bindings
50803,API bindings--Operating systems
50805,Asynchronous
50852,Asynchronous--External FFI bindings--Network programming
50872,Data structures--Memory management--No standard library
50878,Command line utilities--Development tools--Visualization
50879,Command line utilities
50880,Development tools--Text processing
50887,Command-line interface
50893,Command line utilities--Network programming
50903,Graphics--Mathematics
50910,API bindings--Computer vision--Text processing
50918,Database interfaces
50928,Rendering
50936,API bindings
50963,Data structures--No standard library
50974,WebAssembly
50997,Encoding--No standard library--Parsing tools--Value formatting
51001,Graphics--Memory management--Rendering
51004,Parser implementations
51017,Command line utilities
51035,GUI
51051,Command line utilities
51052,Encoding--Network programming--Parser implementations
51056,Game engines--Graphics--Multimedia
51057,GUI--Games--Rendering
51085,Parser implementations
51120,Cryptography--Parser implementations
51127,Asynchronous--Concurrency--Cryptography
51158,Command line utilities--Cryptography
51171,API bindings
51174,Concurrency--Encoding
51175,Command line utilities
51177,Cryptography--No standard library
51180,GUI--Graphics--Mathematics--WebAssembly
51191,API bindings
51203,Asynchronous--Network programming--Operating systems
51204,Science
51211,Algorithms--Concurrency--Development tools--Network programming--Simulation
51217,API bindings--Asynchronous--GUI--Web programming
51231,Development tools--Encoding
51247,Parsing tools
51248,Parsing tools--Text processing--Value formatting
51270,Development tools
51272,Development tools
51297,Algorithms--Data structures--Web programming
51313,Network programming
51323,Command line utilities--Game engines
51332,No standard library
51337,Web programming
51375,Network programming--Web programming
51395,Algorithms--Data structures--Parser implementations--Parsing tools
51399,Command line utilities
51407,Algorithms--Parsing tools
51439,Asynchronous--Concurrency--No standard library--Rust patterns
51454,Asynchronous
51457,Algorithms--Concurrency--Network programming
51474,Game engines
51501,Web programming
51509,Database interfaces
51559,Command line utilities--Cryptography
51585,External FFI bindings
51612,Web programming
51622,Embedded development--Hardware support--No standard library
51659,Command line utilities--Concurrency--Development tools
51663,Games
51685,Graphics--Multimedia
51691,API bindings
51750,Compilers--Text processing
51754,Command line utilities--Text processing
51766,Aerospace--Embedded development--Hardware support--No standard library
51801,Command line utilities
51802,Hardware support
51821,Command line utilities--Network programming--No standard library
51833,Algorithms--No standard library
51855,Hardware support
51865,Multimedia
51887,Asynchronous--Network programming
51897,Cryptography
51900,Embedded development--Hardware support--No standard library
52067,Command line utilities--Development tools
52082,Multimedia
52131,Embedded development--No standard library
52156,Graphics--Mathematics--Multimedia--Simulation
52210,Command line utilities--Email--Parser implementations
52214,Asynchronous--Network programming
52249,Command line utilities
52271,Science
52279,Command line utilities--Text processing
52298,Embedded development--Hardware support--No standard library
52299,Aerospace--Embedded development--Hardware support--No standard library
52306,Command line utilities
52333,Command line utilities--Games
52341,API bindings--Asynchronous
52343,Command line utilities--Text processing
52361,API bindings--Multimedia
52369,Command line utilities--Web programming
52419,Science
52454,Command-line interface--Development tools
52456,Network programming
