repo_id,user_id,n_commits
1,21939,17
1,22440,7
1,22441,43
1,22446,11
1,22994,134
1,41229,6
1,108506,32
1,120064,22
4,106133,6
4,109816,77
20,18016,17
20,116909,14
47,27986,9
47,48760,417
47,105226,25
47,121459,6
47,137753,7
85,432,257
85,104557,486
92,12847,33
92,17609,8
92,104769,19
107,8591,7
107,27986,107
107,108733,128
124,36829,14
124,129771,14
131,8776,7
131,110440,473
158,8823,22
158,34582,11
158,73835,60
158,109951,10
158,113470,10
166,1286,6
166,105177,790
166,105178,12
166,105186,9
166,105188,10
166,105189,6
166,105222,7
174,582,119
174,62288,254
174,104476,7
174,108175,6
174,146487,18
188,32235,6
188,126865,64
195,48760,129
195,75018,14
195,127392,11
214,14673,110
214,30553,12
236,14226,21
236,29849,6
236,125192,259
236,125193,7
243,68955,35
243,138539,44
247,66208,6
247,116323,57
254,54573,12
254,126990,29
263,877,11
263,16287,15
263,20059,9
263,22869,13
263,42656,10
263,48549,21
263,52831,8
263,59635,27
263,85988,13
263,104722,1807
263,105743,8
263,107927,65
263,114289,15
263,120468,6
263,131295,15
263,131312,19
263,131319,7
263,131322,20
263,131339,57
263,131349,14
263,163851,6
284,39069,7
284,39071,23
284,131192,32
284,131193,17
290,26452,27
290,144114,11
294,1642,8
294,105466,53
339,82914,972
339,159979,2897
339,159980,950
339,159984,99
339,159985,403
339,159986,6
339,159990,51
339,159991,48
347,26180,20
347,120731,116
351,8174,7
351,11036,7
351,36772,392
351,66208,8
351,104664,329
351,104672,57
351,111931,6
357,26509,57
357,34442,111
357,34443,46
357,34447,3109
357,34448,962
357,44729,18
357,44747,164
357,44749,11
357,44751,7
357,44752,11
357,44753,157
357,44760,9
357,44774,267
357,44777,6
357,44779,91
357,44794,91
357,44800,18
357,44804,10
357,44829,9
357,44847,7
357,44855,6
357,44859,208
357,44868,18
357,44872,38
357,44874,16
357,44879,53
357,44904,13
357,44910,6
357,110726,6
357,110857,15
357,113665,635
357,122487,120
357,122490,40
357,128332,37
357,128333,572
357,128334,102
357,128336,30
357,128338,3515
357,135008,8
357,135009,7
357,135011,74
357,135013,43
357,135017,152
357,135018,117
357,135028,10
357,135030,12
357,135031,7
357,135032,61
357,135035,48
357,135037,98
357,135042,13
357,135045,30
357,135048,54
357,135052,210
357,135057,9
357,135061,53
357,135062,498
357,135068,37
357,135069,34
357,135071,6
357,135072,157
357,135078,300
357,135079,19
357,135080,109
357,135083,58
357,135091,34
357,135101,70
357,135115,20
357,135121,6
357,135123,19
357,135131,267
357,135137,6
357,135138,35
357,135140,8
357,135142,26
361,6098,12
361,74310,184
361,88137,10
365,18103,25
365,104653,8
367,137,7
367,5920,13
367,16056,188
367,79911,125
367,79938,57
367,79968,307
367,80002,7
367,104853,6
367,104952,8
367,109438,8
367,109777,44
367,110617,6
367,113411,12
367,119712,30
367,131790,9
367,158061,349
367,158067,28
367,158087,6
367,158125,6
367,158133,9
367,158163,14
369,34077,27
369,34112,194
374,7869,25
374,10680,486
374,88529,70
374,109206,27
374,109984,6
374,163563,7
404,2315,24
404,105954,19
418,62686,9
418,62688,11
418,110477,90
427,31014,61
427,31815,7
427,105339,160
443,87501,15
443,122388,301
449,63994,29
449,109727,31
449,147562,36
449,147564,7
450,25747,509
450,34028,51
500,120655,191
500,145058,15
516,16355,1047
516,134149,7
540,38461,10
540,164259,21
562,14514,17
562,140685,122
574,80852,64
574,88238,38
574,158671,41
586,2357,7
586,79364,47
597,139862,24
597,139863,6
616,2896,6
616,22112,11
616,47590,72
616,110214,8
616,115995,6
616,117353,12
616,118683,23
616,133683,31
616,144226,22
616,145261,28
619,104776,26
619,106346,6
626,64258,16
626,147748,110
636,139192,1168
636,159053,18
641,18424,151
641,106346,8
643,9541,542
643,24868,8
643,42477,11
643,105427,11
643,133498,10
706,29267,25
706,52123,6
744,32250,11
744,41905,31
744,150550,10
751,105951,6
751,110653,11
751,143605,28
773,33564,39
773,38385,13
773,124052,22
773,161842,6
775,7417,52
775,109425,473
785,25375,41
785,46718,51
785,46719,24
785,46720,9
785,109861,42
785,114480,38
824,33932,24
824,122254,34
833,2095,44
833,7390,13
833,31007,8
833,31014,117
833,104468,6
833,105098,14
833,108179,20
833,111020,10
833,126022,13
841,52627,17
841,112584,9
847,2095,6
847,7214,9
847,18098,8
847,59635,14
847,66208,8
847,74309,6
847,84739,10
847,104493,8
847,105141,8
847,105184,8
847,105445,12
847,105449,8
847,109538,442
847,114359,6
847,114546,10
874,125819,188
874,143967,6
888,81208,19
888,117454,270
900,48760,18
900,105936,17
900,106309,14
900,108397,9
945,46635,22
945,81832,8
945,81834,81
945,117778,10
945,120565,19
952,23505,10
952,39519,6
952,44138,43
952,118602,6
952,131539,36
952,134602,7
952,134606,24
973,54252,6
973,54253,212
986,106263,159
986,113751,19
999,125327,11
999,143585,35
999,163363,7
1006,66761,30
1006,73857,38
1006,110167,115
1006,150613,15
1023,60702,8
1023,132177,193
1032,8840,32
1032,46634,60
1032,46635,1435
1032,46636,29
1032,48745,46
1032,81831,38
1032,81832,88
1032,81834,225
1032,81902,12
1032,81928,11
1032,81930,27
1032,109517,39
1032,115919,8
1032,117778,12
1032,118530,128
1032,120565,130
1032,126457,6
1032,135464,43
1032,142818,7
1032,147431,123
1032,159286,50
1064,62783,34
1064,62786,17
1064,62787,7
1064,146797,11
1084,8026,61
1084,8028,69
1111,6928,11
1111,7101,184
1111,104761,17
1111,108179,74
1138,37434,12
1138,56087,28
1138,74396,37
1138,106567,41
1138,121311,31
1138,130159,21
1146,26238,174
1146,26240,24
1146,26241,11
1181,8948,12
1181,18520,299
1181,106471,11
1181,130846,6
1181,130852,12
1183,59687,46
1183,144765,9
1201,2095,2677
1201,6153,21
1201,23533,686
1201,39901,33
1201,54980,13
1201,54984,302
1201,54999,21
1201,55022,44
1201,70390,25
1201,70399,10
1201,70406,7
1201,70407,12
1201,104856,8
1201,108161,13
1201,113409,8
1201,113825,54
1201,116231,57
1201,119666,306
1201,124831,6
1201,125379,6
1201,127155,12
1201,127603,7
1201,127618,9
1201,127787,19
1201,131553,17
1201,138323,14
1201,138601,12
1201,140902,11
1201,151758,84
1209,36561,6
1209,129576,83
1210,34033,107
1210,108418,12
1214,65089,31
1214,74976,13
1214,127085,159
1260,28139,17
1260,124003,16
1267,104553,9
1267,105427,16
1267,163706,135
1278,64292,91
1278,64293,13
1278,144549,19
1325,105589,6
1325,120573,23
1339,85450,8
1339,106479,217
1344,59750,9
1344,59751,100
1365,44156,71
1365,155766,37
1365,155767,20
1379,22994,30
1379,120064,10
1387,1160,12
1387,7254,50
1387,48944,61
1387,73745,12
1387,106224,29
1387,106282,6
1387,109186,27
1387,109356,8
1387,116668,60
1387,118044,20
1387,120547,74
1401,104714,8
1401,127899,74
1426,7520,24
1426,109505,284
1431,21403,111
1431,105385,9
1431,115928,16
1433,34292,16
1433,115038,450
1433,118978,10
1433,128229,1299
1433,128232,7
1433,128235,15
1433,128240,8
1435,2343,39
1435,16973,7
1435,66761,416
1435,110313,6
1435,110417,6
1481,7659,212
1481,109613,103
1481,109614,6
1547,49880,100
1547,49883,47
1547,110302,95
1547,133973,14
1573,99,55
1573,45422,60
1573,45423,36
1573,116387,16
1595,105004,115
1595,105093,210
1607,20514,19
1607,20603,17
1614,13132,76
1614,163737,6
1624,80454,6
1624,131286,84
1624,138640,111
1624,138643,6
1625,105067,79
1625,115223,10
1626,6098,66
1626,28075,44
1626,106425,145
1626,132054,6
1628,105339,222
1628,118355,14
1634,43420,47
1634,134122,1538
1647,8195,46
1647,8197,209
1647,115597,6
1658,52921,123
1658,139870,62
1664,32987,10
1664,40098,9
1664,46457,15
1664,52202,20
1664,74308,258
1664,74309,8
1664,74310,1066
1664,129492,8
1664,137743,13
1664,154513,8
1671,69000,7
1671,105868,18
1692,134665,63
1692,139046,10
1696,14325,10
1696,105669,52
1698,113469,9
1698,122737,172
1701,127622,64
1701,127635,8
1702,109745,124
1702,114308,77
1702,118793,9
1702,119140,487
1702,127422,14
1725,104547,13
1725,117354,14
1745,22608,40
1745,66077,81
1746,17707,29
1746,19524,15
1752,45984,29
1752,105204,15
1752,135878,93
1756,50463,15
1756,138857,8
1757,57653,15
1757,57656,30
1757,143444,17
1757,143446,6
1769,15471,889
1769,130211,19
1769,137635,14
1783,50975,24
1783,117649,7
1786,54023,46
1786,118388,17
1786,141152,138
1786,141156,6
1786,150227,7
1798,57696,26
1798,69736,59
1808,60391,283
1808,145253,28
1808,145255,6
1810,17115,14
1810,20866,92
1810,108183,38
1810,116644,20
1810,118836,85
1815,49018,26
1815,88506,36
1815,163545,10
1815,163546,35
1834,23683,10
1834,73429,12
1834,105722,21
1834,114261,23
1856,59635,7
1856,105515,7
1856,109538,334
1856,109557,14
1892,26851,6
1892,123075,67
1905,104845,135
1905,104846,63
1905,104847,16
1906,68102,102
1906,68105,158
1906,68106,77
1906,68112,7
1906,150276,1067
1906,150278,136
1931,114166,9
1931,120124,44
1934,55393,34
1934,130803,50
1944,113368,42
1944,113370,79
1959,14878,9
1959,14882,6
1959,114744,17
1959,114745,131
1959,114746,20
1981,34028,70
1981,105493,7
2030,125998,8
2030,125999,60
2034,6098,40
2034,74310,406
2042,39901,26
2042,50370,17
2042,73291,10
2042,77207,30
2042,77451,8
2042,104758,24
2042,104760,20
2042,104761,22
2042,104763,17
2042,104767,41
2042,105336,19
2042,105619,7
2042,106056,15
2042,106089,14
2042,106211,12
2042,106274,50
2042,109306,13
2042,109480,8
2042,113318,8
2042,117083,118
2042,117270,176
2042,127582,8
2042,139178,9
2052,31767,83
2052,41219,2738
2052,41781,57
2052,106279,17
2052,110221,6
2072,47680,7
2072,83515,45
2086,57677,67
2086,57678,19
2096,104802,9
2096,106178,158
2118,115996,389
2118,116010,24
2157,105799,18
2157,118104,6
2171,3032,182
2171,38264,23
2192,118349,14
2192,125956,8
2214,20059,133
2214,72236,9
2223,6098,57
2223,74310,78
2231,32528,383
2231,117749,6
2277,113647,148
2277,122567,23
2285,42036,74
2285,42038,34
2291,25488,49
2291,26739,609
2291,51241,44
2291,54734,126
2291,54743,162
2291,54747,236
2291,54750,269
2291,54751,38
2291,54756,14
2291,54757,48
2291,54775,83
2291,54776,8
2291,54779,143
2291,54781,41
2291,54784,646
2291,54785,69
2291,54792,34
2291,54797,128
2291,54809,39
2291,54812,35
2291,54815,23
2291,54818,15
2291,104664,5772
2291,109658,395
2291,110941,75
2291,110955,226
2291,113689,186
2291,114491,244
2291,114952,570
2291,117340,27
2291,117779,763
2291,118314,1017
2291,118608,76
2291,120124,1183
2291,120600,1022
2291,122164,686
2291,122908,389
2291,127521,129
2291,128114,18
2291,129739,137
2291,130675,647
2291,141589,692
2291,141590,114
2291,141591,609
2291,141592,26
2291,141596,14
2291,141598,39
2291,141601,10
2291,141602,7
2291,141605,46
2291,141606,15
2291,141608,11
2291,141610,6
2291,141613,15
2291,141614,21
2291,141618,6
2291,141619,126
2291,141625,129
2291,141638,15
2291,141641,140
2291,141644,9
2291,141646,31
2291,141647,13
2291,141651,10
2297,6098,27
2297,105720,35
2312,31471,109
2312,63374,28
2314,70509,5865
2314,85735,806
2314,85751,163
2314,85753,40
2314,85755,30
2314,85758,41
2314,85760,58
2314,85761,34
2314,85766,27
2314,161785,3746
2314,161786,11
2314,161801,921
2314,161802,8
2314,161804,15
2314,161807,159
2314,161808,69
2314,161809,98
2345,80400,9
2345,123869,146
2347,144502,145
2347,144503,67
2368,54443,164
2368,54446,6
2368,110992,22
2368,141396,17
2417,39433,96
2417,39434,18
2424,77634,175
2424,126225,11
2428,117365,6
2428,123911,97
2431,108450,544
2431,122032,135
2437,21856,14
2437,111647,6
2443,1714,26
2443,104940,13
2487,53737,56
2487,108545,11
2557,113411,132
2557,114397,10
2569,29639,7
2569,29640,7
2569,63864,8
2593,13071,11
2593,80876,554
2593,114730,15
2593,116278,11
2593,116775,8
2593,158685,25
2609,60992,7
2609,112119,6
2609,120185,56
2618,126893,45
2618,143403,56
2637,2093,6
2637,14400,364
2637,49059,9
2637,61791,6
2637,62159,6
2637,63373,11
2637,105059,128
2637,105060,17
2637,105448,9
2637,110578,14
2637,118989,143
2637,122713,8
2637,126578,28
2637,139676,10
2637,142519,6
2643,7270,19
2643,50351,6
2643,50354,62
2643,62159,75
2643,104612,51
2643,105722,169
2643,109641,8
2643,109804,6
2643,110145,16
2643,110764,587
2643,110781,18
2643,114288,41
2643,115092,11
2643,115212,7
2643,115580,72
2643,125161,6
2643,138788,6
2645,48784,56
2645,113702,11
2661,45341,19
2661,45342,146
2667,7379,9
2667,32250,35
2667,41905,12
2680,62222,8
2680,62226,9
2680,62228,8
2680,62229,47
2680,62230,9
2680,146436,414
2680,146437,535
2680,146439,42
2706,1542,308
2706,1547,245
2706,1548,25
2706,105391,303
2706,105394,71
2706,105395,9
2730,13149,7
2730,108899,19
2730,108940,34
2730,113532,8
2731,105142,52
2731,105143,52
2743,126906,34
2743,140702,12
2751,2293,6
2751,104551,30
2751,105852,6
2760,14214,33
2760,133270,6
2760,158637,6
2784,34033,114
2784,108418,8
2784,108424,23
2791,140015,68
2791,140017,9
2793,8174,16
2793,23533,97
2793,24460,8
2793,25846,12
2793,42309,8
2793,43085,6
2793,45994,74
2793,46243,91
2793,46322,13
2793,46972,21
2793,54844,9
2793,54864,9
2793,54868,16
2793,104448,178
2793,104664,23
2793,104763,8
2793,104962,6
2793,105188,10
2793,105399,103
2793,105402,21
2793,105445,9
2793,110483,7
2793,111883,20
2793,115008,136
2793,118389,38
2793,119592,40
2793,120376,7
2793,122079,11
2793,122906,28
2793,124089,14
2793,131316,6
2793,141653,1430
2793,141656,7
2793,141658,11
2793,141662,12
2793,141665,10
2793,141678,6
2793,141680,386
2793,141687,6
2793,141688,11
2793,141694,8
2816,6723,6
2816,13149,21
2816,13151,11
2816,13169,11
2816,108899,34
2816,108912,19
2816,108913,6
2816,108940,116
2816,113532,11
2816,113535,7
2887,115024,7
2887,115223,29
2887,122233,22
2896,16348,46
2896,115694,39
2910,15878,21
2910,40104,40
2910,43537,10
2910,105579,181
2910,106275,117
2910,134204,6
2911,106178,25
2911,106327,18
2916,37421,11
2916,37425,19
2919,106313,120
2919,109976,16
2939,122860,9
2939,126944,239
2956,9450,22
2956,106282,1228
2966,65227,13
2966,148392,17
2968,37465,43
2968,130182,9
2994,64125,24
2994,80342,8
2994,105888,173
2994,105907,12
2994,109748,270
2994,109815,44
2994,117048,14
2994,117334,7
2994,124946,6
2997,34077,41
2997,34112,244
2997,109968,7
3037,68955,26
3037,138539,15
3042,108386,18
3042,143835,73
3055,19198,8
3055,138119,9
3113,78285,12
3113,78287,33
3115,118831,14
3115,138643,320
3119,75026,56
3119,110730,12
3121,111807,6
3121,122162,8
3121,122426,799
3125,60107,53
3125,66208,10
3125,104480,42
3125,105780,353
3125,122628,10
3129,65145,9
3129,148340,115
3130,43429,8
3130,109389,375
3130,115984,28
3130,134128,7
3141,17654,113
3141,17655,6
3154,958,7
3154,109370,218
3159,37166,9
3159,115192,88
3174,104996,17
3174,111102,7
3178,108655,237
3178,121984,6
3178,134842,31
3236,13758,188
3236,113958,158
3236,113967,9
3249,33724,20
3249,127854,10
3249,127860,9
3249,127862,12
3249,127863,7
3253,2050,11
3253,13266,59
3253,14145,731
3253,27986,16
3253,34090,11
3253,43008,6
3253,48331,35
3253,48760,13
3253,65793,7
3253,105076,512
3253,105728,6
3253,105794,29
3253,105933,76
3253,105936,31
3253,106452,19
3253,108397,94
3253,108733,16
3253,109968,17
3253,114489,21
3253,114539,52
3253,124214,25
3253,130051,7
3253,136866,8
3253,138643,44
3253,148736,18
3253,148740,468
3253,148742,6
3253,148748,9
3253,148755,8
3254,113370,115
3254,115130,10
3267,82412,15
3267,110202,7
3267,118552,64
3267,159667,19
3267,159668,36
3302,14211,15
3302,30809,78
3302,48760,22
3302,110730,49
3302,126938,19
3311,49052,22
3311,49055,20
3325,88200,38
3325,113576,15
3333,13135,17
3333,108810,26
3336,105489,201
3336,105506,10
3336,105508,19
3338,7101,629
3338,108179,9
3338,132464,12
3343,105549,51
3343,107494,11
3343,116281,18
3343,117212,142
3343,129797,300
3349,1329,40
3349,16521,47
3352,57027,13
3352,57029,129
3374,104476,40
3374,106360,9
3376,681,17
3376,104725,16
3398,52577,40
3398,52579,78
3398,52581,172
3398,52584,18
3398,52586,37
3398,52599,33
3398,140247,6
3398,140251,40
3398,140252,9
3398,140255,51
3398,140265,8
3398,163899,12
3442,40163,131
3442,161531,7
3488,114328,50
3488,114330,25
3489,135725,14
3489,142482,62
3508,25375,15
3508,48760,10
3508,106309,274
3508,114480,9
3522,33262,136
3522,51728,56
3522,51736,660
3522,109408,19
3522,115023,9
3522,115489,10
3522,134780,7
3522,155553,845
3522,155556,7
3552,43678,118
3552,110262,19
3569,87081,34
3569,135494,363
3582,106585,27
3582,129857,6
3589,63424,109
3589,64497,430
3589,75710,427
3589,75716,15
3589,106059,577
3589,122083,54
3589,135739,147
3589,147891,229
3589,155426,17
3589,155427,17
3595,18995,6
3595,130434,50
3601,13827,22
3601,13829,8
3601,110764,407
3610,46180,13
3610,54458,53
3617,68206,22
3617,68208,7
3617,150335,104
3628,14138,13
3628,56262,94
3637,2050,6
3637,80333,16
3637,105794,57
3637,105936,11
3637,114079,8
3637,116749,112
3637,118138,14
3637,119988,74
3637,140359,6
3676,74041,90
3676,76028,116
3689,20027,15
3689,38428,34
3689,116540,15
3689,130825,18
3708,105332,84
3708,150932,92
3724,53353,10
3724,109237,9
3724,115911,54
3726,109006,46
3726,111005,13
3728,13827,10
3728,110764,95
3731,57847,12
3731,143570,42
3733,78822,100
3733,87351,7
3739,60482,10
3739,145308,41
3740,56829,50
3740,142911,26
3761,41905,19
3761,150550,19
3763,65150,29
3763,148344,80
3764,53825,60
3764,53826,12
3764,115774,12
3792,39456,52
3792,131441,10
3801,38991,12
3801,38994,37
3801,63935,34
3801,114421,11
3801,131139,238
3801,131141,76
3801,131142,237
3801,131143,39
3801,131144,169
3801,159594,146
3837,18283,6
3837,117107,122
3837,117109,6
3845,51541,130
3845,126547,496
3851,32528,27
3851,104887,6
3866,26520,10
3866,26527,113
3873,87287,14
3873,142919,292
3922,36829,76
3922,129771,54
3925,15210,6
3925,111877,9
3925,117282,22
3937,1191,8
3937,105121,52
3939,34090,7
3939,34149,43
3939,109968,68
3942,15288,18
3942,114987,93
3946,104940,128
3946,106323,200
3963,14145,225
3963,65793,9
3978,8655,127
3978,146371,74
4021,87203,6
4021,162716,1327
4024,7971,6
4024,46982,8
4024,115953,54
4024,144137,10
4048,125804,69
4048,134187,6
4060,497,12
4060,34033,189
4060,39065,23
4060,39066,13
4060,105767,29
4060,106243,11
4060,116336,13
4060,123075,8
4060,126077,19
4060,132375,37
4061,19982,7
4061,118322,6
4063,27651,12
4063,27654,66
4063,27658,14
4063,121722,12
4079,27510,7
4079,43006,42
4097,960,7
4097,5787,14
4097,46159,115
4097,79244,12
4097,113560,6
4097,157680,6
4098,135634,28
4098,135635,8
4111,37955,10
4111,109210,30
4111,113761,13
4115,99,85
4115,45422,24
4115,116383,16
4115,116387,17
4124,2630,19
4124,27825,17
4124,47583,27
4124,48760,63
4124,105794,24
4124,105933,36
4124,106309,218
4124,109226,7
4124,111043,6
4124,127437,7
4138,69775,11
4138,139037,16
4139,8936,667
4139,108731,242
4166,2343,324
4166,6563,46
4166,66204,33
4166,66208,9
4166,66213,357
4166,68996,183
4166,113468,9
4166,143939,14
4166,149013,8
4180,2040,54
4180,8815,8
4180,8823,51
4180,53609,43
4192,15210,30
4192,115968,50
4192,136569,15
4218,82279,6
4218,104703,959
4218,104707,18
4221,105257,31
4221,105762,6
4222,37825,6
4222,150517,10
4229,58593,7
4229,122682,50
4238,113447,78
4238,116063,6
4238,130146,96
4240,106263,377
4240,113751,19
4243,106263,319
4243,113751,19
4250,52121,8
4250,109301,69
4250,139944,7
4302,105079,127
4302,105080,14
4312,7851,14
4312,60825,9
4312,109752,188
4312,109753,54
4317,44205,21
4317,44206,13
4335,29734,9
4335,120361,9
4359,47742,9
4359,73429,7
4369,6928,210
4369,9212,113
4369,21403,50
4369,21677,8
4369,82788,12
4369,110733,91
4369,110735,15
4369,110738,32
4369,110747,32
4369,115928,81
4369,120457,42
4369,122891,16
4369,135454,29
4369,159874,8
4369,159878,6
4369,159889,9
4369,159894,7
4369,159897,6
4369,159910,11
4386,58707,6
4386,144121,14
4414,48760,64
4414,110352,172
4414,110353,16
4414,110354,504
4414,110357,6
4414,110362,6
4414,110363,45
4414,110366,7
4437,18947,45
4437,18949,7
4438,109294,13
4438,114520,6
4438,122069,45
4479,391,37
4479,37392,16
4479,104542,36
4479,146625,9
4484,16652,8
4484,16653,13
4512,110417,52
4512,137633,980
4533,120032,34
4533,143325,10
4552,109035,8
4552,109748,786
4552,109804,305
4552,109814,10
4585,37217,15
4585,37218,10
4585,37219,6
4587,59353,13
4587,59354,13
4587,59357,174
4587,118461,21
4587,124850,793
4587,136904,244
4587,144541,75
4587,144543,327
4595,57638,11
4595,143433,9
4611,74310,147
4611,114261,8
4632,5695,182
4632,88369,18
4632,88370,84
4632,139727,92
4637,48840,195
4637,130711,44
4649,14505,26
4649,14526,57
4649,80454,8
4649,105794,166
4649,105936,8
4649,120610,21
4649,127398,12
4649,131278,7
4649,158335,7
4652,17731,268
4652,104664,11
4686,65092,135
4686,113321,364
4693,34028,92
4693,111006,6
4693,113890,10
4712,17353,8
4712,20914,257
4712,65832,6
4712,106442,26
4712,115086,9
4719,24359,22
4719,109861,55
4719,135984,28
4727,25747,10
4727,29573,38
4727,33266,61
4727,116661,50
4727,147132,32
4727,163760,19
4742,138182,472
4742,138188,24
4753,30163,13
4753,56150,7
4753,109246,6
4753,109280,55
4753,109538,345
4753,110000,27
4753,121121,8
4754,125168,194
4754,155400,8
4771,82565,59
4771,159757,270
4822,110456,12
4822,134319,64
4823,22869,32
4823,113170,6
4830,8815,19
4830,25877,7
4830,26664,6
4830,26697,80
4830,26706,24
4830,119300,1791
4830,122936,7
4830,122937,7
4830,122964,6
4838,14479,13
4838,14481,11
4838,14482,7
4862,37501,7
4862,37502,9
4869,6126,38
4869,6287,36
4869,6426,7
4884,66737,165
4884,66738,126
4886,14138,12
4886,14141,10
4886,56262,86
4906,1726,6
4906,1956,8
4906,1988,14
4906,1991,18
4906,2017,21
4906,22677,7
4906,23779,8
4906,66208,12
4906,80876,7
4906,85450,7
4906,104723,10
4906,104749,57
4906,105102,23
4906,105147,674
4906,105362,12
4906,105529,2517
4906,105537,6
4906,105540,9
4906,105542,7
4906,105568,207
4906,105582,221
4906,105624,39
4906,105703,13
4906,105721,26
4906,105726,6
4906,105755,33
4906,105767,26
4906,105795,19
4910,18071,6
4910,81395,6
4929,105311,71
4929,106415,387
4929,148915,9
4929,148917,98
4930,1714,10
4930,8197,12
4930,9278,9
4930,9983,6
4930,17180,12
4930,32453,8
4930,54582,12
4930,67211,8
4930,74990,635
4930,104896,6
4930,105780,6
4930,105968,8
4930,106199,11
4930,106243,625
4930,107032,8
4930,108432,17
4930,109294,40
4930,109932,7
4930,110117,6
4930,110754,15
4930,121200,17
4930,131531,10
4930,149653,19
4967,118639,31
4967,144367,113
4972,104468,101
4972,126563,10
4982,6563,37
4982,17880,4066
4982,18269,10
4982,39085,32
4982,64604,15
4982,79195,8
4982,105655,6
4982,110301,25
4982,110454,7
4982,131202,21
4982,143114,7
4982,157639,17
4982,157640,16
4982,157646,25
4982,157647,6
4982,157648,53
4982,157652,26
4982,157654,25
4985,19652,8
4985,127155,30
4985,148372,6
4988,26123,41
4988,26132,10
4988,26136,6
4988,26143,20
4988,26146,22
4988,26148,43
4988,26166,45
4988,26167,1124
4988,26169,50
4988,26170,114
4988,26171,45
4988,26172,160
4988,26173,170
4988,122588,587
4988,122593,20
4988,122596,25
4988,122598,67
5007,52834,40
5007,104761,8
5007,106274,8
5021,27486,817
5021,110578,32
5021,126395,10
5029,19198,81
5029,136916,293
5047,113370,2950
5047,130336,7
5047,130337,19
5047,130339,7
5048,21297,7
5048,106241,36
5048,121043,380
5049,135454,529
5049,146698,37
5053,44692,37
5053,83608,54
5053,105493,6
5053,109555,286
5053,115984,8
5053,121036,11
5053,122906,20
5055,61578,8
5055,146030,214
5096,34033,85
5096,105766,14
5096,127999,41
5096,137811,7
5097,1134,14
5097,8295,15
5097,8424,7
5097,8712,59
5097,8725,10
5097,8737,10
5097,15652,29
5097,105434,85
5097,106300,12
5097,109171,265
5097,109306,102
5097,109392,27
5097,110029,28
5097,110048,6
5097,110074,20
5097,110167,58
5097,110215,13
5097,110306,11
5097,110381,7
5097,110397,9
5097,127694,16
5106,1329,7
5106,31014,8
5106,106211,8
5106,108179,33
5153,128202,17
5153,130232,54
5153,130233,6
5187,105178,17
5187,116369,25
5187,125804,247
5280,60068,9
5280,145038,75
5294,104502,12
5294,121411,22
5329,104761,8
5329,130106,36
5331,55685,20
5331,55686,21
5331,142197,9
5361,14214,10
5361,26509,68
5361,86427,20
5361,113529,16
5361,122825,76
5364,14526,21
5364,27986,17
5364,53405,12
5364,108733,46
5364,113318,229
5364,136922,11
5379,31818,6
5379,134895,79
5388,50622,26
5388,138950,39
5404,14505,26
5404,108208,6
5404,113318,404
5423,19737,144
5423,118281,197
5425,20318,23
5425,114247,6
5425,117282,63
5428,19069,15
5428,19071,7
5428,19072,20
5428,19077,33
5428,50975,102
5428,58341,36
5428,117656,28
5443,14533,34
5443,105794,16
5443,106309,57
5443,106310,6
5443,108397,46
5443,113318,17
5443,116749,8
5443,123869,137
5443,127392,10
5443,127394,23
5443,145114,7
5474,20073,304
5474,26775,7
5507,108545,9
5507,124004,7
5518,13169,8
5518,50826,110
5518,111655,14
5518,115564,266
5518,136967,57
5518,139088,15
5558,88512,7
5558,126856,69
5560,44350,14
5560,134765,45
5583,26288,205
5583,26293,8
5583,113429,122
5583,114289,13
5583,117762,7
5583,122679,134
5583,139753,6
5584,108467,13
5584,116252,314
5584,123628,8
5585,26697,8
5585,148309,368
5589,5920,8
5589,28446,519
5589,28468,6
5589,28497,8
5589,124208,34
5589,124210,13
5589,124218,6
5589,124224,7
5626,15210,24
5626,111877,26
5626,117282,164
5631,62232,7
5631,108782,135
5653,8197,83
5653,105951,8
5661,31471,28
5661,126319,63
5696,1714,27
5696,73429,9
5696,104940,26
5722,19524,6
5722,106104,296
5722,108179,15
5722,109177,8
5722,109390,8
5722,114347,11
5722,115038,11
5722,118836,6
5722,118989,539
5722,119082,32
5722,142519,129
5725,118843,33
5725,136120,63
5725,136128,8
5728,17344,10
5728,105397,890
5728,105951,91
5728,116401,9
5728,116403,59
5728,116405,7
5728,116407,9
5729,80855,8
5729,158672,39
5735,79410,7
5735,157785,20
5763,20914,11
5763,115179,36
5763,124830,10
5763,128225,11
5789,88827,22
5789,130821,33
5796,106239,11
5796,112780,563
5796,127038,11
5796,127039,14
5796,127046,6
5800,33075,31
5800,108994,9
5827,53262,6
5827,104865,58
5829,105346,1166
5829,122799,11
5833,70148,124
5833,70150,19
5844,54424,11
5844,141383,9
5845,42275,28
5845,133353,97
5858,120277,308
5858,131080,16
5872,131490,16
5872,139870,47
5876,50202,19
5876,109294,90
5902,41001,8
5902,51358,6
5902,71269,9
5902,106211,7
5902,108179,563
5902,108461,15
5902,118764,8
5902,152342,10
5930,24633,217
5930,58135,6
5930,104653,11
5930,105722,16
5930,109179,149
5930,121581,8
5932,69919,8
5932,109808,108
5941,105488,7
5941,105489,22
5959,25048,30
5959,88137,44
5959,135397,10
5959,135398,21
5986,19155,6
5986,69787,75
5987,81965,16
5987,159371,18
5994,105333,12
5994,106207,16
5994,109188,337
5994,128031,119
5994,132100,6
5994,143361,67
5994,150609,6
5994,159700,7
6007,159713,9
6007,159714,8
6021,2003,10
6021,128313,54
6035,9245,408
6035,19205,10
6035,45788,7
6035,104747,6
6035,109351,13
6035,118631,6
6035,124830,18
6039,108452,180
6039,114375,74
6039,119915,17
6052,69024,6
6052,122430,7
6080,47583,53
6080,53401,68
6080,106309,71
6080,114542,13
6084,37006,8
6084,116580,7
6084,121472,390
6084,157333,10
6088,78862,23
6088,110581,89
6106,7651,26
6106,41558,7
6106,88137,1017
6106,88138,90
6106,88139,27
6106,88140,63
6106,88141,589
6106,108912,16
6106,118989,84
6106,163304,13
6106,163305,13
6106,163310,6
6106,163311,8
6137,50709,6
6137,104883,789
6137,104886,7
6137,104887,6
6137,104895,13
6137,104920,15
6137,105780,81
6142,8840,272
6142,46635,108
6142,50085,9
6142,56687,11
6142,81834,70
6142,118530,12
6142,118639,7
6142,147431,28
6153,55005,6
6153,140087,88
6157,32545,17
6157,36885,42
6157,46980,21
6180,7214,14
6180,22575,38
6180,83448,35
6184,32741,60
6184,105340,17
6191,44008,32
6191,44012,28
6191,134521,6
6191,134522,12
6202,6098,179
6202,25747,10
6202,74310,488
6204,20027,9
6204,38429,6
6204,130828,9
6206,106263,396
6206,113751,16
6240,6288,39
6240,60107,142
6240,120655,1384
6240,145058,6
6240,145061,541
6240,145069,6
6240,145076,7
6240,145078,9
6240,145082,12
6264,85693,1696
6264,105409,15
6264,105794,11
6304,119141,7
6304,122872,147
6307,15210,22
6307,52114,501
6307,52115,8
6319,13585,43
6319,113844,20
6322,64621,202
6322,64636,15
6322,146006,7
6322,147974,13
6322,147975,10
6322,147976,6
6322,147978,11
6322,147979,14
6322,147980,15
6322,147982,203
6325,2488,21
6325,154762,42
6340,22068,95
6340,74623,40
6375,56226,197
6375,119283,817
6385,104769,12
6385,105780,44
6385,109390,6
6388,37791,49
6388,42292,6
6388,110549,8
6388,110803,9
6388,113602,13
6388,133365,79
6396,40145,6
6396,109306,60
6396,110172,28
6404,6574,7
6404,86011,379
6404,105339,16
6404,106933,9
6404,129875,7
6431,32559,6
6431,33280,6
6431,37630,6
6431,106965,6
6431,108183,17
6431,108725,387
6431,108854,20
6431,110671,7
6431,117112,19
6431,120081,7
6431,126955,9
6431,127559,8
6431,127570,8
6431,127575,6
6436,40144,50
6436,43054,32
6437,2987,7
6437,78296,305
6437,78302,15
6437,78306,39
6437,117167,6
6437,117181,6
6437,118899,13
6437,154603,6
6438,82635,11
6438,159796,25
6466,105098,126
6466,105631,6
6503,26180,6
6503,59159,183
6503,105370,6
6503,123075,22
6503,138126,7
6512,59048,68
6512,59053,6
6512,105602,33
6512,105756,17
6512,106410,7
6512,108925,22
6512,119082,7
6512,136679,8
6512,143079,7
6512,144360,7
6512,144364,10
6512,144373,8
6512,144374,8
6536,85271,99
6536,85272,7
6558,42817,60
6558,131228,161
6574,104513,59
6574,125171,16
6606,113486,9
6606,140006,29
6623,53300,247
6623,140706,992
6627,108899,60
6627,108940,52
6627,113530,26
6627,113533,7
6635,24403,9
6635,67024,1275
6635,130963,35
6640,8815,76
6640,14505,11
6640,53391,29
6640,105933,104
6640,109968,7
6640,116749,80
6644,1351,23
6644,12957,111
6644,26180,119
6644,26181,196
6644,109399,7
6644,122604,7
6657,105448,146
6657,119776,23
6660,46688,30
6660,109097,7
6660,116302,40
6660,163720,208
6706,61613,7
6706,86864,59
6706,86865,71
6706,86866,28
6706,86871,6
6706,162516,18
6707,15546,15
6707,18794,7
6707,38300,12
6741,38736,68
6741,117618,197
6752,21300,281
6752,141006,10
6774,106263,92
6774,113751,17
6776,6098,13
6776,74310,33
6782,2651,9
6782,23053,96
6782,23057,28
6782,109858,7
6785,79449,7
6785,105228,114
6801,14505,8
6801,34077,25
6801,34112,228
6801,87541,7
6801,105702,41
6801,109968,12
6810,33377,36
6810,106278,85
6822,31991,8
6822,34730,16
6822,34731,112
6822,34737,11
6822,34741,16
6822,77634,22
6822,125182,8
6822,126395,23
6822,128512,58
6822,128515,6
6822,128519,21
6825,110313,99
6825,118965,8
6825,161841,7
6840,62666,88
6840,67159,38
6841,8203,14
6841,8204,12
6851,20034,6
6851,105799,211
6854,8163,7
6854,17604,10
6854,104768,15
6854,104769,9
6854,105493,15
6854,115988,785
6854,116603,6
6854,116606,6
6879,47543,52
6879,105049,6
6879,121154,12
6886,15652,10
6886,74631,57
6887,7101,40
6887,45312,491
6887,63373,55
6887,73745,15
6887,77207,15
6887,105568,89
6887,105571,30
6887,114595,6
6887,121052,20
6895,38484,64
6895,38485,18
6902,115144,34
6902,129982,182
6936,132197,17
6936,144128,24
6936,144526,50
6936,160495,243
6936,160550,44
6936,160554,11
6977,70561,91
6977,75018,15
7006,16193,27
7006,141403,144
7052,8174,8
7052,30662,31
7052,118394,144
7058,6383,126
7058,41238,7
7058,77993,16
7058,105589,17
7058,113487,6
7058,145500,13
7060,78235,6
7060,78862,10
7060,109075,7
7060,157044,64
7088,75969,485
7088,85378,11
7088,155553,49
7111,2441,8
7111,54375,158
7111,54376,7
7132,115212,14
7132,120827,123
7135,28305,36
7135,70642,92
7142,7188,8
7142,15652,19
7142,21185,7
7142,27774,60
7142,104447,6
7142,104653,9
7142,105625,9
7142,109951,1382
7142,116629,7
7142,117150,10
7152,1732,9
7152,55360,16
7152,74923,54
7152,108179,565
7152,109084,59
7152,109130,6
7155,11501,29
7155,27909,10
7155,123836,13
7155,148803,24
7216,7229,8
7216,104763,6
7216,105170,115
7216,108179,75
7216,116751,7
7229,56776,46
7229,142880,14
7233,1815,11
7233,20073,689
7233,40026,83
7233,51531,7
7233,105766,39
7233,110668,22
7233,119671,14
7233,130579,8
7233,134245,22
7242,39901,30
7242,56440,7
7242,105029,11
7242,109084,221
7242,109343,6
7242,109538,189
7242,109539,57
7242,109541,11
7242,109546,75
7262,24633,10
7262,105722,51
7262,110764,66
7276,80802,394
7276,158643,50
7282,59704,56
7282,144776,15
7289,115740,6
7289,116323,7
7311,65636,116
7311,65637,30
7324,13169,90
7324,25747,54
7324,145246,114
7326,582,6
7326,112299,78
7334,131764,7
7334,136114,1327
7354,119684,60
7354,162220,9
7362,19528,10
7362,106178,56
7392,88765,11
7392,164080,23
7395,73429,47
7395,108183,10
7410,23519,475
7410,140534,33
7418,8840,9
7418,81834,28
7423,115712,10
7423,141662,38
7439,115644,65
7439,120645,7
7439,124809,92
7439,143625,15
7441,20027,9
7441,116540,225
7453,5798,6
7453,24109,10
7453,59681,18
7453,81371,7
7453,105362,41
7453,114608,83
7453,143252,7
7464,226,16
7464,56186,6
7464,113450,9
7477,7379,12
7477,23263,43
7477,104763,6
7477,118986,11
7499,8042,14
7499,108892,254
7499,109042,9
7499,109877,439
7504,70492,26
7504,108154,16
7504,111009,377
7504,116531,7
7504,117617,6
7521,23495,13
7521,42656,1441
7521,42757,8
7521,104477,9
7521,117960,12
7521,126635,16
7521,133661,6
7521,133666,15
7539,105493,53
7539,111006,6
7545,483,310
7545,488,31
7545,489,7
7545,104595,8
7548,109538,22
7548,109539,237
7548,140446,33
7549,18129,15
7549,29597,9
7570,39433,14
7570,39434,7
7590,14385,8
7590,23245,121
7590,30784,7
7590,30809,784
7590,30810,60
7590,42656,17
7590,105696,35
7590,109613,7
7614,1681,7
7614,2056,10
7614,16716,9
7614,25747,7
7614,45385,48
7614,45422,6
7614,49606,17
7614,108353,40
7614,109389,2137
7614,109651,6
7614,110995,20
7614,115447,7
7614,116614,11
7614,127953,8
7614,133530,39
7614,135464,14
7614,135487,22
7614,135489,6
7614,163729,6
7614,163874,17
7635,34358,6
7635,34360,193
7643,51338,107
7643,141997,84
7645,6581,8
7645,6585,9
7657,43791,24
7657,134376,6
7659,66208,232
7659,110553,40
7672,104837,45
7672,160485,456
7672,160903,6
7674,47218,232
7674,47219,658
7674,47223,68
7674,136695,16
7695,53070,96
7695,128407,6
7704,75478,7
7704,114308,16
7704,127423,28
7761,8647,11
7761,50998,268
7761,58487,32
7761,113652,432
7761,144007,6
7761,144008,14
7815,52017,315
7815,52019,501
7815,52021,118
7815,52029,11
7815,52031,42
7815,52045,72
7815,52050,8
7815,52058,8
7815,124074,11
7815,139879,2633
7815,139880,67
7815,139881,202
7815,139883,306
7815,139884,325
7815,139885,121
7815,139890,13
7815,139891,136
7815,139897,27
7815,139899,12
7815,139900,7
7815,139903,9
7815,139904,6
7815,139905,21
7843,23519,10
7843,140534,27
7854,105332,67
7854,150932,487
7858,83945,120
7858,83946,12
7862,9552,18
7862,105053,9
7870,109064,14
7870,109840,68
7870,111062,11
7933,62444,11
7933,62454,18
7933,113614,120
7933,146578,41
7939,9572,6
7939,42656,92
7939,42657,16
7942,55282,6
7942,138330,267
7945,38772,24
7945,105506,7
7945,117212,12
7945,124987,2626
7945,127637,61
7945,129770,7
7945,154528,6
7945,154530,8
7950,6957,36
7950,139338,68
7970,105067,55
7970,114079,8
7978,77671,9
7978,146595,62
7982,122487,29
7982,123931,19
8014,8434,10
8014,116816,6
8029,1714,32
8029,13732,9
8029,19155,10
8029,30809,6
8029,34033,48
8029,44619,12
8029,44692,8
8029,50644,11
8029,59635,6
8029,83608,14
8029,85515,20
8029,104494,12
8029,104749,11
8029,104888,6
8029,104940,150
8029,104946,16
8029,105029,6
8029,105098,14
8029,105145,23
8029,105178,24
8029,105576,6
8029,105827,6
8029,108179,357
8029,108240,8
8029,108456,17
8029,109084,567
8029,109222,11
8029,109463,7
8029,109538,52
8029,109539,175
8029,109555,65
8029,109557,9
8029,110917,11
8029,113170,25
8029,113450,346
8029,113980,30
8029,114260,21
8029,114289,30
8029,114449,7
8029,114763,12
8029,115187,13
8029,115360,10
8029,115984,8
8029,116676,7
8029,119353,6
8029,122384,12
8029,123622,6
8029,136331,127
8029,140446,32
8029,160248,18
8038,23245,25
8038,105620,555
8038,109184,65
8038,110117,6
8042,23469,1232
8042,24801,440
8042,105819,15
8042,121420,12
8043,126495,8
8043,126496,35
8060,32815,16
8060,47620,84
8068,27796,8
8068,27797,108
8069,2095,6
8069,13640,7
8069,17282,15
8069,22320,126
8069,30183,50
8069,33377,29
8069,42638,2435
8069,42656,62
8069,75831,8
8069,75839,8
8069,75856,16
8069,104769,260
8069,106278,6
8069,109493,6
8069,115334,205
8069,127607,36
8069,127639,30
8069,133970,42
8069,139133,23
8069,141687,8
8069,154392,9
8069,154732,12
8069,155502,11
8069,155507,64
8069,155522,8
8079,24983,8
8079,110775,34
8081,8424,450
8081,32263,11
8081,37791,9
8081,119303,18
8087,108906,18
8087,110181,79
8096,13822,141
8096,13827,136
8096,13829,142
8096,24382,7
8096,40026,8
8096,109555,18
8096,110764,598
8096,114005,48
8096,117874,8
8096,119710,6
8096,121394,13
8096,121406,17
8096,121408,25
8096,121410,7
8107,14215,107
8107,125111,17
8109,17242,31
8109,43354,8
8109,109539,211
8150,65970,126
8150,65971,8
8150,130469,8
8181,20073,272
8181,105568,6
8217,25968,113
8217,116434,11
8230,9330,10
8230,110829,52
8234,28075,32
8234,74223,31
8234,116168,6
8236,5760,197
8236,145166,32
8247,45570,97
8247,45571,9
8312,24410,41
8312,160779,6
8316,87515,18
8316,87518,10
8319,50370,8
8319,77207,16
8319,104760,48
8319,109302,49
8319,126654,6
8319,156506,8
8345,105370,6
8345,109491,909
8347,32552,8
8347,106204,226
8347,153331,173
8347,157035,6
8362,74223,8
8362,106299,82
8362,106300,13
8373,110642,11
8373,122818,51
8373,126014,18
8373,148905,21
8373,148912,6
8390,106075,110
8390,106104,11
8390,109399,12
8395,498,39
8395,499,9
8406,27986,58
8406,48760,38
8406,56440,14
8406,105936,10
8406,109747,19
8406,113318,233
8406,115129,6
8406,119140,9
8406,119148,6
8406,134150,25
8406,136922,12
8406,152102,7
8406,158382,122
8406,158384,7
8425,1714,53
8425,104940,25
8469,36067,8
8469,113839,198
8506,104774,11
8506,110115,29
8513,12870,8
8513,50709,48
8516,37344,13
8516,135653,8
8516,145556,7
8528,36822,222
8528,129767,30
8528,129857,10
8536,26181,11
8536,58582,11
8541,14226,94
8541,79310,7
8579,1233,26
8579,138555,134
8580,1144,182
8580,6649,7
8580,28073,873
8580,54640,19
8580,80509,112
8580,108171,113
8580,108172,19
8580,158461,8
8580,158463,87
8581,134331,23
8581,134332,6
8629,51613,576
8629,108291,7
8629,109037,14
8629,115583,6
8630,52704,324
8630,140327,25
8630,140328,154
8630,140329,6
8652,105449,29
8652,109267,80
8665,81513,60
8665,81515,6
8698,65903,37
8698,65904,20
8698,65907,34
8698,65909,193
8709,5658,40
8709,5662,7
8711,14441,9
8711,31227,9
8711,114449,22
8711,139963,6
8719,17793,26
8719,17794,6
8719,104551,92
8753,6688,103
8753,6696,2113
8753,6708,106
8753,6715,40
8753,6719,314
8753,6723,668
8753,6724,197
8753,6725,927
8753,6726,393
8753,6727,536
8753,6728,157
8753,6729,58
8753,6748,92
8753,108892,102
8753,108906,45
8753,108909,10
8757,88552,55
8757,163575,21
8765,1703,6
8765,19205,718
8765,52085,7
8771,80956,19
8771,109823,41
8771,110366,1084
8771,158729,33
8802,149460,7
8802,149461,139
8816,121224,219
8816,157133,44
8816,157134,22
8822,43153,14
8822,120789,12
8836,23276,52
8836,23277,45
8848,82432,8
8848,159693,110
8859,104962,9
8859,105305,21
8859,109079,127
8859,110938,47
8863,105319,236
8863,114256,12
8870,113469,60
8870,122737,53
8884,8023,47
8884,66179,26
8886,135919,167
8886,135922,21
8891,7571,332
8891,19163,10
8891,19166,36
8898,109802,14
8898,123679,122
8909,21967,81
8909,51324,18
8909,54049,17
8909,54059,10
8909,54060,6
8909,54068,15
8909,54080,6
8909,105398,8
8909,116303,13
8909,119244,19
8909,138787,10
8948,120700,115
8948,144595,9
8951,6427,9
8951,15652,16
8951,106173,265
8958,33655,70
8958,127825,8
8963,53517,17
8963,53518,35
8966,1714,17
8966,104940,28
8966,108133,11
8986,12641,44
8986,108178,59
8991,88338,13
8991,163431,50
8992,37493,13
8992,37494,65
9000,109042,25
9000,117246,62
9019,43928,171
9019,120193,15
9019,126555,44
9019,134461,14
9019,134462,67
9019,134465,8
9025,42613,33
9025,106193,13
9036,40378,176
9036,55288,38
9038,25737,10
9038,25742,9
9038,122332,6
9066,9405,34
9066,16645,41
9093,81454,6
9093,129591,12
9095,1989,61
9095,6602,9
9095,16757,10
9095,16767,8
9095,16797,6
9095,16926,27
9095,16983,10
9095,17044,29
9095,17095,1151
9095,17115,24
9095,27642,11
9095,34219,14
9095,47773,11
9095,85450,242
9095,105189,14
9095,105488,85
9095,105489,8
9095,105502,18
9095,105604,8
9095,105721,19
9095,105845,6
9095,105995,70
9095,106479,16
9095,106495,42
9095,110037,7
9095,110101,13
9095,110117,9
9095,110181,23
9095,110339,22
9095,110360,6
9095,115944,8
9095,115945,7
9095,115949,9
9095,115953,14
9095,115955,14
9095,115961,31
9095,115970,11
9095,115977,7
9095,115995,39
9095,115996,59
9095,115999,20
9095,116004,26
9095,116006,29
9095,116010,9
9095,116012,20
9095,116013,23
9095,116014,17
9095,116017,21
9095,116026,10
9095,116031,6
9095,116039,11
9095,116042,9
9095,116061,27
9095,116110,10
9095,116133,25
9095,116147,7
9095,116158,10
9095,116165,6
9095,116168,6
9096,41905,47
9096,68528,7
9105,31507,55
9105,52526,94
9107,108270,10
9107,119586,19
9107,120843,10
9123,74310,487
9123,80628,6
9123,88137,16
9124,24919,16
9124,39275,101
9134,6427,8
9134,17707,27
9134,106075,34
9134,109858,10
9161,21785,7
9161,72220,11
9200,112131,12
9200,119800,65
9208,33564,20
9208,38385,35
9208,75026,166
9208,124052,19
9208,161843,11
9215,6581,6
9215,6585,167
9216,80855,16
9216,158672,10
9219,62869,94
9219,155106,9
9225,111009,407
9225,113145,22
9225,116864,7
9245,556,9
9245,9029,158
9245,9033,30
9245,9287,8
9245,13640,21
9245,30423,7
9245,30431,12
9245,30438,6
9245,30449,6
9245,30453,15
9245,30456,9
9245,30457,7
9245,30468,10
9245,30469,8
9245,30476,13
9245,30486,13
9245,66761,6
9245,74223,14
9245,104742,9
9245,105161,6
9245,105549,11
9245,106089,33
9245,106181,7
9245,109097,6
9245,109306,6
9245,110112,1465
9245,110117,12
9245,115591,73
9245,115740,44
9245,117586,11
9245,121472,6
9245,125615,7
9245,125620,25
9245,125622,8
9245,125623,62
9245,125624,10
9245,125628,36
9245,125633,35
9245,125636,8
9245,125643,24
9245,125646,6
9262,104468,205
9262,108925,6
9264,996,13
9264,9093,81
9264,137013,6
9264,152051,10
9287,19973,14
9287,105325,9
9287,114308,75
9308,37146,9
9308,37147,10
9308,108957,70
9308,129988,51
9316,104889,7
9316,109085,14
9320,6383,326
9320,80809,11
9320,117388,37
9320,121738,6
9320,126167,6
9320,135746,16
9320,156913,8
9341,132113,33
9341,139292,17
9341,139293,7
9353,33148,17
9353,33151,52
9355,69146,60
9355,113570,589
9355,150938,99
9355,150939,163
9378,42656,15
9378,52834,195
9378,64413,72
9378,67087,19
9378,67091,18
9378,104537,15
9378,106241,7
9378,109048,551
9378,110392,13
9378,115360,60
9402,2376,87
9402,105999,235
9402,106006,65
9417,53475,13
9417,115171,313
9417,137963,64
9417,137964,9
9435,582,26
9435,34582,26
9441,61740,22
9441,114127,10
9441,146130,58
9449,10590,38
9449,10680,51
9449,46098,10
9449,109702,27
9449,111243,241
9457,20832,33
9457,32263,127
9457,78288,50
9462,104447,8
9462,105780,14
9462,111052,9
9462,115841,272
9462,119296,9
9462,124042,38
9464,77692,7
9464,105448,84
9464,109574,17
9464,143969,41
9484,48444,8
9484,74721,54
9485,21752,231
9485,84324,21
9485,108432,10
9485,113450,8
9496,110042,58
9496,129984,11
9504,33862,299
9504,68326,35
9504,68327,106
9504,80917,35
9504,80923,24
9504,80927,9
9504,80931,6
9504,80932,279
9504,80938,9
9524,16797,6
9524,105434,7
9524,105995,390
9535,66552,18
9535,66554,6
9540,27219,6
9540,29347,9
9540,41255,9
9540,47976,10
9540,104866,1103
9540,105142,35
9540,110038,8
9540,114314,23
9540,129453,67
9540,134787,33
9540,148356,7
9559,38560,10
9559,106381,1176
9559,110579,29
9559,116918,6
9559,117768,6
9559,119868,12
9559,135762,7
9563,123679,904
9563,123683,11
9574,61602,31
9574,146039,14
9582,85684,8
9582,125620,11
9588,88701,9
9588,164037,45
9626,131103,75
9626,149511,470
9626,149512,233
9626,149513,45
9626,149521,9
9635,108174,10
9635,108175,8
9696,34201,122
9696,34203,28
9696,34204,567
9700,1971,16
9700,7254,11
9700,25882,80
9700,59159,26
9700,63373,798
9700,64287,8
9700,66213,16
9700,66858,10
9700,67196,61
9700,75994,6
9700,104614,18
9700,104748,149
9700,104763,6
9700,106075,8
9700,106148,14
9700,106224,27
9700,108179,16
9700,108249,33
9700,109177,6
9700,109186,15
9700,109765,8
9700,113832,8
9700,114261,7
9700,122891,718
9700,127276,7
9700,132383,7
9700,152638,8
9700,152640,11
9700,163626,12
9714,23360,98
9714,38725,254
9730,1017,48
9730,1018,7
9746,1714,72
9746,20603,8
9746,104940,27
9746,144294,9
9754,47491,128
9754,47492,120
9754,112364,23
9755,83608,10
9755,109084,7
9755,109538,20
9755,109555,14
9769,70534,10
9769,112091,29
9769,122261,6
9769,132197,17
9769,144526,202
9769,160468,122
9769,160473,8
9771,116313,20
9771,140972,22
9780,18659,8
9780,106482,13
9780,116058,553
9796,25550,8
9796,122200,12
9804,138486,13
9804,162501,47
9804,162503,64
9810,22994,20
9810,108172,6
9852,1607,211
9852,1617,20
9852,1627,18
9852,1628,33
9852,105448,36
9873,38391,203
9873,113850,7
9878,53737,23
9878,124004,28
9878,140961,9
9883,84130,15
9883,114273,7
9895,149532,35
9895,149533,40
9928,26443,230
9928,26444,13
9945,66208,6
9945,110553,102
9955,14441,39
9955,114449,70
9962,119094,100
9962,134331,32
9962,159716,11
9990,319,7
9990,7241,6
9990,15652,11
9990,104468,7
9990,104903,6
9990,105178,7
9990,106224,40
9990,108179,346
9990,109254,22
9990,109305,11
9990,109312,10
9990,109319,9
9998,51427,832
9998,104480,6
10006,13138,9
10006,105794,26
10006,118427,6
10031,6725,25
10031,78109,52
10034,22320,14
10034,104484,6
10034,106252,282
10034,127953,16
10046,68955,167
10046,138539,51
10062,7020,91
10062,26193,6
10062,37748,34
10062,114324,8
10062,116037,13
10072,53641,98
10072,53643,9
10072,53645,27
10089,13827,21
10089,13829,17
10089,110764,212
10096,111290,166
10096,143370,13
10101,53719,91
10101,53721,30
10101,140953,8
10112,20866,125
10112,27555,1473
10112,27559,8
10112,104898,22
10112,105702,7
10112,123587,13
10112,123588,17
10125,106538,9
10125,113321,335
10148,18034,6
10148,38519,15
10148,38525,25
10148,38564,53
10148,105527,23
10148,113544,66
10152,40378,71
10152,55286,9
10164,29610,11
10164,125036,23
10217,6668,10
10217,37471,10
10217,106075,200
10217,106244,10
10217,106387,38
10217,109294,7
10217,130192,7
10219,12641,22
10219,12814,321
10219,104722,11
10234,140214,63
10234,140215,7
10245,3015,275
10245,106459,22
10245,106462,33
10256,49787,8
10256,49788,167
10256,49798,10
10256,138415,21
10259,86452,145
10259,86456,91
10259,116306,29
10260,104763,23
10260,131476,14
10290,115901,19
10290,130748,252
10304,29589,14
10304,124984,6
10304,124985,21
10335,83808,11
10335,131000,12
10335,132197,6
10335,144526,95
10335,160467,149
10335,160473,8
10335,160566,7
10338,46866,73
10338,46870,73
10338,115293,9
10338,122834,30
10338,136460,12
10342,58520,228
10342,144028,25
10367,23576,25
10367,104869,9
10369,110148,26
10369,122093,115
10373,7443,6
10373,105589,10
10373,105716,7
10373,122891,352
10373,152042,14
10373,152043,14
10379,88888,31
10379,164155,13
10432,7101,109
10432,27238,12
10432,28069,12
10432,106075,32
10442,105653,18
10442,129802,13
10466,113980,26
10466,125826,129
10503,12607,34
10503,17503,6
10503,75226,7
10503,105371,35
10503,106059,6
10503,109328,168
10503,111009,11
10503,113149,50
10503,120225,28
10527,2343,34
10527,2345,550
10528,27137,12
10528,109999,11
10528,123236,11
10528,128576,23
10546,88137,10
10546,105720,192
10562,66208,49
10562,142253,7
10571,109084,59
10571,114260,12
10581,66921,6
10581,66922,42
10593,12960,8
10593,15821,9
10593,32519,6
10593,33441,6
10593,37143,15
10593,38560,6
10593,52734,8
10593,66761,17
10593,74639,7
10593,85590,6
10593,85610,7
10593,85622,11
10593,104885,224
10593,105055,62
10593,109097,2231
10593,109224,26
10593,109850,35
10593,110459,15
10593,113124,6
10593,114584,105
10593,143268,20
10593,150809,115
10593,153345,8
10593,155097,6
10593,161707,6
10612,162752,76
10612,162753,6
10616,115591,20
10616,116822,45
10631,49338,20
10631,138136,47
10645,8174,100
10645,13132,20
10645,62159,6
10645,104946,1050
10645,123059,10
10645,131330,8
10645,141511,7
10654,38047,18
10654,108270,8
10654,119586,7
10654,120843,13
10671,117421,9
10671,150521,24
10699,123679,1023
10699,127210,25
10699,136027,74
10699,136029,14
10746,67071,10
10746,129826,51
10746,129827,289
10747,66944,17
10747,104551,25
10747,105852,14
10747,123869,17
10747,127437,8
10747,138643,10
10757,108856,9
10757,118363,108
10765,25933,533
10765,123599,19
10770,84514,77
10770,135523,7
10777,226,6
10777,8174,14
10777,51597,9
10777,74990,748
10777,104946,294
10777,105631,9
10777,106089,7
10777,108556,9
10777,108715,8
10777,110170,21
10777,137615,10
10777,139607,17
10777,139622,25
10777,139624,6
10777,139631,6
10782,132522,30
10782,133577,165
10793,8989,7
10793,26898,6
10793,83027,8
10793,110399,10
10793,114359,388
10793,117083,357
10793,121357,52
10793,143037,9
10802,44188,36
10802,44192,160
10802,44194,147
10802,44195,41
10804,1790,197
10804,121055,8
10812,62783,64
10812,146797,17
10827,15652,6
10827,110941,271
10830,105456,9
10830,108349,259
10830,131734,7
10830,134245,36
10840,89098,10
10840,104483,7
10848,66018,430
10848,148884,19
10855,33575,12
10855,114273,29
10855,127766,207
10855,127770,30
10855,127772,18
10868,105780,14
10868,121625,557
10868,163891,10
10878,51979,71
10878,51981,95
10878,109716,13
10883,55574,9
10883,55604,19
10883,111844,9
10883,114242,75
10883,131347,6
10883,133498,143
10883,142143,8
10883,142144,8
10889,15896,131
10889,115395,110
10890,2987,55
10890,104996,9
10919,1441,127
10919,1714,157
10919,8882,22
10919,9586,23
10919,14203,6
10919,14211,10
10919,14214,7
10919,18424,6
10919,31534,6
10919,59159,7
10919,73429,406
10919,104887,31
10919,104940,15
10919,104947,17
10919,105681,195
10919,105722,7
10919,107927,27
10919,109483,108
10919,109770,35
10919,113552,45
10919,114265,14
10919,114266,52
10919,114273,57
10919,114274,10
10919,114287,10
10919,114296,12
10919,114301,13
10941,110232,7
10941,116580,12
10995,52575,233
10995,140243,27
11000,23519,20
11000,140534,6
11012,132122,6
11012,132123,103
11022,110456,17
11022,158217,186
11022,158218,6
11053,118028,104
11053,137459,169
11103,1810,31
11103,131437,26
11110,1714,12
11110,104940,24
11132,13149,17
11132,108899,23
11132,108940,56
11132,113537,6
11132,113553,15
11135,80834,1737
11135,129871,15
11137,42784,6
11137,133697,123
11158,46862,19
11158,65579,8
11158,107147,8
11174,49183,65
11174,49184,30
11174,49185,28
11174,49186,128
11174,49191,12
11174,126348,9
11174,138032,9
11198,13827,6
11198,110764,43
11200,34033,127
11200,108418,7
11200,109184,210
11203,86498,191
11203,86499,12
11205,15599,38
11205,23505,14
11205,39571,10
11205,42656,166
11205,105546,44
11211,2040,13
11211,24825,12
11211,83961,18
11211,83968,14
11226,106059,22
11226,109985,7
11251,27923,17
11251,120511,6
11276,3136,70
11276,13259,6
11276,16850,8
11276,18424,30
11276,20025,128
11276,20607,9
11276,24034,6
11276,25279,22
11276,27986,16
11276,30150,6
11276,30163,133
11276,30225,19
11276,30235,10
11276,30242,10
11276,83721,8
11276,104454,6
11276,104962,7
11276,105368,7
11276,105379,7
11276,105403,1402
11276,105456,31
11276,105568,41
11276,105576,10
11276,105594,17
11276,105633,9
11276,105722,193
11276,105819,22
11276,105902,7
11276,109173,1974
11276,109430,25
11276,109687,16
11276,109694,23
11276,109695,45
11276,111807,32
11276,113913,7
11276,114166,12
11276,114608,26
11276,115051,6
11276,115306,10
11276,115374,7
11276,116764,7
11276,117828,9
11276,122770,7
11276,125407,20
11276,125408,10
11276,125419,8
11276,125425,6
11276,125429,20
11276,125434,21
11276,125435,14
11276,125441,13
11276,125458,11
11276,125461,11
11276,125465,6
11276,125467,12
11276,125471,22
11276,125475,7
11276,125477,7
11276,125482,7
11276,163626,46
11303,60557,6
11303,60558,7
11303,127999,21
11315,17707,7
11315,109084,12
11315,113170,26
11323,16651,20
11323,16652,35
11323,16653,17
11324,6581,26
11324,6585,40
11336,81512,17
11336,81513,114
11341,54591,60
11341,141492,15
11381,70142,105
11381,83637,151
11381,122255,17
11381,160428,10
11381,160430,41
11395,330,20
11395,16062,18
11395,16065,11
11395,16066,7
11395,18307,6
11395,28014,278
11395,59635,34
11395,79881,10
11395,84165,1155
11395,84166,882
11395,84167,213
11395,84168,21
11395,84169,266
11395,84170,20
11395,105838,47
11395,108688,54
11395,115995,12
11395,155726,11
11395,160785,96
11395,160787,38
11395,160789,12
11395,160792,10
11395,160793,14
11409,17880,57
11409,130214,42
11410,41219,50
11410,104468,2617
11410,117950,16
11419,13732,6
11419,109538,28
11428,115192,48
11428,121109,7
11441,25747,32
11441,145246,26
11443,9278,196
11443,86829,98
11449,77207,51
11449,104763,14
11449,105908,7
11449,106075,152
11449,109493,8
11458,104865,625
11458,115095,7
11458,127686,32
11458,138974,18
11458,140676,8
11458,140678,17
11468,20224,8
11468,104468,755
11468,105722,8
11485,26257,38
11485,26260,12
11485,122660,78
11491,40615,10
11491,109640,23
11491,115849,47
11491,118206,19
11507,1790,12
11507,6668,629
11507,47442,9
11507,47461,33
11507,85987,12
11507,85988,6
11507,105951,10
11507,115069,8
11507,115763,61
11507,116634,9
11507,117086,16
11507,117238,15
11507,117260,10
11507,118930,6
11507,119049,130
11507,122199,8
11507,132113,7
11507,136851,30
11520,110489,25
11520,136342,22
11521,2050,14
11521,27650,57
11521,38560,8
11521,47583,6
11521,66627,11
11521,80367,13
11521,109401,112
11521,158332,7
11521,158334,6
11522,319,9
11522,15065,12
11522,15080,10
11522,30809,1011
11522,66751,45
11522,66757,10
11522,66761,1253
11522,82480,7
11522,109603,12
11522,109948,77
11522,110048,34
11522,114320,6
11522,121474,8
11522,149337,423
11522,149338,43
11522,150211,8
11548,2343,30
11548,39634,61
11548,39636,15
11548,131583,13
11575,13827,14
11575,110764,130
11585,82432,15
11585,142852,544
11585,142853,7
11589,1441,370
11589,7046,17
11589,105226,13
11590,49251,13
11590,49252,77
11593,53840,9
11593,141028,6
11596,17327,50
11596,17330,111
11596,116392,11
11647,113466,319
11647,122701,6
11651,13002,7
11651,104468,173
11655,106309,27
11655,106310,6
11656,66761,232
11656,115724,7
11662,26429,14
11662,26430,6
11706,58593,588
11706,115153,175
11706,122682,42
11730,39571,122
11730,42656,37
11730,62315,22
11730,62321,18
11730,68592,14
11730,105546,126
11730,116781,6
11730,131539,32
11730,146504,11
11745,54234,84
11745,141256,8
11755,27555,105
11755,34222,45
11755,53778,12
11755,63373,134
11755,73698,2946
11755,74305,498
11755,89266,81
11755,137752,17
11755,163760,125
11755,163761,1004
11755,163898,43
11755,163938,64
11755,164138,9
11755,164373,20
11759,22608,101
11759,66077,132
11781,108569,599
11781,123689,8
11781,123697,8
11802,50950,8
11802,104490,6
11802,105098,324
11802,105780,131
11802,114315,6
11802,120361,14
11802,139163,9
11824,7241,13
11824,105452,119
11838,58041,9
11838,109051,96
11838,118107,48
11838,122881,8
11845,86970,21
11845,86971,9
11848,8332,19
11848,18042,16
11848,38610,11
11848,38900,44
11848,38907,7
11848,38955,12
11848,55164,421
11848,108913,342
11848,116926,17
11848,116928,22
11848,120852,6
11848,131094,41
11848,131097,6
11848,131099,19
11855,39030,57
11855,58601,182
11855,144071,23
11872,127394,6
11872,135725,22
11876,65840,18
11876,110017,188
11876,163291,9
11878,1812,6
11878,81551,7
11878,122605,10
11892,12641,40
11892,18297,10
11894,105206,67
11894,109853,9
11937,46282,14
11937,125953,167
11948,122737,212
11948,138370,16
11954,67059,26
11954,69046,6
11954,69071,6
11954,129566,10
11954,147741,7
11954,149563,11
11954,149566,11
11954,149567,746
11954,150876,6
11954,150877,8
11954,150879,13
11954,150885,6
11954,150909,6
11957,1441,91
11957,7046,15
11957,13992,9
11957,114110,6
11957,114114,11
11957,114116,7
11964,32987,15
11964,109438,8
11964,109868,6
11964,109896,9
11964,110139,366
11964,115344,15
11964,146015,74
11976,145676,149
11976,145677,10
11976,145679,8
12007,2336,364
12007,5673,21
12007,6615,29
12007,6643,122
12007,108829,27
12007,108833,7
12007,108834,11
12007,108837,18
12015,50016,88
12015,155679,23
12022,22791,12
12022,110198,25
12038,58141,228
12038,143775,51
12038,143778,18
12057,1818,1941
12057,26180,84
12057,46327,416
12057,46328,108
12058,33564,13
12058,75026,22
12058,124052,33
12058,161843,17
12061,104667,73
12061,106840,6
12127,105079,76
12127,105088,7
12140,80876,174
12140,141443,7
12151,18389,24
12151,29456,197
12160,138168,83
12160,138171,13
12186,34028,6
12186,105762,6
12186,106241,10
12186,108183,104
12194,45927,19
12194,120246,100
12215,110050,8
12215,125551,81
12217,37630,10
12217,109206,163
12221,2064,10
12221,136520,150
12226,80852,21
12226,88127,10
12226,143585,75
12235,109745,22
12235,135767,140
12238,2095,11
12238,6153,1284
12238,31483,7
12238,34071,7
12238,78660,46
12238,78690,17
12238,87580,21
12238,104487,6
12238,108546,19
12240,113140,31
12240,116434,6
12313,51098,125
12313,104769,6
12313,109224,9
12327,3021,13
12327,106472,21
12327,106473,14
12360,1523,38
12360,1527,51
12360,105381,48
12366,13135,41
12366,130375,6
12400,31842,12
12400,31898,862
12400,75310,13
12400,108502,6
12400,155173,11
12416,18521,7
12416,37917,39
12416,106371,465
12421,104723,9
12421,104749,30
12421,105051,15
12421,105147,133
12421,105529,615
12421,105530,11
12421,105540,12
12421,105562,11
12421,105568,86
12421,105581,6
12421,105582,38
12421,125034,6
12423,16193,130
12423,115596,33
12423,141403,109
12437,1441,20
12437,1714,467
12437,8840,10
12437,104940,28
12437,110264,8
12450,108925,8
12450,143079,11
12450,144373,22
12477,89331,6
12477,89332,16
12477,152854,1149
12507,36506,331
12507,36507,7
12526,105439,22
12526,105441,25
12533,31915,128
12533,157661,12
12558,62153,31
12558,146395,18
12562,118690,18
12562,118691,24
12570,104768,72
12570,122072,6
12606,26181,22
12606,32250,9
12641,42046,27
12641,124741,76
12641,133211,68
12641,133212,32
12641,133213,13
12647,85228,298
12647,85230,10
12647,105828,68
12647,138538,16
12650,70563,18
12650,81407,285
12650,104493,17
12650,108532,569
12650,114289,664
12650,131312,273
12650,160416,6
12699,42889,736
12699,43570,11
12699,112584,172
12699,116297,7
12699,118427,6
12707,61983,173
12707,61986,39
12707,61989,22
12707,61991,24
12707,104940,337
12707,106323,154
12707,146281,83
12707,146286,10
12707,146287,12
12715,104895,317
12715,122749,15
12726,66208,39
12726,66209,51
12765,15410,197
12765,37824,132
12765,37825,200
12765,114344,8
12765,130428,169
12765,130434,7
12767,34033,2946
12767,57288,13
12767,57296,6
12767,87803,424
12767,104615,1470
12767,104664,15
12767,105328,516
12767,113251,13
12767,117346,317
12767,129408,13
12767,137761,10
12767,137786,7
12767,143203,334
12767,143204,90
12767,143206,89
12767,143207,157
12767,143209,41
12767,143211,23
12774,73745,10
12774,110306,218
12774,110947,59
12783,19664,1492
12783,163770,119
12790,27942,31
12790,114657,69
12804,7476,151
12804,38741,143
12804,62199,101
12804,70534,16
12804,83720,8
12804,83835,7
12804,86725,29
12804,86728,143
12804,86731,109
12804,86746,63
12804,86753,13
12804,86754,36
12804,86757,10
12804,86763,57
12804,86769,9
12804,86773,124
12804,86781,16
12804,86782,13
12804,86795,75
12804,104930,10
12804,105558,102
12804,107265,7
12804,109473,9
12804,109474,7
12804,110633,7
12804,116252,18
12804,118498,6
12804,120850,2181
12804,128638,60
12804,130998,14
12804,130999,23
12804,131000,16
12804,131720,12
12804,132197,40
12804,135619,46
12804,144526,655
12804,151387,6
12804,153138,7
12804,159696,6
12804,160468,742
12804,160469,232
12804,160472,8
12804,160481,44
12804,160519,144
12804,160582,8
12804,162425,194
12804,162426,7
12804,162430,13
12804,162433,88
12804,162436,177
12804,162456,58
12804,162461,110
12804,162463,8
12804,162472,8
12815,136931,56
12815,149260,274
12829,13672,7
12829,82838,23
12878,44188,51
12878,44192,77
12885,7050,100
12885,135632,6
12887,36829,53
12887,129771,64
12888,50128,1397
12888,138612,2301
12888,138617,42
12888,138619,9
12888,138620,36
12888,138624,6
12888,138631,7
12888,138633,24
12888,138634,46
12945,42866,42
12945,105385,6
12953,78412,19
12953,78413,13
12958,53871,812
12958,119786,414
12958,142190,6
12986,2493,99
12986,7109,87
12986,37927,11
12986,37929,12
12986,37953,10
12986,37955,282
12986,37956,82
12986,75880,6
12986,80437,10
12986,105446,19
12986,109200,8
12986,117710,19
12986,130497,17
12986,130507,110
12986,130508,9
13024,57044,10
13024,105841,8
13024,109687,12
13024,114359,342
13024,114454,6
13024,159026,6
13028,2343,42
13028,8023,53
13028,14836,11
13028,14838,6
13028,15870,11
13028,49760,7
13028,53610,17
13028,66145,212
13028,66146,6
13028,66179,17
13028,66184,22
13028,66204,1391
13028,66208,240
13028,66209,29
13028,66213,805
13028,74309,61
13028,104791,8
13028,105529,379
13028,106313,7
13028,106426,425
13028,108614,29
13028,109187,12
13028,109523,20
13028,109742,102
13028,109976,11
13028,111384,6
13028,116393,56
13028,116573,11
13028,120081,17
13028,121356,38
13028,123006,30
13028,126554,16
13028,136004,103
13028,143936,7
13028,143939,8
13028,148992,6
13028,148993,11
13028,149004,6
13028,163873,60
13042,6098,24
13042,108179,13
13042,108183,30
13047,13149,15
13047,24359,33
13047,25375,412
13047,46186,12
13047,46187,12
13047,46727,9
13047,46731,7
13047,49018,9
13047,74310,220
13047,109861,68
13047,109864,40
13047,110489,21
13047,114480,27
13047,135979,7
13047,135984,166
13051,30824,331
13051,51932,6
13062,18566,23
13062,18577,16
13062,117296,25
13062,117297,197
13066,34077,46
13066,34112,86
13066,119960,77
13078,109745,44
13078,119140,45
13078,127422,6
13095,160051,19
13095,160052,8
13105,29573,366
13105,63299,18
13105,63302,8
13105,63306,8
13105,63309,49
13105,63310,24
13105,63313,32
13105,64182,33
13105,106227,15
13105,116661,278
13105,147114,27
13105,147120,28
13105,147122,16
13117,53353,10
13117,106346,13
13117,115911,118
13127,8306,2038
13127,115875,63
13184,1527,7
13184,66858,297
13184,158812,7
13190,104612,19
13190,109190,65
13190,114344,69
13190,122339,7
13209,43235,11
13209,106442,9
13209,106738,15
13209,106823,29
13209,118860,6
13209,161589,21
13215,14214,132
13215,113529,81
13215,147498,14
13215,158637,16
13215,162232,14
13215,162237,28
13215,162240,11
13241,2441,9
13241,47950,63
13268,68273,51
13268,150373,6
13274,1919,285
13274,58712,7
13314,1971,6
13314,105093,833
13323,13827,17
13323,109451,417
13323,110764,458
13323,150211,15
13359,48760,61
13359,131762,7
13386,60107,9
13386,120655,695
13386,145058,223
13393,964,121
13393,65793,9
13409,26361,57
13409,108520,13
13409,122732,70
13409,163626,11
13416,118793,16
13416,118795,25
13440,6302,6
13440,44372,26
13440,106283,11
13440,109108,8
13440,110072,165
13440,134780,50
13452,31298,22
13452,31301,47
13452,118610,12
13452,126217,316
13472,66761,202
13472,131009,19
13487,87962,10
13487,87963,350
13491,82135,62
13491,82139,19
13491,159487,7
13515,48065,20
13515,119631,90
13516,62140,9
13516,146387,32
13516,159846,12
13523,8195,413
13523,8197,501
13523,17672,6
13523,20025,8
13523,24403,6
13523,26039,9
13523,30827,15
13523,31818,6
13523,38560,14
13523,41238,6
13523,43492,35
13523,71048,52
13523,105106,21
13523,105204,7
13523,106168,10
13523,109206,6
13523,109392,10
13523,114325,7
13523,115591,6
13523,115740,33
13523,116170,25
13523,119974,12
13523,120902,116
13523,121052,6
13523,130317,12
13523,137737,6
13523,143069,14
13523,152199,7
13548,11132,42
13548,11700,22
13548,11705,42
13548,11710,187
13548,11720,54
13548,11723,22
13548,11733,58
13548,11736,15
13548,11739,6
13548,11752,44
13548,11753,1317
13548,11760,6
13548,11773,8
13548,11778,150
13548,11788,101
13548,11792,31
13548,11793,23
13548,11815,6
13548,11829,144
13548,11849,12
13548,11877,7
13548,11884,6
13548,11888,8
13548,11897,25
13548,11905,10
13548,11919,24
13548,11930,11
13548,11937,6
13548,11943,21
13548,11967,47
13548,11998,30
13548,12011,10
13548,12059,11
13548,12071,10
13548,12086,13
13548,12093,22
13548,12111,6
13548,12112,11
13548,12123,23
13548,12126,41
13548,12136,15
13548,12184,6
13548,12198,10
13548,12204,13
13548,12210,11
13548,12250,7
13548,12279,9
13548,12303,10
13548,12315,8
13548,12355,45
13548,12364,7
13548,12386,23
13548,12401,27
13548,12405,21
13548,12411,74
13548,12429,12
13548,12448,7
13548,12460,6
13548,12463,6
13548,12479,11
13548,12509,7
13548,12535,7
13548,12554,241
13548,107668,57
13548,108377,25
13548,109326,83
13548,112511,168
13548,112512,159
13548,112513,150
13548,112516,326
13548,112517,104
13548,112518,42
13548,112520,77
13548,112522,41
13548,112523,10
13548,112524,97
13548,112526,169
13548,112527,20
13548,112528,56
13548,112529,23
13548,112530,175
13548,112531,8
13548,112532,22
13548,112533,64
13548,112535,8
13548,112537,12
13548,112538,206
13548,112539,59
13548,112540,44
13548,112541,16
13548,112542,44
13548,112545,16
13548,112547,35
13548,112549,19
13548,112551,64
13548,112552,28
13548,112556,116
13548,112558,135
13548,112560,19
13548,112561,27
13548,112562,15
13548,112563,38
13548,112564,6
13548,112566,14
13548,112567,11
13548,112568,118
13548,112569,34
13548,112570,11
13548,112571,133
13548,112576,12
13548,112577,16
13548,112578,85
13548,112579,10
13548,112581,8
13548,112587,8
13548,112588,10
13548,112590,17
13548,112591,32
13548,112595,50
13548,112596,42
13548,112602,12
13548,112603,14
13548,112605,19
13548,112609,9
13548,112612,12
13548,112613,6
13548,112614,31
13548,112615,34
13548,112616,12
13548,112619,23
13548,112625,59
13548,112626,6
13548,112627,68
13548,112629,7
13548,112630,128
13548,112635,35
13548,112638,24
13548,112649,83
13548,112650,10
13548,112653,8
13548,112659,24
13548,112663,8
13548,112674,10
13548,112677,10
13548,112680,7
13548,112686,52
13548,112693,45
13548,112700,14
13548,112702,16
13548,112710,7
13548,112716,8
13548,112718,6
13548,112734,16
13548,112740,68
13548,112742,20
13548,112744,11
13548,112748,94
13548,112751,6
13548,112758,21
13548,112765,54
13548,112769,139
13548,112776,19
13548,112785,31
13548,112786,10
13548,112790,102
13548,112801,10
13548,112802,25
13548,112814,11
13548,112822,29
13548,112824,8
13548,112831,39
13548,112832,13
13548,112833,6
13548,112849,29
13548,112850,17
13548,112871,13
13548,112879,27
13548,112882,38
13548,112890,7
13548,112892,42
13548,112925,25
13548,112927,15
13548,112938,7
13548,112940,18
13548,112981,8
13548,112988,41
13548,112996,6
13548,112997,6
13548,112998,6
13548,113004,17
13548,113010,7
13548,113017,12
13548,113039,6
13548,113075,20
13548,113076,6
13548,113077,9
13548,113080,10
13553,120171,6
13553,134460,155
13566,14441,39
13566,114449,172
13577,57563,29
13577,57564,37
13577,143390,105
13583,34335,195
13583,73953,6
13583,105172,6
13609,114421,53
13609,159609,11
13615,43828,39
13615,134401,57
13642,34899,11
13642,117308,43
13642,123290,162
13649,14226,483
13649,29849,15
13649,79268,113
13649,79270,229
13649,79273,15
13649,79278,28
13649,140857,15
13649,157695,2461
13649,157713,18
13649,157716,34
13649,157722,6
13657,15888,51
13657,115390,30
13668,150848,49
13668,150849,160
13679,16393,16
13679,108584,271
13692,66556,78
13692,66560,189
13692,66565,7
13692,66567,22
13692,66569,9
13692,138186,26
13692,149219,152
13692,149220,210
13692,149223,58
13692,149226,22
13714,15446,64
13714,66858,147
13714,73458,17
13714,104468,7
13714,108249,8
13714,109541,6
13714,109976,7
13714,111118,21
13714,116580,124
13714,116666,11
13714,117294,25
13714,130747,8
13714,152681,10
13731,57230,41
13731,143167,134
13734,60423,8
13734,109798,20
13748,68955,24
13748,138539,10
13774,33611,19
13774,33614,60
13774,33619,10
13774,33622,24
13774,105004,901
13774,109570,7
13774,124287,38
13774,127798,31
13774,127801,11
13782,1090,7
13782,1144,8
13782,2504,769
13782,30721,133
13782,30739,6
13782,104796,7
13782,109748,12
13782,115774,13
13808,17832,28
13808,116108,29
13820,31605,35
13820,31608,8
13820,105852,14
13820,113647,31
13820,122567,226
13828,122351,606
13828,163770,15
13830,22608,25
13830,66077,169
13836,48244,6
13836,104562,133
13841,13151,10
13841,13169,8
13841,108899,6
13841,108940,46
13841,113535,8
13842,39650,58
13842,115333,11
13859,12962,19
13859,113395,118
13911,21403,37
13911,31815,7
13911,115928,88
13916,130969,102
13916,148378,195
13940,106243,40
13940,163701,7
13943,83954,28
13943,83956,12
13943,160660,325
13950,116455,13
13950,119819,106
13957,88549,40
13957,106243,8
13963,20027,70
13963,38428,19
13963,116540,10
13963,130825,53
13963,130828,12
13981,139024,20
13981,139025,9
13983,42656,10
13983,113368,27
13983,113506,36
13983,113507,7
13993,106112,156
13993,106168,312
13993,113738,15
13993,116818,34
14002,79617,140
14002,111865,205
14002,112299,1437
14014,18277,21
14014,36314,130
14014,104767,12
14014,109042,1130
14017,14003,73
14017,14084,13
14017,14111,21
14017,14112,21
14017,14128,2118
14017,15187,7
14017,56262,21
14017,65296,6
14017,76203,8
14017,104749,12
14017,105804,8
14017,109985,7
14017,113964,8
14017,114125,15
14017,114136,7
14017,114142,12
14017,114153,13
14017,114166,10
14017,114168,8
14017,114171,10
14017,114182,13
14017,114186,8
14017,114213,8
14017,114216,6
14017,114222,7
14036,2538,7
14036,17353,74
14036,20914,346
14036,41107,8
14036,43235,675
14036,106442,254
14036,106823,103
14036,115086,6
14036,118860,21
14036,118944,8
14036,127730,88
14036,127733,7
14036,127734,7
14036,127735,9
14036,127736,53
14036,127743,31
14036,127750,45
14036,127755,10
14049,53871,10
14049,119786,81
14075,39901,22
14075,106241,17
14075,117840,11
14075,121043,58
14079,106276,458
14079,113470,11
14098,48982,6
14098,111243,228
14109,23245,37
14109,106327,114
14121,104468,30
14121,104647,58
14121,104707,149
14121,104903,7
14121,116431,231
14121,116440,10
14122,38519,14
14122,38564,17
14122,105527,9
14122,113544,39
14159,56814,207
14159,142899,9
14175,63366,6
14175,63367,130
14210,50707,80
14210,69102,14
14210,69106,6
14210,69109,6
14215,582,128
14215,25747,274
14216,109312,41
14216,109555,54
14216,110045,84
14216,110048,139
14216,110069,9
14216,110212,109
14225,105780,6
14225,115329,26
14225,130294,139
14248,104620,51
14248,114010,59
14266,14533,19
14266,21076,7
14266,106309,13
14266,123869,53
14274,85276,15
14274,161534,245
14282,43859,38
14282,43861,53
14282,134420,245
14283,6098,12
14283,38226,13
14283,74310,461
14283,106442,53
14283,136370,12
14283,143694,6
14283,151985,7
14287,16652,12
14287,16653,29
14287,16654,7
14288,110764,464
14288,114025,11
14300,33148,7
14300,33151,89
14322,110042,98
14322,163724,43
14325,58581,22
14325,58582,14
14330,49261,198
14330,157052,6
14349,57239,63
14349,57240,22
14349,57241,20
14352,23307,46
14352,23309,134
14352,120659,285
14366,122341,9
14366,155120,155
14378,105004,7
14378,128054,62
14380,21108,374
14380,57482,6
14380,57485,81
14380,57488,29
14380,57493,48
14380,57495,6
14380,57505,11
14380,57506,774
14380,57507,18
14380,57508,23
14380,57509,468
14380,57510,107
14380,57514,38
14380,143344,26
14380,143349,227
14380,143350,30
14389,16709,9
14389,106487,41
14402,88749,106
14402,105546,28
14402,154551,10
14409,13177,8
14409,126722,6
14409,126727,40
14418,78549,116
14418,117212,136
14418,126320,6
14426,14380,378
14426,14381,615
14426,32323,204
14426,32326,19
14426,32335,568
14426,109344,9
14426,112266,11
14426,114402,93
14426,114407,27
14426,126925,11
14476,108121,924
14476,113806,46
14476,113808,8
14476,113813,11
14476,113816,14
14507,104915,20
14507,109401,16
14511,50866,7
14511,105780,19
14525,47680,81
14525,47682,181
14541,127474,72
14541,151970,444
14546,86011,10
14546,109570,65
14546,115601,11
14552,109745,18
14552,119140,46
14570,26454,103
14570,26455,10
14570,26456,8
14575,1221,9
14575,17115,90
14575,20702,11
14575,20714,8
14575,20730,6
14575,43047,30
14575,106075,18
14575,106089,11
14575,106104,12
14575,106241,16
14575,107032,9
14575,108179,8
14575,108183,585
14575,109939,21
14575,113663,13
14575,116644,9
14575,117110,247
14575,118836,10
14575,118842,33
14575,118843,151
14575,118846,19
14575,118848,46
14575,118850,13
14575,118851,14
14575,118852,8
14575,118866,18
14575,118867,11
14585,13177,197
14585,32034,13
14585,113544,106
14585,126722,29
14585,126726,19
14585,126727,21
14600,108613,40
14600,110764,9
14621,64558,27
14621,124914,38
14631,17731,871
14631,17744,119
14631,105332,10
14631,105576,6
14631,105824,7
14631,116731,7
14631,116745,8
14645,107032,128
14645,109945,36
14647,47742,20
14647,138407,11
14671,32511,37
14671,114266,12
14680,78480,87
14680,143918,57
14688,34315,53
14688,128252,77
14691,104468,474
14691,108179,13
14691,109170,15
14696,43678,6
14696,114536,31
14704,66179,7
14704,106094,16
14704,106243,57
14711,82953,8
14711,127396,78
14718,22675,40
14718,24680,17
14718,109213,40
14718,109858,23
14718,116492,6
14718,116517,25
14724,38628,182
14724,114268,35
14764,7177,6
14764,15652,60
14764,84090,7
14764,108130,54
14764,109171,224
14785,14400,58
14785,61791,133
14785,142519,193
14785,145639,12
14805,119988,12
14805,120266,39
14815,105780,23
14815,139167,12
14821,6396,10
14821,7256,7
14821,9344,14
14821,18848,1169
14821,61231,6
14821,104497,9
14821,104896,7
14821,109061,8
14821,109483,12
14821,145774,94
14821,145794,10
14826,13097,10
14826,16056,14
14826,20554,18
14826,20603,8475
14826,104537,147
14826,104887,6
14826,118727,33
14826,118729,122
14826,118736,28
14826,118744,6
14826,118745,80
14859,2902,125
14859,106386,6
14862,62051,10
14862,105448,106
14864,104476,8
14864,118401,48
14869,28310,10
14869,46862,20
14879,68120,7
14879,150276,22
14886,11501,15
14886,27909,6
14886,61329,7
14886,123836,10
14906,8091,110
14906,8092,36
14942,109858,68
14942,110947,191
14955,19651,94
14955,145334,6
14987,53957,62
14987,141108,14
14988,13057,38
14988,13074,1042
14988,113464,19
14988,113468,7
14988,113472,6
14992,2091,13
14992,7942,16
14992,30865,6
14992,47191,6
14992,105141,247
14992,115907,7
14992,123181,9
14992,131102,6
14999,111043,41
14999,160701,6
15010,50202,12
15010,50203,30
15010,109294,117
15034,38047,17
15034,108270,25
15034,119586,23
15034,120843,7
15034,123807,9
15046,20034,10
15046,77207,46
15046,109184,14
15046,113400,22
15099,2013,175
15099,8077,6
15099,14125,9
15099,66234,207
15099,105445,31
15099,105698,34
15099,106263,21
15099,115306,100
15099,139782,6
15099,140860,8
15099,149024,10
15099,149027,6
15101,50817,1040
15101,64123,8
15101,146752,13
15101,146753,10
15104,28310,36
15104,138481,6
15105,7214,11
15105,18266,10
15105,43723,6
15105,115489,14
15105,122902,274
15131,8085,52
15131,109919,120
15137,106387,126
15137,117627,34
15173,6563,59
15173,16640,9
15173,29580,7
15180,1818,214
15180,12957,8
15180,26180,28
15180,46327,116
15180,46332,54
15180,136106,332
15188,24402,6
15188,24403,32
15188,24407,6
15188,24412,392
15188,116164,10
15192,83721,16
15192,105403,228
15202,66761,11
15202,110138,210
15202,111035,12
15202,136639,7
15227,53871,99
15227,119786,43
15227,142188,8
15245,105228,80
15245,113822,8
15256,34335,35
15256,104889,12
15256,109085,71
15262,87557,8
15262,157403,41
15278,128047,52
15278,128050,6
15294,105441,39
15294,113470,7
15324,14479,13
15324,14481,6
15335,6045,27
15335,6047,19
15335,108408,24
15338,8822,20
15338,115993,69
15338,130808,21
15340,88137,184
15340,88139,18
15340,88140,43
15340,88141,28
15340,119524,7
15351,81186,7
15351,105452,62
15351,159050,7
15360,54144,27
15360,67158,16
15367,33914,8
15367,127997,10
15408,44192,29
15408,44194,28
15413,6098,142
15413,25747,11
15413,74310,783
15413,105172,6
15418,31102,7
15418,126077,74
15449,20810,13
15449,30809,44
15449,62025,10
15449,105532,210
15449,125971,12
15449,141658,8
15449,146297,105
15449,146304,8
15449,146309,7
15449,146319,8
15450,88511,171
15450,88512,47
15453,104887,70
15453,108179,117
15457,25915,978
15457,109253,8
15478,8840,103
15478,44642,6
15478,46504,372
15478,46509,8
15478,46522,87
15478,46565,10
15478,46606,58
15478,46615,8
15478,46618,815
15478,46632,15
15478,46635,279
15478,46636,18
15478,123077,38
15478,136233,42
15478,136265,7
15478,136266,14
15478,136268,18
15478,136269,13
15478,136275,153
15478,136279,28
15507,105204,12
15507,109150,11
15519,13177,317
15519,113544,13
15529,2714,9
15529,8163,156
15529,34028,19
15529,71009,12
15529,72152,10
15529,131804,14
15538,9572,224
15538,111016,14
15549,105218,9
15549,116909,7
15549,121411,79
15576,61773,516
15576,61775,9
15576,61780,84
15576,61784,90
15576,61786,221
15576,106346,77
15576,146145,96
15576,146153,309
15576,146156,69
15576,146157,14
15580,11501,8
15580,27909,66
15580,123836,149
15580,148809,10
15599,15179,6
15599,24919,75
15599,108676,28
15601,47448,75
15601,50707,30
15601,69102,27
15601,69109,21
15601,69114,24
15601,121168,32
15601,150920,15
15602,113850,7
15602,113852,152
15644,9110,7
15644,120084,261
15645,6098,71
15645,74310,293
15645,116215,10
15645,152002,9
15649,108655,1000
15649,109747,32
15649,110976,9
15649,121984,82
15649,134842,464
15649,160329,6
15649,164667,287
15649,164668,8
15649,164674,10
15649,164675,398
15649,164678,29
15649,164679,6
15649,164680,24
15649,164681,11
15649,164691,8
15656,62675,83
15656,62678,9
15656,62680,16
15656,122573,27
15656,122817,54
15656,124718,20
15690,108240,8
15690,110754,28
15696,319,52
15696,1506,6
15696,5894,10
15696,7535,11
15696,13095,8
15696,17117,59
15696,18322,6
15696,18549,15
15696,19719,44
15696,20612,80
15696,25704,15
15696,25882,1076
15696,28968,13
15696,42735,529
15696,48089,34
15696,49001,93
15696,60596,66
15696,60597,1359
15696,60625,8
15696,60629,13
15696,60665,26
15696,60667,41
15696,60713,8
15696,60736,54
15696,60758,20
15696,60759,91
15696,60817,6
15696,60818,18
15696,60823,8
15696,60825,26
15696,85773,7
15696,104570,14
15696,105499,184
15696,105763,14
15696,106089,8
15696,108711,51
15696,109103,170
15696,109576,6
15696,110069,10
15696,110475,20
15696,111649,230
15696,114369,15
15696,115489,7
15696,116336,18
15696,118009,8
15696,119289,75
15696,119300,6
15696,119688,75
15696,120290,6
15696,120777,7
15696,121823,39
15696,123889,6
15696,125407,22
15696,126457,23
15696,128322,12
15696,137002,6
15696,139301,8
15696,139372,18
15696,145342,15
15696,145374,33
15696,145379,385
15696,145380,45
15696,145384,67
15696,145389,7
15696,145391,10
15696,145393,8
15696,145435,8
15696,145437,23
15696,145446,14
15696,145455,9
15696,145483,33
15696,145520,21
15696,145522,6
15704,42817,112
15704,131228,971
15704,133722,18
15710,9347,71
15710,110842,26
15711,104463,22
15711,105883,16
15711,105936,65
15723,1828,9
15723,105979,75
15736,106735,7
15736,163706,40
15761,1714,85
15761,104940,29
15761,109985,15
15772,48065,455
15772,48067,25
15788,85063,29
15788,85064,87
15788,161401,49
15803,1441,30
15803,15670,57
15803,47742,67
15803,73429,173
15803,104887,6
15803,105710,6
15803,114287,6
15803,115832,10
15803,134713,11
15804,18794,24
15804,104568,14
15830,54366,6
15830,134873,114
15831,32966,15
15831,105493,29
15831,113890,40
15835,15383,14
15835,109926,11
15840,1441,6
15840,21715,9
15840,122239,37
15840,137324,16
15851,114661,31
15851,114663,36
15852,18973,9
15852,32528,6
15852,86929,8
15852,134960,103
15861,9287,749
15861,140666,233
15888,23175,6
15888,48743,10
15888,118626,6
15938,2514,92
15938,20384,6
15938,30514,12
15938,106082,220
15938,126804,10
15940,113902,153
15940,121311,39
15940,121759,19
15940,121760,9
15940,121761,9
15961,40104,13
15961,105579,129
15961,106275,35
15964,105493,39
15964,111006,6
15979,14721,8
15979,105558,9
15979,117308,10
15979,121356,18
15979,123290,100
15979,125127,338
15979,125134,8
15979,125136,24
15979,125143,8
15979,163776,6
15989,104468,172
15989,105207,190
15989,108179,84
15989,108461,6
15989,109089,14
15989,109277,10
15989,115597,7
15994,118346,27
15994,133816,21
16006,34633,6
16006,54006,31
16010,19566,19
16010,52832,88
16024,63374,16
16024,81502,12
16024,81509,724
16024,118670,7
16024,138951,6
16024,159086,8
16063,62685,35
16063,141792,262
16081,1441,32
16081,15670,40
16081,26720,7
16081,47742,55
16081,73429,567
16081,83402,11
16081,104887,19
16081,108386,7
16081,114247,60
16081,130655,10
16081,130657,17
16098,144096,103
16098,144097,17
16101,60416,10
16101,60417,18
16101,60418,6
16110,16311,24
16110,16312,22
16117,2343,7
16117,50777,10
16117,113847,108
16159,105355,90
16159,105370,6
16159,137305,13
16180,109808,558
16180,154924,6
16193,65840,64
16193,110017,48
16210,164661,15
16210,164662,36
16240,34077,61
16240,34112,110
16240,34141,15
16240,105702,25
16240,109968,30
16240,119960,61
16264,18406,10
16264,53703,7
16264,131528,24
16264,140936,335
16264,140940,104
16264,140945,10
16309,7588,8
16309,16281,11
16309,36269,11
16309,52828,596
16309,52834,406
16309,55322,55
16309,60702,17
16309,72408,15
16309,87317,8
16309,87318,7
16309,87327,7
16309,87580,6
16309,104468,43
16309,104906,6
16309,105355,10
16309,108576,6
16309,108599,41
16309,109161,16
16309,109743,189
16309,112208,8
16309,113390,33
16309,114629,8
16309,116301,17
16309,116371,19
16309,118383,7
16309,119287,127
16309,119288,9
16309,122168,11
16309,124304,39
16309,124764,17
16309,127179,8
16309,131052,23
16309,140410,15
16309,140725,8
16309,157572,34
16309,162785,9
16309,162790,22
16309,162813,6
16325,105060,6
16325,105716,8
16325,106104,254
16325,106441,1665
16325,118989,28
16325,121362,12
16325,135465,9
16336,22608,10
16336,66077,45
16339,16669,153
16339,115917,6
16359,106178,311
16359,113285,24
16368,58334,14
16368,105737,21
16368,120744,11
16368,120843,171
16368,126175,6
16389,61995,25
16389,139854,7
16389,146292,8
16396,139820,28
16396,139821,23
16410,7241,24
16410,24707,53
16410,119296,65
16421,74241,21
16421,105382,403
16445,105581,215
16445,119398,12
16466,31707,22
16466,126478,74
16480,81454,18
16480,129591,66
16499,22994,33
16499,120064,8
16502,87490,20
16502,162898,203
16516,109420,24
16516,122069,34
16526,109548,336
16526,114315,10
16537,88888,40
16537,164155,16
16584,60868,386
16584,60869,6
16592,2504,49
16592,30758,7
16604,37927,7
16604,37956,24
16629,6098,6
16629,74310,26
16631,109184,92
16631,163161,76
16657,70509,147
16657,85735,214
16657,161785,174
16672,136957,25
16672,136961,13
16687,68955,16
16687,138539,33
16710,115356,134
16710,115361,13
16711,8197,313
16711,73835,6
16711,105834,10
16712,62783,14
16712,62787,9
16715,16193,31
16715,141403,69
16718,113847,248
16718,146803,7
16721,110517,234
16721,122155,7
16721,122156,83
16734,23272,39
16734,120640,281
16765,33199,8
16765,138972,91
16770,68955,38
16770,138539,32
16777,34662,59
16777,34664,40
16777,34666,12
16796,33152,7
16796,105794,14
16796,106309,50
16796,106450,25
16809,130228,14
16809,130229,17
16815,12857,23
16815,113332,31
16829,2095,105
16829,23533,7
16829,113591,7
16843,70879,6
16843,104463,6
16843,105883,18
16843,105936,114
16843,107147,6
16843,115921,8
16843,131276,11
16856,25375,6
16856,74310,44
16933,104667,84
16933,129625,172
16939,621,29
16939,24661,339
16939,24662,274
16939,24667,16
16939,24670,17
16939,121598,61
16940,30592,12
16940,31578,29
16940,75003,7
16940,75008,15
16940,75009,12
16940,120510,1788
16940,154968,64
16946,19973,6
16946,114308,169
16947,115221,863
16947,115222,427
16947,115226,120
16961,104723,41
16961,104940,853
16967,23096,6
16967,78064,24
16981,83562,130
16981,143011,13
17005,20073,7
17005,31483,19
17005,123098,19
17012,877,28
17012,109980,7
17012,118941,1261
17063,14505,15
17063,117334,81
17098,59446,56
17098,125643,14
17105,109050,19
17105,109186,74
17119,120337,123
17119,120338,9
17128,7812,6
17128,109722,29
17139,81398,109
17139,159023,27
17167,140891,34
17167,140892,13
17170,163915,180
17170,164237,54
17185,27986,71
17185,108733,10
17240,43235,7
17240,106442,29
17267,106346,26
17267,115342,591
17267,123849,31
17283,26617,7
17283,53391,192
17283,53392,40
17283,140758,6
17283,140759,10
17309,106125,20
17309,114706,18
17309,114708,7
17309,114711,18
17314,105220,9
17314,116660,12
17321,319,241
17321,110456,55
17321,128155,16
17376,6153,85
17376,38560,12
17389,38647,8
17389,110107,84
17389,113998,10
17389,118724,9
17389,126217,9
17389,131476,34
17390,110564,16
17390,123993,35
17406,117731,258
17406,147971,56
17423,6557,47
17423,108785,10
17430,7207,38
17430,106199,50
17430,137988,97
17430,137991,15
17456,108179,51
17456,109336,6
17467,24109,12
17467,108854,244
17474,106091,353
17474,157934,13
17484,70509,460
17484,161785,80
17491,119930,7
17491,134033,220
17497,89249,20
17497,135882,11
17523,1815,6
17523,13031,6
17523,31197,8
17523,38109,377
17526,85507,8
17526,85515,156
17555,1908,20
17555,105711,142
17555,126654,6
17560,108978,30
17560,108979,28
17573,47087,13
17573,47089,17
17602,105004,248
17602,113466,99
17620,33152,14
17620,58504,1020
17621,8197,60
17621,37471,12
17621,107032,8
17621,117087,11
17623,2494,84
17623,17399,21
17623,25882,44
17623,60597,47
17623,81509,13
17623,105178,9
17623,109171,7
17623,109386,8
17623,109574,13
17623,109907,6
17623,113140,12
17623,119112,61
17623,119664,3135
17623,150809,21
17637,33695,54
17637,113965,250
17641,75734,7
17641,75769,51
17641,75773,20
17641,122083,136
17641,122095,23
17641,139727,13
17641,155430,11
17641,155433,49
17641,155451,19
17643,31758,13
17643,53062,6
17643,105355,146
17643,127787,50
17643,140563,84
17650,138211,85
17650,138212,9
17676,79373,9
17676,108249,1728
17690,106263,334
17690,113751,19
17719,118614,201
17719,143497,6
17807,42638,13
17807,47102,6
17807,82432,12
17807,105581,14
17807,105891,147
17807,108114,147
17807,117023,18
17807,157390,15
17817,6688,295
17817,6696,145
17817,6715,15
17817,6723,434
17817,108878,140
17817,108947,21
17834,45659,26
17834,135657,76
17905,9515,7
17905,34033,48
17918,14479,20
17918,14481,8
17918,114476,6
17919,21686,21
17919,30363,19
17922,6383,939
17922,7229,8
17922,8815,6
17922,20315,10
17922,26666,14
17922,27962,13
17922,41238,6
17922,77773,48
17922,77777,147
17922,77819,16
17922,77887,22
17922,88226,16
17922,106347,223
17922,106823,11
17922,107267,21
17922,109223,14
17922,110764,7
17922,117150,8
17922,117388,12
17922,118876,12
17922,119812,28
17922,123794,10
17922,124510,6
17922,126457,18
17922,129969,6
17922,139205,6
17922,140627,7
17922,150320,6
17922,156747,6
17922,156819,6
17922,156842,35
17929,17787,7
17929,104551,22
17929,105940,9
17942,117059,7
17942,117729,111
17942,120608,95
17948,24868,13
17948,126468,276
17964,116276,110
17964,116311,7
17977,582,12
17977,134688,15
17994,125487,35
17994,131614,25
18000,149080,108
18000,151382,11
18003,105443,82
18003,109193,31
18003,115747,6
18007,104780,32
18007,104781,35
18013,46150,113
18013,65915,119
18013,65919,26
18013,65920,74
18013,82767,7
18014,23005,303
18014,23007,37
18014,120451,44
18023,48222,15
18023,120776,6
18023,137378,667
18032,31014,59
18032,104468,8
18032,105339,7
18032,110411,104
18032,116582,6
18037,556,1926
18037,557,181
18037,558,77
18037,560,150
18072,53652,28
18072,53653,9
18072,140912,668
18079,23469,109
18079,24801,51
18079,121685,21
18131,7465,9
18131,110902,10
18160,319,6
18160,6383,15
18160,21301,7
18160,21307,12
18160,52828,17
18160,77773,70
18160,104447,114
18160,106347,86
18160,115455,7
18160,118448,10
18160,119287,524
18170,24919,13
18170,39275,11
18176,53214,11
18176,105799,186
18182,30809,11
18182,104493,176
18182,109539,24
18182,109548,10
18182,109555,10
18204,57239,142
18204,57241,31
18204,57242,8
18231,65064,6
18231,125877,106
18231,134370,15
18231,147105,8
18231,148291,6
18255,18236,50
18255,39076,10
18282,109462,8
18282,127108,427
18282,127110,82
18287,6170,7
18287,142527,8
18293,36885,7
18293,46980,11
18300,1815,11
18300,26748,7
18321,25375,90
18321,26527,26
18321,46115,7
18321,46118,140
18321,46123,6
18321,46135,87
18321,46153,124
18321,46159,157
18321,46160,10
18321,46161,14
18321,46162,66
18321,46165,24
18321,74310,18
18321,108424,8
18321,109864,327
18321,116306,18
18321,121304,149
18321,121667,44
18321,121797,13
18321,122931,12
18321,135979,85
18321,135982,6
18321,135984,102
18321,136007,12
18350,74716,11
18350,82661,309
18351,42817,26
18351,131228,96
18363,7605,12
18363,22506,14
18363,22507,6
18363,22508,6
18365,20866,487
18365,73745,50
18365,105362,8
18365,105556,17
18365,106300,32
18365,106823,7
18365,116644,50
18365,141054,6
18373,81542,6
18373,88339,9
18380,114047,6
18380,119359,1035
18380,135887,7
18380,135892,18
18399,134774,6
18399,140817,10
18400,65712,10
18400,148676,77
18400,148687,8
18416,36804,355
18416,36806,7
18416,129755,6
18417,16287,10
18417,17117,7
18417,26454,244
18417,26456,34
18417,28419,6
18417,42464,52
18417,64206,12
18417,79548,41
18417,104521,18
18417,105319,9
18417,108626,7
18417,109711,9
18417,117388,25
18417,122257,99
18417,122452,76
18417,123007,14
18417,126766,32
18417,147714,6
18417,147723,8
18417,147725,12
18417,147733,6
18417,147741,14
18417,147743,6
18418,2336,23
18418,6615,6
18439,57750,24
18439,143505,10
18441,1088,836
18441,38796,11
18441,47545,7
18442,50699,11
18442,120903,30
18491,688,133
18491,692,308
18491,104727,9
18493,26011,9
18493,116010,6
18493,116029,358
18494,7214,6
18494,104940,351
18494,133112,6
18497,164248,58
18497,164249,197
18497,164251,23
18497,164254,6
18497,164256,8
18499,109283,121
18499,116892,32
18501,39680,100
18501,105742,8
18501,131612,102
18501,155279,7
18505,48,7
18505,1059,17
18505,15670,43
18505,20415,8
18505,23175,8
18505,28573,40
18505,36269,15
18505,38790,13
18505,52748,15
18505,52768,21
18505,52801,10
18505,52804,59
18505,52810,12
18505,52811,9
18505,52818,17
18505,52828,607
18505,52829,112
18505,52830,16
18505,52831,91
18505,52832,30
18505,52834,383
18505,52835,119
18505,52836,57
18505,52837,191
18505,52842,39
18505,55780,20
18505,66761,19
18505,70587,6
18505,105326,6
18505,105628,9
18505,109586,14
18505,109743,23
18505,110344,12
18505,110647,6
18505,116039,6
18505,116368,94
18505,117745,8
18505,120896,6
18505,121411,10
18505,126983,21
18505,140379,24
18505,140384,45
18505,140386,24
18505,140396,11
18505,140397,9
18505,140404,11
18505,140409,34
18505,140412,30
18516,25791,47
18516,59194,66
18516,148696,10
18516,148698,20
18528,104940,20
18528,106323,11
18529,57792,17
18529,86882,7
18545,52220,50
18545,121571,20
18555,58166,11
18555,121481,37
18578,55494,40
18578,119781,6
18578,142522,264
18586,21071,8
18586,83460,8
18586,104554,44
18586,107265,12
18586,110170,13
18586,110412,13
18586,124914,84
18586,136481,39
18586,154215,11
18598,104763,13
18598,104816,33
18598,105763,326
18598,110460,6
18602,7055,21
18602,108179,21
18602,108183,133
18602,117927,10
18602,118836,89
18602,118843,9
18602,118938,44
18604,46434,167
18604,51144,96
18604,59048,166
18604,59053,8
18604,59080,65
18604,59095,12
18604,59178,139
18604,59183,11
18604,105756,22
18604,108178,50
18604,108925,494
18604,119082,16
18604,136679,6
18604,143079,68
18604,144360,124
18604,144364,36
18604,144373,61
18604,144396,7
18604,144407,8
18622,105489,946
18622,105495,9
18622,105503,14
18633,8856,80
18633,26274,15
18633,109179,9
18633,122670,37
18638,84168,6
18638,122857,400
18645,106075,7
18645,126378,35
18673,33631,11
18673,105004,180
18673,105540,44
18673,127806,6
18724,26520,23
18724,26527,26
18743,8195,372
18743,8197,668
18743,16478,7
18743,20193,28
18743,43492,7
18743,66179,20
18743,106003,17
18743,106089,14
18743,109042,7
18743,115912,6
18743,125651,6
18743,140561,6
18743,147830,23
18748,82468,6
18748,127437,183
18770,108128,18
18770,108134,10
18771,1347,15
18771,105241,58
18788,7483,6
18788,70534,20
18788,112091,10
18788,132197,8
18788,144526,179
18788,160468,25
18788,160469,8
18788,160472,280
18788,160473,338
18788,160480,79
18788,160593,11
18810,2095,20
18810,83608,178
18810,109084,22
18810,109217,22
18810,109538,6
18810,109539,8
18810,113584,12
18820,17787,33
18820,27986,12
18820,104551,269
18824,54921,10
18824,80450,12
18833,37096,247
18833,113614,1026
18833,118589,19
18833,129908,12
18833,129915,19
18833,129917,11
18833,129930,8
18833,129938,11
18833,129946,8
18833,129955,6
18833,129964,208
18833,129969,22
18856,12857,17
18856,12859,10
18856,104672,222
18863,30809,12
18863,114315,11
18869,119930,22
18869,134033,67
18877,14215,50
18877,120361,10
18877,125114,6
18887,25501,15
18887,25502,14
18887,25505,35
18887,122170,42
18888,24386,21
18888,24388,7
18888,121422,20
18914,105780,9
18914,145791,24
18943,43257,666
18943,43259,6
18949,52828,165
18949,120547,79
18949,126869,358
18963,119700,10
18963,138161,284
18971,46862,46
18971,65579,14
18972,15280,94
18972,161908,9
18988,300,20
18988,106327,36
18989,34033,8
18989,104940,20
18989,105448,6
18989,109084,106
18989,109538,8
18989,109539,23
19003,49491,51
19003,104725,8
19004,59627,29
19004,144725,63
19005,23251,70
19005,23505,135
19005,39519,240
19005,44132,8
19005,44133,44
19005,44134,15
19005,44138,50
19005,44146,31
19005,44149,9
19005,68592,6
19005,105546,79
19005,110076,11
19005,118602,479
19005,131499,116
19005,134600,175
19005,134601,14
19005,134602,294
19005,134605,239
19005,134606,54
19005,134613,62
19014,12936,73
19014,113382,211
19020,70455,73
19020,75481,65
19020,155295,6
19036,7254,7
19036,72309,36
19036,73629,760
19036,73630,566
19036,105355,14
19038,15816,9
19038,123007,111
19049,43235,11
19049,83460,20
19049,104554,622
19049,104945,72
19049,104991,7
19049,106425,174
19049,109939,10
19049,109976,20
19049,119786,9
19049,145116,13
19049,154203,7
19049,154239,8
19053,20914,11
19053,115179,12
19055,110081,6
19055,123345,13
19083,9541,113
19083,42477,7
19083,79517,26
19083,124383,9
19083,125147,22
19083,133493,8
19084,105050,21
19084,115792,7
19085,9064,16
19085,110645,200
19094,69933,74
19094,73429,284
19094,114120,13
19094,123666,12
19103,6581,11
19103,6585,7
19107,65446,251
19107,130065,242
19119,13095,47
19119,30409,7
19119,104768,48
19119,110112,641
19119,125685,11
19125,145726,50
19125,145727,232
19127,6098,16
19127,74310,16
19127,163691,6
19134,59048,86
19134,59053,6
19134,105602,15
19134,105756,20
19134,119082,27
19134,136679,8
19134,144360,24
19134,144364,12
19134,144371,13
19138,9572,67
19138,108179,20
19148,87217,10
19148,162722,14
19149,39901,6
19149,104761,121
19149,108456,391
19152,6427,13
19152,42969,55
19152,62545,87
19152,64605,115
19152,64606,8
19164,15670,9
19164,38725,8
19164,52831,15
19164,87705,75
19164,106075,61
19164,106406,6
19164,119136,10
19164,124830,45
19164,147809,8
19178,66204,6
19178,124830,231
19183,20711,7
19183,52220,33
19183,105228,25
19183,108686,7
19183,110267,1057
19183,110280,14
19228,15259,18
19228,109206,529
19234,1714,110
19234,20603,10
19234,104940,26
19234,108133,6
19236,3001,7
19236,32665,52
19236,127157,9
19308,110139,29
19308,134898,111
19366,74309,9
19366,121566,91
19371,16652,10
19371,16653,11
19383,116700,11
19383,116701,12
19411,68637,119
19411,68638,31
19411,68642,34
19414,108124,50
19414,113170,25
19436,66926,21
19436,66931,11
19436,66961,324
19436,119360,7
19455,432,152
19455,104557,230
19457,6098,49
19457,74310,152
19466,2315,194
19466,105954,226
19485,53688,52
19485,61145,11
19485,143839,39
19488,1812,1146
19488,18674,1027
19488,18678,266
19488,18679,191
19488,51047,20
19488,52658,128
19488,81551,240
19488,81554,52
19488,81555,159
19488,81563,50
19488,81567,13
19488,81568,131
19488,81571,10
19488,81586,31
19488,81587,38
19488,81595,25
19488,105102,9
19488,105332,29
19488,117378,425
19488,122605,1341
19488,140300,372
19488,159118,16
19488,159119,501
19488,159121,106
19488,159126,27
19490,25375,88
19490,109861,6
19490,114480,32
19497,149648,25
19497,149649,8
19505,8339,31
19505,32956,6
19505,127341,300
19522,29532,38
19522,124979,31
19522,124980,39
19535,75774,78
19535,75776,7
19535,75777,7
19535,155465,13
19548,109747,37
19548,109748,6
19548,109749,12
19560,151568,27
19560,151570,6
19575,113132,10
19575,132436,37
19588,57567,7
19588,57568,45
19588,105851,19
19588,139814,12
19588,142143,32
19588,142844,198
19588,143392,11
19588,143395,17
19604,5668,30
19604,121630,12
19605,8163,208
19605,105867,6
19605,162649,6
19606,7229,423
19606,150820,86
19616,48775,20
19616,120871,24
19616,131401,135
19616,143574,74
19616,143575,7
19622,50269,41
19622,50270,10
19655,26797,13
19655,113908,38
19657,15546,175
19657,18794,14
19657,38300,6
19657,74704,12
19657,104568,169
19674,3145,9
19674,33073,8
19674,37006,7
19674,49491,59
19674,50998,10
19674,82475,10
19674,85988,15
19674,104490,7
19674,104907,44
19674,105362,6
19674,105403,6
19674,105951,22
19674,106056,265
19674,106059,6
19674,106252,7
19674,109998,9
19674,113438,7
19674,113655,9
19674,113656,6
19674,113663,352
19674,113665,10
19674,113667,7
19674,113674,7
19674,127953,12
19674,127968,7
19681,113154,11
19681,125327,6
19681,143585,56
19688,1752,6
19688,8174,6
19688,20083,7
19688,104447,7
19688,105722,7
19688,108179,77
19688,109987,800
19688,118396,8
19688,118440,7
19688,124042,9
19692,29763,11
19692,85056,483
19692,85057,6
19692,85062,87
19708,13203,59
19708,13204,6
19708,108899,51
19708,108940,71
19708,113530,23
19708,113533,10
19720,14145,12
19720,105076,9
19740,121052,12
19740,121472,97
19744,88207,8
19744,110665,128
19744,116667,97
19757,13732,8
19757,110979,11
19757,115870,121
19757,115875,6
19790,64611,6
19790,64612,16
19804,64548,6
19804,66179,12
19804,127785,305
19804,147917,218
19826,1083,126
19826,79456,7
19826,141107,62
19832,53484,30
19832,140816,31
19886,104892,10
19886,138650,155
19926,1714,25
19926,104940,16
19937,61960,230
19937,146775,365
19937,146777,198
19942,134465,63
19942,134477,62
19951,13005,17
19951,125634,42
19954,74720,58
19954,74721,415
19983,18129,43
19983,29597,10
19995,6553,7
19995,108783,64
20002,39684,8
20002,85680,109
20003,105166,19
20003,120397,27
20017,32431,42
20017,78205,7
20025,83608,126
20025,113603,6
20028,30809,99
20028,104946,6
20028,106211,71
20028,115186,75
20045,39901,8
20045,109538,129
20045,110000,6
20050,115567,11
20050,115570,10
20056,109228,9
20056,115856,50
20099,56730,6
20099,116692,71
20145,27986,50
20145,108733,12
20157,9230,12
20157,16145,7
20157,17454,7
20157,22675,15
20157,33018,12
20157,54626,7
20157,82281,9
20157,105048,6
20157,109213,17
20157,109858,217
20157,116517,22
20157,137532,13
20165,9278,21
20165,86829,10
20165,86830,31
20174,24228,62
20174,107081,29
20174,107084,35
20174,121311,102
20174,121314,10
20174,121318,7
20174,121322,6
20184,115267,41
20184,116481,11
20186,76102,10
20186,155672,36
20196,17258,11
20196,38123,25
20196,73429,37
20196,113170,7
20196,114287,7
20196,115187,19
20198,1441,6
20198,17242,7
20198,17258,25
20198,25846,6
20198,36501,35
20198,38133,13
20198,38141,9
20198,38145,30
20198,44695,33
20198,47742,132
20198,55780,15
20198,73429,526
20198,104887,20
20198,104940,6
20198,105681,7
20198,109037,11
20198,114247,59
20198,114287,91
20198,114447,8
20198,115187,50
20198,119595,34
20198,127908,23
20198,130626,10
20219,51171,14
20219,82858,26
20219,82860,7
20219,159948,15
20226,69869,29
20226,69870,6
20246,66552,6
20246,66554,13
20251,34028,8
20251,111006,10
20251,127362,6
20267,108899,25
20267,108940,9
20283,79458,84
20283,115084,14
20283,115758,6
20283,157810,7
20285,50091,14
20285,50093,6
20295,105545,13
20295,109170,24
20295,109539,561
20295,118842,15
20322,13169,15
20322,26520,514
20322,26527,789
20322,74310,9
20322,88138,7
20322,113566,11
20322,122825,9
20332,106313,22
20332,109976,38
20333,52313,35
20333,108124,198
20333,113170,10
20333,116975,9
20333,120209,7
20333,157055,6
20334,17137,12
20334,33073,8
20334,116260,50
20334,137320,20
20341,70926,12
20341,109845,127
20341,133980,6
20369,87515,20
20369,87518,16
20372,1534,737
20372,1536,420
20372,55301,19
20379,17647,510
20379,116629,7
20388,38560,9
20388,123025,46
20391,87854,53
20391,87856,20
20391,112110,23
20397,122860,7
20397,126944,449
20434,1882,25
20434,34347,71
20437,81513,9
20437,105600,92
20437,108588,18
20437,124005,13
20440,18680,6
20440,111009,806
20440,113145,9
20440,117612,13
20474,17242,72
20474,34033,6
20478,111020,187
20478,119702,84
20503,9586,9
20503,25986,10
20503,42097,26
20503,50560,11
20503,64322,7
20503,64325,9
20503,104557,8
20503,109451,8
20503,110117,90
20503,110212,108
20503,110849,628
20503,116170,19
20503,118399,30
20503,119708,11
20503,127026,12
20503,147783,20
20507,27778,24
20507,27785,225
20507,123743,28
20507,123746,9
20524,45239,241
20524,113270,7
20547,61747,47
20547,61748,134
20547,61750,26
20547,111043,857
20551,14145,12
20551,109570,10
20559,115226,57
20559,117053,8
20559,152333,11
20568,68636,11
20568,68637,41
20568,68638,11
20568,68642,87
20589,34028,7
20589,113908,138
20590,37536,8
20590,130229,18
20592,22413,7
20592,113467,57
20606,74308,121
20606,105373,7
20623,10711,8
20623,88018,109
20623,104476,10
20623,163222,8
20630,106441,31
20630,118989,173
20630,119082,53
20630,145641,7
20633,62159,10
20633,114421,155
20633,159609,8
20641,111043,222
20641,114539,19
20648,110747,6
20648,142116,164
20651,34201,348
20651,34204,1351
20651,120835,8
20667,53703,25
20667,115023,151
20667,140936,33
20671,126665,54
20671,131215,13
20678,16954,9
20678,113765,6
20678,127831,120
20688,9649,12
20688,68996,152
20710,115334,8
20710,123574,201
20710,141267,12
20724,58593,107
20724,122682,13
20736,108715,1143
20736,117997,6
20736,121093,13
20736,122257,43
20736,146473,43
20739,136904,226
20739,144541,151
20739,144543,19
20747,143892,12
20747,143893,58
20750,51003,15
20750,147849,151
20756,48092,14
20756,113298,63
20775,8013,16
20775,25375,6
20775,105674,32
20795,65948,6
20795,148841,6
20803,8023,356
20803,66179,368
20804,7002,6
20804,13658,18
20804,18098,25
20804,24460,8
20804,28310,9
20804,49491,7
20804,71431,18
20804,104887,48
20804,105402,9
20804,105676,7
20804,106224,64
20804,107927,7
20804,108179,851
20804,109037,22
20804,110350,9
20804,110949,6
20804,116781,7
20804,126053,7
20804,139495,16
20804,152476,6
20831,13132,10
20831,110476,36
20832,26248,18
20832,122650,6
20853,20034,63
20853,58139,22
20869,27613,815
20869,27633,100
20869,114256,8
20869,116425,6
20869,119735,8
20869,123635,12
20869,123638,13
20888,78289,114
20888,160526,95
20890,104628,98
20890,127847,7
20904,89289,292
20904,89290,42
20904,154765,39
20904,163736,729
20904,163737,473
20904,164392,35
20927,40378,59
20927,55286,37
20944,59272,44
20944,59274,595
20944,59275,44
20944,59276,87
20944,59279,25
20944,74310,47
20944,144497,388
20944,144499,33
20955,19996,232
20955,43441,7
20955,105743,29
20955,122849,117
20955,132305,39
20955,133188,267
20955,137043,22
20955,137045,18
20959,69919,8
20959,105093,135
20965,32012,14
20965,117574,9
20965,123922,60
20968,105093,206
20968,105427,6
20970,20034,6
20970,104476,14
20970,109987,113
21002,17707,79
21002,25279,8
21002,32944,14
21002,34242,9
21002,49054,6
21002,63366,6
21002,63373,7
21002,63439,6
21002,63464,7
21002,105229,123
21002,105700,8
21002,106161,11
21002,106441,16
21002,122713,52
21022,53405,16
21022,136922,16
21044,15546,107
21044,18794,9
21044,104568,144
21061,104722,237
21061,107927,1504
21061,109334,26
21063,17282,1032
21063,17301,17
21063,30183,6
21063,42638,257
21063,42654,415
21063,42656,162
21063,75870,7
21063,87580,9
21063,104769,6
21063,105107,7
21063,105142,8
21063,105449,7
21063,109058,10
21063,110066,284
21063,115334,24
21063,116364,20
21063,116370,41
21063,116371,10
21063,133604,48
21063,133605,10
21063,163676,28
21071,44256,60
21071,125775,32
21078,25747,10
21078,74310,58
21078,110726,6
21078,122487,6
21081,88137,1156
21081,88138,434
21081,88139,169
21081,88140,709
21081,88141,85
21081,113566,12
21093,1031,38
21093,74305,17
21093,81255,56
21093,156910,13
21093,158919,15
21093,163985,6
21133,2050,13
21133,123869,20
21133,127437,96
21133,131215,7
21144,65410,7
21144,65411,42
21144,113318,6
21144,148510,115
21145,1714,7
21145,104484,121
21150,106472,58
21150,106473,68
21151,2040,111
21151,8823,35
21151,53609,31
21160,1751,19
21160,146342,7
21166,113689,9
21166,120709,57
21172,20714,9
21172,20946,6
21172,106075,361
21172,106441,29
21172,108179,811
21172,108183,62
21172,108186,72
21172,109493,23
21172,113663,26
21172,118843,32
21172,118852,226
21172,119044,84
21172,119048,13
21172,119049,11
21174,17095,11
21174,115986,12
21174,119640,13
21179,105243,87
21179,144709,14
21186,116749,6
21186,157959,67
21206,113580,8
21206,148865,34
21208,9093,36
21208,110665,9
21211,77482,9
21211,83058,45
21216,14505,119
21216,14533,8
21216,21743,6
21216,34090,9
21216,80876,7
21216,109968,20
21216,114308,7
21216,117334,213
21216,128099,6
21237,20318,1824
21237,66208,8
21237,73090,50
21237,104944,6
21237,116660,17
21237,126573,188
21237,127142,6
21237,153007,8
21244,22869,459
21244,152170,8
21246,7838,10
21246,47583,159
21246,53401,7
21246,105940,6
21246,106309,220
21246,106310,9
21246,108397,12
21246,113170,8
21246,114289,7
21246,114492,8
21246,136930,34
21249,55042,6
21249,58351,91
21249,58352,83
21249,58363,31
21249,105159,70
21249,106003,6
21249,141235,1907
21249,143918,40
21249,143919,358
21249,143923,19
21254,25375,828
21254,74310,74
21254,108913,11
21254,110489,8
21254,114480,81
21271,65319,22
21271,65321,18
21309,32250,7
21309,41905,25
21320,45508,58
21320,45510,74
21324,151684,36
21324,154778,121
21341,16730,12
21341,65038,14
21341,88708,41
21389,5727,159
21389,74222,8
21396,21937,36
21396,64690,68
21396,148019,25
21396,148022,6
21408,3110,1254
21408,31680,18
21408,33811,34
21408,106528,14
21408,127926,8
21411,849,24
21411,2343,7
21411,7214,13
21411,13091,6
21411,20039,7
21411,20073,8
21411,22184,34
21411,23263,7
21411,30710,51
21411,46860,44
21411,50418,85
21411,50419,6
21411,52634,41
21411,53610,16
21411,57210,6
21411,59034,10
21411,60334,258
21411,71123,6
21411,71194,51
21411,71407,10
21411,71584,14
21411,74223,7
21411,83581,16
21411,84280,7
21411,84614,8
21411,84632,299
21411,84638,7
21411,84639,9
21411,84646,12
21411,84647,10
21411,84663,12
21411,84674,81
21411,84682,37
21411,84729,14
21411,84739,95
21411,84744,175
21411,84746,9
21411,84787,6
21411,84788,6
21411,104458,6
21411,104763,9
21411,105107,25
21411,105170,7
21411,105427,19
21411,105456,13
21411,106075,14
21411,106205,340
21411,106211,14
21411,106537,10
21411,108240,7
21411,108319,6
21411,109006,1728
21411,109075,6
21411,109140,28
21411,109142,19
21411,109238,6
21411,109458,202
21411,109603,44
21411,110050,99
21411,110944,13
21411,111005,642
21411,113361,6
21411,113736,93
21411,115487,15
21411,115775,10
21411,117091,70
21411,117099,130
21411,117110,7
21411,117388,675
21411,117389,11
21411,118660,7
21411,119580,7
21411,119974,132
21411,120538,18
21411,120882,587
21411,120923,80
21411,121988,10
21411,122339,11
21411,123955,7
21411,125556,234
21411,126152,244
21411,126837,6
21411,130584,39
21411,132148,16
21411,133157,9
21411,137147,19
21411,139093,6
21411,144871,9
21411,147780,6
21411,148915,14
21411,152529,7
21411,153372,8
21411,153580,108
21411,153638,67
21411,154451,6
21411,154536,11
21411,161093,7
21411,161107,8
21411,161110,14
21411,161118,7
21411,161120,11
21411,161122,11
21411,161123,59
21411,161124,7
21411,161128,19
21411,161129,8
21411,161131,16
21411,161133,12
21411,161135,14
21411,161136,9
21411,161138,6
21411,161142,9
21411,161147,46
21411,161164,15
21411,161180,6
21411,161186,9
21411,161189,10
21411,161193,9
21411,161198,9
21411,161207,7
21426,126893,94
21426,127094,34
21463,14573,20
21463,114539,213
21463,114543,11
21465,16652,6
21465,16653,15
21495,140477,348
21495,142659,6
21529,104463,65
21529,105883,12
21529,105936,120
21548,15670,13
21548,73429,21
21569,44053,239
21569,134550,6
21576,146025,6
21576,151497,25
21577,16652,8
21577,16653,10
21588,18030,11
21588,18031,100
21588,45284,9
21588,45286,9
21588,135418,12
21590,1441,87
21590,105170,9
21590,113661,48
21590,122145,64
21590,123607,33
21590,130028,60
21590,130040,8
21600,54458,26
21600,104476,8
21610,64029,12
21610,147591,98
21627,137604,8
21627,137605,34
21636,24631,42
21636,65825,48
21636,85450,38
21636,118942,7
21647,61672,25
21647,61673,55
21647,61674,18
21647,146089,117
21648,25523,104
21648,25524,56
21660,49249,23
21660,49251,37
21662,8850,6
21662,62468,14
21662,146586,38
21708,33932,43
21708,122254,9
21734,80454,10
21734,114079,14
21735,22968,16
21735,22969,7
21740,8712,41
21740,105434,12
21740,109171,23
21751,1714,6
21751,104940,15
21762,17880,10
21762,38560,10
21762,113970,295
21772,319,10
21772,1329,12
21772,1732,9
21772,2523,323
21772,2630,13
21772,6287,8
21772,7002,255
21772,7020,14
21772,7109,6
21772,7177,11
21772,7188,7
21772,7214,8
21772,8195,6
21772,8542,6
21772,10680,77
21772,13177,33
21772,17115,17
21772,17392,6
21772,17443,8
21772,17640,17
21772,20039,11
21772,20603,19
21772,26085,34
21772,30809,73
21772,33394,7
21772,34033,105
21772,34335,10
21772,39440,17
21772,40104,6
21772,42097,6
21772,42638,9
21772,42656,15
21772,45312,10
21772,45801,12
21772,50560,7
21772,51613,7
21772,52834,6
21772,59159,374
21772,63373,8
21772,66035,418
21772,68042,6
21772,69919,10
21772,70563,9
21772,71093,17
21772,71131,7
21772,71145,7
21772,71169,8
21772,71237,8
21772,72681,6
21772,73737,18
21772,73745,12
21772,77207,13
21772,80768,7
21772,86800,38
21772,104468,30
21772,104554,9
21772,104723,47
21772,104748,7
21772,104760,28
21772,104761,12
21772,104763,13
21772,104887,43
21772,104903,7
21772,104906,18
21772,104945,10
21772,104963,7
21772,105059,14
21772,105084,21
21772,105088,7
21772,105098,36
21772,105106,8
21772,105166,17
21772,105207,52
21772,105313,36
21772,105316,16
21772,105370,26
21772,105551,18
21772,105568,7
21772,105614,6
21772,105648,21
21772,105652,7
21772,105681,20
21772,105780,17
21772,105819,9
21772,105824,13
21772,105967,7
21772,106092,6
21772,106128,6
21772,106147,7
21772,106173,9
21772,106178,17
21772,106195,9
21772,106211,41
21772,106224,1193
21772,106238,14
21772,106241,36
21772,106243,14
21772,106252,11
21772,106309,8
21772,107372,70
21772,107927,11
21772,108179,1591
21772,108249,48
21772,108456,7
21772,108598,16
21772,108670,10
21772,108829,16
21772,109037,9
21772,109050,6
21772,109084,73
21772,109097,24
21772,109099,7
21772,109100,37
21772,109103,104
21772,109105,7
21772,109129,15
21772,109173,9
21772,109186,42
21772,109206,11
21772,109224,11
21772,109228,6
21772,109247,7
21772,109248,11
21772,109256,6
21772,109265,14
21772,109279,14
21772,109302,52
21772,109332,21
21772,109850,8
21772,109852,10
21772,109998,9
21772,110050,15
21772,110060,21
21772,110581,6
21772,110764,103
21772,111807,99
21772,112266,6
21772,114010,51
21772,114025,53
21772,114106,6
21772,114324,21
21772,114389,41
21772,116177,10
21772,116582,11
21772,118497,18
21772,118538,19
21772,118768,16
21772,118846,6
21772,119078,20
21772,119430,6
21772,120539,7
21772,120819,6
21772,121052,7
21772,121122,15
21772,121400,6
21772,122402,12
21772,122435,6
21772,122891,22
21772,123585,7
21772,124831,12
21772,125400,8
21772,126022,14
21772,126576,17
21772,126702,8
21772,127055,6
21772,128507,11
21772,129788,8
21772,131769,33
21772,132050,15
21772,132257,9
21772,132353,11
21772,135790,8
21772,136422,9
21772,137054,11
21772,137353,12
21772,137509,8
21772,139613,8
21772,140100,7
21772,141051,6
21772,141600,13
21772,142827,15
21772,145679,6
21772,148108,17
21772,148963,11
21772,152218,16
21772,152246,11
21772,152264,17
21772,152270,10
21772,152292,12
21772,152301,24
21772,152305,8
21772,152311,14
21772,152324,9
21772,163706,8
21772,163763,18
21775,2523,67
21775,10680,6
21775,39899,7
21775,40634,6
21775,46243,651
21775,59635,32
21775,111024,14
21775,126804,6
21775,136050,6
21776,1221,9
21776,2993,151
21776,7055,130
21776,8163,8
21776,17115,352
21776,20702,19
21776,20710,6
21776,20714,8
21776,20730,6
21776,20736,1012
21776,20741,24
21776,20799,89
21776,20839,20
21776,20883,58
21776,20891,32
21776,20938,8
21776,41107,127
21776,43047,20
21776,56275,86
21776,104887,23
21776,105437,7
21776,105716,122
21776,106075,673
21776,106089,14
21776,106098,7
21776,106104,46
21776,106161,6
21776,106238,13
21776,106241,19
21776,106801,72
21776,107032,16
21776,108179,1039
21776,108183,1569
21776,108186,201
21776,108187,30
21776,108191,6
21776,108584,8
21776,109046,6
21776,109939,21
21776,113663,15
21776,114601,6
21776,115226,20
21776,116644,6
21776,117110,480
21776,118835,10
21776,118836,878
21776,118842,46
21776,118843,562
21776,118846,20
21776,118848,46
21776,118850,13
21776,118851,39
21776,118852,116
21776,118854,28
21776,118866,61
21776,118867,11
21776,118881,31
21776,118883,26
21776,118884,9
21776,118890,47
21776,118893,18
21776,118898,737
21776,118899,6
21776,118901,6
21776,118921,20
21776,118939,61
21776,118940,27
21776,118943,6
21776,118948,14
21776,118963,6
21776,118975,8
21776,118985,6
21776,118990,17
21776,118996,57
21776,119006,30
21776,119025,8
21782,53548,9
21782,53551,9
21783,56509,8
21783,109522,24
21807,2095,67
21807,2223,10
21807,14128,8
21807,44596,10
21807,83608,744
21807,114926,8
21807,148438,7
21807,160197,6
21811,49608,6
21811,138307,29
21834,2630,30
21834,42656,12
21834,74990,10
21834,77207,18
21834,104761,11
21834,104763,22
21834,104907,6
21834,105098,14
21834,105164,9
21834,105207,14
21834,105316,9
21834,105328,8
21834,106211,9
21834,106243,61
21834,108179,102
21834,109959,9
21834,109998,23
21834,110001,15
21834,110155,6
21834,115187,13
21834,118984,7
21834,149672,8
21861,89004,8
21861,147132,8
21874,25375,352
21874,74310,311
21874,114480,17
21875,13151,11
21875,108899,7
21875,108940,57
21883,87515,22
21883,87518,71
21886,6098,197
21886,74310,156
21886,106842,7
21889,71281,51
21889,152255,151
21898,130020,70
21898,130022,19
21904,21715,160
21904,109135,6
21907,19623,156
21907,106211,109
21917,50273,8
21917,138726,96
21934,155312,6
21934,155314,88
21934,155315,54
21939,45751,8
21939,74716,29
21947,119114,109
21947,119118,6
21953,1233,7
21953,115231,17
21980,18804,45
21980,50239,12
21980,110571,8
21980,112622,22
21980,115226,14
21980,118106,53
21980,138699,181
21980,138703,6
22023,18424,134
22023,106346,15
22023,127787,549
22059,26527,76
22059,88161,35
22059,116296,47
22059,116627,10
22059,147831,78
22059,163316,18
22093,106204,230
22093,153331,197
22105,106549,30
22105,135523,232
22107,119748,22
22107,145740,7
22107,145743,58
22112,51886,23
22112,139799,20
22120,16652,6
22120,16653,18
22125,56243,36
22125,105319,21
22125,121228,12
22125,122255,10
22125,142503,131
22127,7964,21
22127,23807,7
22127,38030,30
22127,104800,6
22127,105475,326
22127,105702,58
22127,110038,52
22127,113686,25
22127,114695,7
22127,115179,74
22127,119136,364
22127,119674,6
22127,154659,29
22127,155556,13
22127,163776,9
22133,120337,203
22133,120405,26
22136,77207,32
22136,110017,62
22136,117442,21
22174,2093,56
22174,42270,13
22180,30925,6
22180,30926,21
22190,29455,22
22190,120774,8
22190,122435,24
22190,122953,6
22190,126630,249
22190,135852,39
22203,30620,217
22203,124888,8
22222,55651,205
22222,55652,23
22222,55658,104
22222,55660,9
22222,55662,31
22222,55665,13
22222,55666,25
22222,55678,31
22222,142195,7
22222,142197,47
22222,142199,64
22222,142204,10
22222,142209,51
22222,142210,64
22222,142213,31
22251,104561,35
22251,109443,69
22268,106104,144
22268,115038,27
22268,118879,6
22276,16850,12
22276,46243,390
22276,110232,30
22302,1908,7
22302,46070,7
22302,120233,29
22302,135932,36
22311,21679,13
22311,34120,15
22315,17115,6
22315,69919,10
22315,104896,6
22315,105324,13
22315,105362,7
22315,106066,19
22315,106075,414
22315,108179,7
22315,114938,67
22315,115338,6
22315,116276,6
22315,116644,693
22315,131804,20
22328,42707,21
22328,108510,6
22335,26520,103
22335,26527,64
22335,122833,27
22338,6383,450
22338,23676,33
22338,26039,14
22338,78021,7
22338,111118,6
22338,119732,13
22338,123871,6
22338,138560,7
22347,105549,11
22347,140634,6984
22357,39124,43
22357,131228,15
22381,61586,29
22381,61588,27
22381,122385,76
22398,16348,17
22398,16350,23
22398,115694,37
22404,116301,40
22404,119901,23
22411,1790,45
22411,15604,16
22411,117048,40
22412,68229,14
22412,120884,77
22431,147089,100
22431,147090,10
22435,9368,112
22435,110726,485
22461,26775,8
22461,114324,62
22466,73745,28
22466,105316,59
22466,105370,6
22466,109050,9
22478,2630,94
22478,24057,11
22478,33152,29
22478,34149,9
22478,34899,17
22478,105545,18
22478,105794,80
22478,105933,7
22478,105936,12
22478,106309,138
22478,106310,17
22478,111043,21
22478,115223,10
22478,115226,8
22478,116749,213
22478,119360,28
22478,152065,6
22478,152102,6
22479,47102,71
22479,136618,20
22480,38051,6
22480,130579,186
22484,26513,164
22484,26527,541
22484,105779,10
22484,119793,270
22484,122825,139
22484,122830,39
22503,57239,40
22503,57242,31
22518,48084,60
22518,137297,10
22522,42037,92
22522,131079,9
22524,13078,106
22524,13080,8
22527,17267,8
22527,129746,93
22533,59959,20
22533,59961,19
22533,144960,23
22552,52081,6
22552,104464,6
22552,117592,19
22571,73429,70
22571,104940,11
22595,14479,14
22595,14481,13
22600,108353,168
22600,143079,11
22605,104963,11
22605,105178,120
22614,55184,27
22614,117286,6
22626,105602,17
22626,127098,32
22631,18510,87
22631,104468,9
22631,113609,8
22631,117258,7
22673,15670,10
22673,106075,185
22673,108187,6
22673,110215,9
22673,130195,12
22700,1790,52
22700,134576,142
22703,13177,108
22703,113525,42
22703,113544,45
22703,126722,8
22703,126727,30
22719,106842,219
22719,130707,263
22727,13266,8
22727,14145,154
22727,105076,60
22727,114539,6
22738,1441,50
22738,7046,6
22749,37718,56
22749,37723,45
22749,37724,17
22749,37734,8
22749,114431,598
22749,118966,154
22749,123916,92
22749,130354,238
22749,130355,164
22749,130360,35
22749,130363,63
22749,130365,13
22769,80297,8
22769,137795,37
22777,20840,18
22777,66741,20
22777,149334,18
22788,53387,64
22788,53388,59
22790,80852,12
22790,143585,9
22791,18520,12
22791,48141,9
22791,59635,6
22791,104888,90
22791,115698,139
22812,582,25
22812,7101,292
22818,54935,64
22818,54943,37
22818,54946,96
22818,54955,478
22818,54956,7
22818,54957,243
22818,62074,7
22818,141736,24
22818,141737,7
22818,141739,36
22819,5611,8
22819,29358,57
22830,110081,19
22830,123345,25
22866,21759,158
22866,34705,64
22888,130482,49
22888,130483,18
22909,44192,40
22909,44194,25
22933,16361,26
22933,16362,6
22944,2188,9
22944,8850,338
22944,8854,18
22957,51295,74
22957,116122,98
22978,9568,14
22978,46115,232
22978,46118,34
22978,46123,77
22978,46137,8
22978,46142,38
22978,46146,12
22978,46156,23
22978,46159,488
22978,46160,356
22978,46161,448
22978,46162,738
22978,46163,96
22978,46165,10
22978,46180,27
22978,105251,34
22978,108424,95
22978,109341,59
22978,109861,24
22978,109864,13
22978,121667,100
22978,123824,8
22978,135978,27
22978,135979,16
22978,135980,58
22978,135982,23
22978,135988,90
23005,146767,73
23005,146768,26
23010,84311,11
23010,113987,26
23010,114264,147
23015,310,20
23015,117076,74
23015,119920,75
23024,125875,93
23024,126953,6
23037,68712,10
23037,127437,38
23037,152108,8
23040,78831,8
23040,109085,42
23040,121047,23
23042,1790,34
23042,6873,94
23042,26648,10
23042,29451,15
23042,43172,31
23042,43177,31
23042,105420,31
23042,105794,13
23042,113318,7774
23042,116129,24
23042,132558,6
23042,133958,18
23042,133963,12
23042,133968,11
23045,24919,78
23045,24921,40
23045,109267,9
23045,120290,80
23045,121787,14
23045,121792,10
23053,46243,7
23053,105776,16
23053,107927,6
23053,109451,1729
23054,106268,85
23054,132633,12
23062,109420,128
23062,120113,10
23068,10680,13
23068,121625,48
23071,43678,203
23071,110262,29
23073,55360,286
23073,113816,24
23076,120171,8
23076,126555,181
23076,134461,43
23076,134465,9
23089,68996,16
23089,73841,9
23089,106243,81
23095,2029,7
23095,104468,107
23095,126562,34
23105,105385,7
23105,136382,75
23112,1757,12
23112,2095,6
23112,9245,7
23112,16751,11
23112,18406,83
23112,21445,6
23112,21770,555
23112,21785,6
23112,23360,42
23112,23807,58
23112,26649,9
23112,31197,47
23112,38725,64
23112,48112,6
23112,53964,12
23112,87705,89
23112,87749,59
23112,87760,13
23112,105332,466
23112,105820,11
23112,106327,7
23112,109254,6
23112,110581,6
23112,113285,35
23112,114359,9
23112,115414,13
23112,122933,6
23112,125524,8
23112,133938,65
23112,135951,6
23112,154316,70
23112,160288,7
23121,7265,8
23121,13685,6
23121,14707,12
23121,34899,6
23121,39901,38
23121,40712,20
23121,50370,21
23121,52828,9
23121,58098,9
23121,63759,17
23121,73291,74
23121,74617,22
23121,77451,15
23121,104490,92
23121,104746,8
23121,104758,17
23121,104760,6
23121,104761,24
23121,104763,24
23121,104764,16
23121,104767,197
23121,105098,31
23121,105336,101
23121,105448,49
23121,105780,28
23121,105891,12
23121,105902,6
23121,106089,18
23121,106199,45
23121,106211,48
23121,106274,152
23121,108509,7
23121,109480,24
23121,117716,6
23121,121115,52
23121,128449,6
23121,131435,12
23121,155848,10
23121,155853,6
23121,155861,10
23126,106224,37
23126,122405,8
23140,17557,20
23140,106195,7
23140,108179,70
23143,105178,18
23143,105207,71
23143,115576,9
23146,8110,15
23146,39440,10
23146,42656,19
23146,68692,13
23146,104676,6
23146,105098,6
23146,105206,577
23146,109097,14
23146,110092,8
23146,115587,12
23146,117716,6
23146,120819,15
23146,121677,6
23146,123956,19
23146,124286,21
23146,126027,10
23146,126859,15
23146,137721,26
23146,150661,6
23146,163798,6
23169,13822,93
23169,114005,28
23170,104570,335
23170,105452,11
23180,15280,7
23180,34505,269
23190,60523,22
23190,130210,152
23190,145330,10
23190,145332,6
23196,47583,92
23196,104551,7
23196,136945,54
23204,88831,34
23204,88832,29
23204,130991,10
23209,54470,9
23209,136077,85
23214,113544,22
23214,126726,9
23215,42817,19
23215,131228,82
23221,34028,102
23221,109042,11
23234,54176,167
23234,163841,13
23238,1882,6
23238,14313,39
23238,51613,8
23272,45968,93
23272,108994,9
23272,135869,10
23296,61608,6
23296,146044,20
23300,31014,21
23300,104758,8
23300,106066,9
23300,108179,88
23300,109085,12
23300,117107,9
23300,119595,6
23318,6098,192
23318,70728,10
23318,74310,176
23318,105941,7
23318,151972,13
23330,82712,763
23330,88344,87
23337,1790,1401
23337,44090,12
23337,44095,67
23337,48760,18
23337,134576,70
23337,134577,39
23337,134579,112
23337,134581,8
23345,45430,8
23345,135512,20
23347,119748,15
23347,145740,6
23347,145743,41
23349,18071,6
23349,104551,26
23349,106309,18
23349,109968,6
23349,123869,7
23349,136931,11
23368,34033,244
23368,48809,13
23368,104615,12
23368,108856,20
23368,120608,11
23368,137786,8
23421,20603,13
23421,105673,457
23439,63373,147
23439,63374,216
23439,63439,25
23439,106232,30
23439,113552,14
23449,88475,27
23449,88477,30
23455,3069,98
23455,106502,10
23506,2987,68
23506,2989,6
23506,3001,39
23506,32012,115
23506,106452,23
23510,23938,65
23510,32546,58
23510,109940,32
23510,119188,230
23510,125804,34
23515,23078,6
23515,120502,7
23526,2926,18
23526,160881,6
23548,17880,6
23548,19289,273
23548,19300,26
23548,19316,154
23548,19341,7
23548,19357,11
23548,19400,10
23548,19419,10
23548,19437,250
23548,21759,7
23548,30809,37
23548,64714,34
23548,72138,11
23548,104763,30
23548,105355,8
23548,107997,4376
23548,109548,4565
23548,110724,6
23548,114618,6
23548,117809,26
23548,117811,798
23548,117821,46
23548,117822,11
23548,117829,155
23548,117832,7
23548,117836,38
23548,117848,8
23548,117849,7
23548,117854,10
23548,117868,44
23548,117890,30
23548,117891,6
23548,117895,29
23548,117907,8
23548,117934,6
23548,117935,11
23548,117943,19
23567,43679,6
23567,88353,15
23567,110306,225
23567,116588,20
23567,122240,43
23571,83074,58
23571,160080,45
23593,582,154
23593,6288,9
23593,28073,19
23593,44977,2637
23593,44991,45
23593,44998,46
23593,45001,28
23593,45060,10
23593,45098,10
23593,45099,179
23593,45105,9
23593,45111,6
23593,45141,16
23593,45145,7
23593,45151,12
23593,45154,13
23593,45161,12
23593,45169,6
23593,45188,10
23593,45196,6
23593,45211,20
23593,45239,29
23593,105541,18
23593,109045,8
23593,109154,388
23593,114546,10
23593,115785,12
23593,118393,111
23593,120874,20
23593,121203,9
23593,122287,15
23593,123061,63
23593,128990,7175
23593,135192,6
23593,135203,59
23593,135207,22
23593,135216,7
23593,135223,40
23593,135229,6
23593,135244,16
23593,135277,7
23593,135278,7
23593,135288,10
23593,135291,218
23593,135292,21
23593,135295,6
23593,135304,10
23593,135313,9
23593,135314,14
23593,135315,7
23593,135318,27
23593,135320,10
23593,135327,9
23593,135328,9
23593,135338,12
23593,135351,8
23593,135352,11
23593,135355,153
23593,135357,102
23593,135360,27
23593,135366,13
23593,135368,13
23593,135379,7
23593,135386,29
23607,110000,99
23607,114185,11
23607,129583,36
23614,88888,16
23614,164155,256
23647,17647,38
23647,109170,11
23655,110488,73
23655,144353,11
23671,29573,41
23671,63313,7
23671,63317,10
23671,116661,90
23671,147122,22
23679,52085,264
23679,116144,10
23723,1908,12
23723,2576,16
23723,12847,6
23723,17880,778
23723,30163,6
23723,79178,12
23723,79180,8
23723,79183,127
23723,118372,17
23723,120617,9
23723,125808,65
23723,126654,12
23729,8446,11
23729,17644,6
23729,66761,7
23729,104885,13
23729,105489,36
23729,105495,32
23729,110018,121
23729,110242,21
23729,110311,347
23729,110316,8
23730,20252,11
23730,30809,540
23730,55823,10
23730,66761,38
23730,74309,6
23730,104763,9
23730,104818,22
23730,105760,11
23730,107927,6
23730,109548,169
23730,109562,35
23730,109999,9
23730,114315,1044
23730,125789,7
23730,154137,11
23745,110752,6
23745,113332,210
23745,129640,12
23745,136196,11
23747,1714,7
23747,117055,17
23750,65840,44
23750,110017,67
23750,148781,89
23760,68562,15
23760,68568,12
23760,122402,279
23760,150575,11
23760,150576,62
23760,150578,14
23767,80716,8
23767,105840,8
23767,107306,7
23767,158578,220
23767,158583,21
23774,47668,21
23774,52420,556
23774,52422,19
23774,52423,35
23775,19198,192
23775,55306,10
23775,104760,114
23775,124304,8
23784,33887,8
23784,127977,106
23806,138969,20
23806,138970,7
23828,226,6
23828,105883,9
23828,109278,89
23828,111102,19
23829,33957,14
23829,87933,8
23841,81525,42
23841,81526,12
23846,57872,12
23846,130214,92
23846,143585,14
23846,143586,6
23866,16652,6
23866,16653,21
23888,56509,285
23888,109522,70
23902,126421,11
23902,126422,13
23910,1351,6
23910,26180,16
23910,26181,80
23924,7319,63
23924,64641,119
23953,3032,8
23953,3033,63
23953,106477,97
23954,2091,26
23954,57894,53
23954,152204,7
23955,14705,6
23955,14707,109
23955,114632,10
23964,8655,159
23964,146371,39
23983,14261,13
23983,14262,150
23983,114327,21
24000,15879,8
24000,42040,6
24009,34033,85
24009,36269,10
24011,83633,38
24011,146512,18
24042,16579,21
24042,115854,7
24050,116964,10
24050,124804,8
24050,125775,73
24054,8521,7
24054,15652,30
24054,105489,59
24054,105495,307
24054,105995,18
24054,110032,17
24054,110037,22
24054,110242,60
24054,110300,11
24093,106117,86
24093,109687,18
24103,22608,18
24103,109247,106
24127,30284,26
24127,125495,1156
24139,34507,425
24139,80186,110
24139,122476,152
24139,140083,312
24139,151555,1003
24139,158248,8
24146,17707,109
24146,34242,9
24146,49058,16
24146,62159,28
24146,105060,15
24146,105229,7
24146,118965,15
24146,120302,170
24146,121391,6
24146,122713,25
24146,131224,6
24156,27555,17
24156,73698,45
24168,20832,88
24168,32263,527
24184,31851,6
24184,48251,23
24184,117091,174
24184,120838,967
24184,122796,26
24184,126591,12
24184,126593,11
24184,126594,6
24224,31035,9
24224,88137,1034
24251,60348,6
24251,60351,166
24251,60352,15
24253,55907,36
24253,55910,6
24253,55911,37
24263,16716,13
24263,49606,260
24263,113844,74
24282,108989,6
24282,149379,147
24286,15649,128
24286,32601,6
24286,111876,42
24298,23437,10
24298,23438,12
24298,23441,39
24298,23443,65
24298,23446,158
24298,120747,21
24298,120752,24
24298,120753,25
24299,55107,55
24299,78862,74
24329,1505,12
24329,8163,6
24329,21210,19
24329,105448,135
24329,107032,388
24329,108133,10
24329,108456,16
24329,109958,8
24331,83999,84
24331,122645,8
24407,45956,167
24407,49591,1757
24407,54682,6
24407,54683,77
24407,54687,10
24407,54691,6
24407,54699,15
24407,54701,9
24407,108248,90
24407,141561,8
24407,141562,11
24407,141563,70
24407,141565,13
24407,141568,6
24407,141570,7
24407,141574,6
24418,26443,41
24418,52220,889
24418,121571,17
24418,129322,6
24443,25446,218
24443,25463,36
24443,25467,554
24443,25473,11
24443,25474,14
24443,25476,7
24443,117840,444
24443,122131,42
24443,122133,25
24443,122134,10
24443,122136,13
24443,122137,34
24443,122142,9
24443,122143,97
24443,122144,189
24443,122145,7
24443,122147,18
24443,122148,81
24443,122149,69
24449,22039,18
24449,57519,26
24449,143357,58
24449,143359,8
24458,24992,9
24458,110775,42
24472,42690,7
24472,83866,12
24472,114256,15
24472,157096,22
24485,66627,6
24485,138643,103
24492,38796,13
24492,43729,246
24492,43730,42
24509,12962,7
24509,113395,106
24515,20996,30
24515,105766,12
24515,119081,87
24524,82178,8
24524,113400,637
24524,113511,158
24524,135523,12
24530,105529,329
24530,105758,23
24530,144061,27
24542,68996,131
24542,106178,156
24542,116819,10
24547,16652,6
24547,16653,45
24555,50704,32
24555,139001,9
24578,6098,24
24578,74310,19
24578,128933,123
24587,113980,7
24587,164162,83
24591,19528,12
24591,21315,11
24591,84090,607
24594,13132,11
24594,13239,11
24594,23360,16
24594,25747,23
24594,69919,11
24594,105475,8
24594,109808,1501
24594,128158,13
24594,134932,27
24603,29640,6
24603,29646,210
24603,29657,23
24603,106001,9
24603,118893,6
24603,125054,102
24603,125075,9
24603,125076,36
24605,1233,8
24605,115231,14
24630,51736,122
24630,75969,255
24630,155553,16
24644,26520,7
24644,54058,6
24657,58832,6
24657,137322,390
24687,129644,32
24687,129645,8
24698,56526,6
24698,115244,89
24701,13827,13
24701,110764,161
24704,106178,267
24704,117269,15
24724,105726,12
24724,126198,125
24804,66761,6
24804,73857,9
24811,122468,149
24811,122472,6
24818,112716,178
24818,113893,13
24825,21967,7
24825,134508,57
24861,111010,6
24861,125897,35
24888,15935,38
24888,15936,31
24888,15937,199
24888,15939,41
24888,15942,9
24888,115422,6
24961,37825,10
24961,116964,37
24964,113734,44
24964,113737,8
24973,59503,143
24973,59508,10
24973,144548,8
24978,68126,9
24978,124804,25
24978,134033,75
24978,150288,7
24979,126198,25
24979,126200,64
24989,32250,14
24989,41905,15
24989,150550,32
25004,29573,60
25004,63299,10
25004,63309,14
25004,106227,8
25004,116661,135
25004,147120,12
25004,147122,6
25033,26806,13
25033,110145,20
25051,105626,7
25051,114479,131
25057,23443,13
25057,23446,13
25069,62232,29
25069,68846,61
25076,42638,90
25076,109564,11
25100,53238,11
25100,53239,7
25109,9506,15
25109,64069,6
25109,64073,7
25109,64088,9
25109,105908,25
25109,110577,15
25109,116291,736
25109,125425,7
25109,126982,9
25109,133400,11
25109,147628,6
25110,87035,6
25110,162612,66
25110,162613,7
25118,32334,6
25118,45968,138
25118,45971,20
25121,32250,50
25121,41905,29
25121,150550,30
25130,115438,123
25130,115439,7
25135,20059,6
25135,20702,100
25135,21677,16
25135,106075,181
25135,109357,28
25135,116401,6
25135,154601,6
25145,33806,6
25145,66204,13
25145,66208,1167
25145,66209,18
25145,66213,9
25145,106426,682
25145,108614,23
25145,108844,9
25145,142793,10
25163,38490,20
25163,105495,42
25170,120608,33
25170,128280,6
25175,6574,8
25175,120769,520
25194,66035,7
25194,74223,268
25200,5727,46
25200,74222,7
25207,14145,6
25207,66223,9
25207,108098,369
25207,148748,36
25207,149016,18
25207,149017,29
25218,37155,33
25218,65140,15
25242,104653,12
25242,149426,104
25261,1059,6
25261,147806,109
25263,120627,42
25263,147907,10
25292,109711,30
25292,116843,41
25294,49054,26
25294,49055,6
25294,61791,134
25294,63366,9
25294,63372,8
25294,63419,155
25294,63420,111
25294,63439,216
25294,106441,1358
25294,114347,15
25294,121362,454
25294,126578,228
25294,130887,15
25294,135157,8
25294,146224,544
25294,147177,36
25299,23842,6
25299,121030,42
25299,121032,6
25299,121033,91
25301,9464,7
25301,111102,181
25301,161511,6
25304,136601,7
25304,136741,18
25333,53391,25
25333,80454,8
25339,31596,23
25339,125146,12
25358,105954,104
25358,105957,6
25369,126062,7
25369,145578,31
25374,126728,11
25374,126735,122
25374,126737,13
25383,123043,103
25383,123046,11
25390,14610,20
25390,114565,15
25391,50297,6
25391,138736,261
25391,138739,738
25391,138749,62
25398,38461,7
25398,164259,83
25399,27054,20
25399,27055,28
25423,119194,146
25423,119195,9
25434,8217,6
25434,153123,46
25455,105726,1508
25455,140225,92
25455,140226,7
25477,106309,16
25477,123869,20
25505,19140,10
25505,23203,15
25505,30809,82
25505,31014,6
25505,37147,6
25505,59635,16
25505,65761,49
25505,105188,6
25505,108456,14
25505,109481,248
25505,109570,10
25505,109984,7
25505,118386,7
25505,120124,279
25505,120579,6
25505,120595,7
25513,13672,11
25513,82838,60
25525,58553,465
25525,120721,24
25525,144042,16
25525,144044,12
25536,109224,33
25536,163573,29
25537,125051,87
25537,125052,6
25539,105355,32
25539,109344,7
25539,117733,346
25544,113902,11
25544,114993,24
25544,121318,18
25544,121324,187
25544,121766,64
25544,121767,59
25560,137011,37
25560,137012,11
25566,105799,129
25566,122187,9
25568,82038,42
25568,132279,29
25578,2535,14
25578,30809,327
25578,31035,31
25578,105673,16
25583,9029,401
25583,9033,18
25608,66035,50
25608,109150,163
25608,109279,43
25608,113652,7
25628,26248,11
25628,122650,16
25631,53391,143
25631,53392,120
25631,106401,7
25641,67051,11
25641,84170,8
25641,104774,28
25641,109087,69
25641,110455,10
25641,117334,8
25641,134648,7
25641,140219,650
25641,149557,736
25641,149560,6
25641,149567,17
25642,1824,6
25642,7865,16
25642,85328,42
25642,85329,23
25642,85330,44
25642,161571,9
25651,60447,11
25651,131799,610
25668,13758,534
25668,104768,14
25668,109999,6
25668,113958,3355
25668,113962,6
25670,18236,168
25670,39076,33
25670,39080,45
25670,39082,16
25670,109312,6
25672,781,7
25672,119092,36
25678,115950,6
25678,116006,167
25678,116017,6
25678,144823,6
25700,31014,116
25700,37471,12
25700,104468,40
25700,104780,6
25700,106092,12
25700,108179,87
25700,113766,28
25700,114060,6
25728,60487,26
25728,133508,18
25740,105968,124
25740,106327,9
25740,109716,11
25748,1441,16
25748,34335,9
25748,106243,260
25748,113428,23
25748,120997,13
25748,133980,6
25748,154151,15
25748,163774,9
25781,88944,8
25781,164195,13
25795,105982,1525
25795,146428,22
25805,106059,65
25805,109179,8
25821,53806,8
25821,53807,17
25822,38619,203
25822,77540,112
25822,104576,12
25826,11967,200
25826,26167,11
25826,122588,6
25833,1144,305
25833,6649,49
25833,8177,10
25833,28073,3649
25833,42656,18
25833,54640,323
25833,80509,222
25833,108171,215
25833,108172,115
25833,154033,13
25833,158462,32
25833,158463,353
25867,1031,8
25867,73698,33
25872,108284,160
25872,138306,20
25874,14479,17
25874,14481,14
25874,14482,26
25877,62051,7
25877,105448,183
25877,143967,10
25877,143969,96
25883,114266,8
25883,136654,327
25891,104493,7
25891,105059,130
25945,40951,17
25945,132423,6
25981,43657,147
25981,64530,21
25981,78862,72
25981,110475,11
25981,120789,6
26005,43235,6
26005,104962,36
26009,54436,11
26009,104886,117
26016,19205,7
26016,105055,6
26016,110181,6
26016,163788,542
26016,163888,21
26036,18481,30
26036,43928,515
26036,43931,1161
26036,43962,8
26036,43964,187
26036,43965,946
26036,43970,13
26036,43990,67
26036,104898,291
26036,105789,6
26036,109216,20
26036,118385,31
26036,120171,153
26036,120193,2013
26036,126555,3667
26036,126815,264
26036,134459,281
26036,134460,676
26036,134461,1165
26036,134462,1129
26036,134464,211
26036,134465,2596
26036,134472,768
26036,134477,2201
26036,134483,27
26036,134486,41
26036,134489,141
26036,134492,6
26036,134494,6
26036,134498,20
26036,134504,17
26036,134511,6
26039,1033,24
26039,105006,61
26043,108188,190
26043,108199,34
26043,118839,17
26043,119063,121
26043,156988,16
26056,8339,101
26056,32956,8
26070,82853,9
26070,108179,188
26070,109145,9
26070,116660,791
26070,117500,26
26070,159946,7
26110,18034,66
26110,38519,27
26110,38534,69
26110,38539,39
26110,38541,9
26110,38564,206
26110,38623,20
26110,38629,104
26110,38631,55
26110,105527,41
26110,113544,46
26110,120171,17
26110,130882,71
26110,130887,23
26110,130889,13
26110,130894,35
26110,130895,16
26133,44175,163
26133,44177,16
26133,134637,16
26137,21752,44
26137,110872,126
26177,62895,68
26177,62896,115
26177,62898,7
26178,9572,102
26178,42656,31
26178,109058,19
26178,127622,8
26185,18031,6
26185,148901,686
26190,391,283
26190,37392,80
26190,62522,23
26190,104542,20
26223,7379,18
26223,133104,18
26245,111009,556
26245,117617,10
26245,117618,6
26263,1233,8
26263,36703,52
26264,25747,11
26264,105995,25
26280,37366,48
26280,37368,406
26280,37371,10
26280,47210,34
26280,130118,98
26283,18406,16
26283,140650,894
26298,85045,68
26298,161390,9
26323,61007,14
26323,112119,8
26323,145635,33
26330,119787,166
26330,119790,16
26349,104537,70
26349,122075,7
26355,57563,13
26355,57564,92
26355,143390,81
26359,39146,23
26359,131241,16
26371,70492,29
26371,111009,220
26381,9572,815
26381,9600,18
26381,30163,6
26381,39897,10
26381,42656,6
26381,104562,16
26381,105743,10
26381,110993,13
26381,110994,12
26389,105449,37
26389,108183,10
26389,109493,23
26400,2093,28
26400,62253,33
26410,115911,146
26410,131568,10
26413,21076,12
26413,105794,88
26413,106452,12
26413,109570,40
26413,115143,13
26417,5667,9
26417,108139,60
26428,105902,219
26428,142130,11
26430,117264,7
26430,126479,17
26432,16311,29
26432,16312,6
26459,133682,42
26459,147794,45
26462,13078,42
26462,13080,16
26463,50757,720
26463,50758,32
26478,16446,37
26478,17865,9
26478,53438,9
26478,53439,16
26478,121794,16
26491,66031,61
26491,148891,8
26495,56545,399
26495,56550,176
26495,56554,376
26495,56563,9
26495,56568,22
26495,56574,7
26495,56577,11
26495,56601,1087
26495,142735,1255
26495,142736,50
26495,142737,8
26495,142738,28
26495,142739,99
26495,142741,8
26495,142742,21
26495,142753,9
26495,142764,20
26513,49341,11
26513,115908,44
26516,115734,248
26516,126713,21
26516,154456,19
26528,15935,61
26528,15936,14
26528,15937,68
26528,15939,294
26528,15940,35
26528,15947,15
26528,115422,33
26554,105452,71
26554,118986,7
26559,52640,11
26559,134519,80
26600,60107,29
26600,145069,549
26619,115908,225
26619,138140,7
26619,138141,11
26619,138142,10
26643,161775,467
26643,161776,6
26649,1790,21
26649,106346,15
26649,142680,9
26692,37920,427
26692,130491,1391
26695,30163,13
26695,122351,483
26695,161388,9
26695,161389,6
26695,163692,9
26712,319,12
26712,38560,29
26712,125149,13
26724,30906,240
26724,125944,10
26728,75073,39
26728,75074,9
26753,31483,17
26753,113285,8
26753,136573,382
26761,2095,14
26761,135949,17
26771,114079,14
26771,125749,44
26774,34033,39
26774,105427,10
26774,106347,9
26774,123293,12
26774,137814,7
26781,16651,33
26781,16652,53
26781,16653,25
26825,121738,19
26825,126626,52
26847,39282,28
26847,119296,32
26847,146074,13
26847,146079,12
26847,146081,11
26851,6928,13
26851,106211,15
26851,115928,7
26856,45602,53
26856,45604,12
26861,142143,79
26861,155108,19
26862,32453,333
26862,32462,267
26862,105537,123
26867,1937,6
26867,8823,8
26867,105147,377
26867,105529,77
26867,105568,121
26867,105624,23
26867,105653,22
26867,105670,6
26900,38763,9
26900,105549,21
26900,110328,77
26900,115130,76
26900,125690,2909
26900,131009,8
26900,131010,6
26900,131013,10
26900,131014,6
26900,131016,6
26934,20039,11
26934,31009,6
26934,31014,169
26934,43492,7
26934,73429,11
26934,104468,50
26934,105098,136
26934,105827,9
26934,106121,10
26934,106211,7
26934,108179,106
26934,108459,10
26934,115186,8
26940,85419,37
26940,157597,7
26947,15978,219
26947,115440,35
26954,22746,14
26954,120279,15
26967,2343,57
26967,70455,176
26967,75481,10
26968,66314,13
26968,66315,59
26968,113546,41
26970,6535,38
26970,108771,153
26987,13177,79
26987,32034,24
26987,108922,7
26987,113544,49
26987,126722,18
26987,126727,8
26998,80852,11
26998,125327,7
26998,143585,57
27000,53458,41
27000,140799,13
27006,106313,363
27006,130223,8
27006,137273,14
27040,18520,8
27040,106089,15
27040,120559,629
27065,2040,36
27065,8823,16
27085,770,7
27085,66907,176
27085,116613,158
27092,1221,37
27092,1329,6
27092,8163,10
27092,109129,6
27094,16073,6
27094,105178,57
27101,14522,25
27101,37612,6
27101,65922,18
27101,106075,75
27101,106089,146
27101,118917,6
27101,118930,11
27101,126779,7
27101,129519,12
27101,131319,23
27101,147554,11
27115,14536,29
27115,114079,12
27115,123869,8
27130,54375,7
27130,54376,17
27138,58021,6
27138,82432,11
27138,109006,10
27138,131720,70
27138,143681,513
27138,143686,7
27140,2093,19
27140,3021,48
27140,49058,17
27140,106472,45
27140,114426,12
27140,138058,61
27140,163720,141
27148,113950,67
27148,163739,10
27152,9586,339
27152,25875,53
27152,148812,22
27158,105545,37
27158,127409,40
27187,81069,97
27187,81074,18
27187,81075,6
27187,81085,26
27187,81090,33
27187,81095,66
27187,81096,6
27187,81099,12
27187,81101,24
27187,81104,7
27187,81105,15
27187,81141,48
27187,81143,186
27187,81150,14
27187,81168,32
27187,81169,8
27187,81171,19
27187,81175,12
27187,81183,22
27187,110493,117
27187,114319,377
27187,130552,11
27187,142466,465
27187,158817,45
27187,158821,9
27187,158825,293
27187,158828,68
27187,158829,22
27187,158831,23
27187,158833,20
27187,158834,65
27187,158835,44
27187,158836,7
27187,158837,14
27187,158840,27
27187,158841,62
27187,158842,9
27187,158844,246
27187,158847,79
27187,158852,47
27187,158855,17
27187,158863,15
27187,158866,25
27187,158868,29
27187,158872,27
27187,158874,6
27187,158886,18
27188,38065,36
27188,71309,11
27193,105448,6
27193,119794,65
27194,43928,409
27194,43931,563
27194,43962,82
27194,43965,53
27194,120171,6
27194,120193,8
27194,126555,136
27194,126815,273
27194,134459,9
27194,134460,693
27194,134461,89
27194,134462,100
27194,134465,405
27194,134477,9
27194,134489,77
27195,126763,25
27195,126764,7
27199,29358,153
27199,51064,57
27231,1505,19
27231,1621,15
27231,2336,6
27231,2630,22
27231,3104,8
27231,6098,7
27231,6170,15
27231,7062,73
27231,7101,310
27231,7719,11
27231,7755,7
27231,8578,6
27231,19343,6
27231,27923,10
27231,33384,16
27231,34033,8
27231,38506,6
27231,38628,18
27231,42228,25
27231,42656,54
27231,42889,9
27231,43657,23
27231,44506,17
27231,45312,7
27231,52373,20
27231,52834,8
27231,54640,18
27231,56275,21
27231,58235,10
27231,58323,6
27231,66287,9
27231,66761,10
27231,71257,17
27231,71540,7
27231,71545,9
27231,71564,17
27231,71585,9
27231,72330,10
27231,73745,7
27231,75879,12
27231,84739,8
27231,87272,6
27231,104476,8
27231,104487,18
27231,104513,16
27231,104723,8
27231,104775,27
27231,104887,32
27231,105059,11
27231,105098,8
27231,105106,66
27231,105315,6
27231,105319,19
27231,105398,9
27231,105437,7
27231,105448,19
27231,105449,8
27231,105568,469
27231,105631,6
27231,105827,30
27231,106092,12
27231,106168,12
27231,106211,6
27231,106232,7
27231,106244,8
27231,106285,31
27231,106313,9
27231,106425,14
27231,106537,273
27231,107032,26
27231,107103,10
27231,107430,10
27231,107865,6
27231,107965,19
27231,108179,610
27231,108183,42
27231,108381,6
27231,108447,17
27231,108460,7
27231,109007,8
27231,109112,16
27231,109142,29
27231,109145,12
27231,109193,14
27231,109336,7
27231,109748,9
27231,109883,6
27231,109951,14
27231,109976,8
27231,113323,8
27231,113980,73
27231,114962,7
27231,115064,7
27231,115306,9
27231,115452,6
27231,115556,13
27231,115584,19
27231,115870,18
27231,115874,12
27231,116584,11
27231,116775,9
27231,116833,19
27231,117087,12
27231,117590,9
27231,117762,6
27231,119127,22
27231,120111,24
27231,122402,7
27231,122445,7
27231,122564,9
27231,123956,73
27231,124074,29
27231,125533,9
27231,132453,12
27231,137989,6
27231,142554,6
27231,145541,9
27231,152557,12
27231,152568,7
27231,163703,8
27232,136931,779
27232,138643,683
27232,143307,18
27232,149260,226
27232,149264,11
27232,149269,66
27232,163922,8
27233,61248,7
27233,104896,6
27233,127068,860
27249,30634,16
27249,40378,33
27279,78348,6
27279,157124,71
27299,7898,1073
27299,7909,21
27299,47583,179
27299,109784,38
27299,109789,17
27299,109791,9
27304,8882,52
27304,105545,31
27317,32217,8
27317,116203,16
27326,48760,14
27326,106309,125
27336,104547,19
27336,117354,6
27339,3091,150
27339,7913,8
27339,12847,6
27339,13642,6
27339,40301,7
27339,42805,27
27339,57900,8
27339,105489,7
27339,105493,7
27339,106199,8
27339,108139,9
27339,109485,623
27339,109765,7
27339,109798,206
27339,109973,71
27339,111849,165
27339,115988,20
27339,116736,10
27339,122063,10
27339,122069,10
27339,122070,7
27339,133716,7
27353,113428,22
27353,134790,145
27400,29634,26
27400,29635,18
27400,29639,147
27400,29640,29
27400,29641,22
27400,29646,8
27400,29661,21
27400,29665,23
27400,63864,9
27400,106001,10
27400,125053,93
27400,125054,23
27400,125056,16
27400,125058,6
27420,116399,56
27420,116400,11
27426,109745,18
27426,119140,35
27447,50817,12
27447,109280,53
27463,6688,1042
27463,6696,74
27463,6708,99
27463,6719,53
27463,6723,3635
27463,6724,249
27463,6725,139
27463,6727,8
27463,6728,55
27463,6748,144
27463,6792,15
27463,6793,8
27463,53735,6
27463,108878,102
27463,108899,196
27463,108907,6
27463,108908,10
27463,108918,9
27463,108922,278
27463,108939,21
27463,108940,166
27502,20212,7
27502,20312,7
27502,109987,1210
27502,115418,10
27502,118413,43
27502,118440,9
27502,118470,7
27502,118489,6
27512,16652,10
27512,16653,14
27541,110422,7
27541,151581,165
27541,151585,7
27542,105734,96
27542,121531,20
27548,109748,33
27548,151747,7
27554,1714,19
27554,18098,467
27554,31055,78
27554,59159,17
27554,87226,19
27554,87228,32
27554,87231,11
27554,87236,73
27554,87237,438
27554,87238,24
27554,87241,22
27554,105655,6
27554,109483,25
27554,116089,45
27554,122132,105
27554,135395,471
27554,162723,10
27554,162724,167
27554,162728,7
27554,162731,17
27554,162732,16
27554,162734,53
27554,162735,412
27578,64593,11
27578,106321,139
27588,105204,70
27588,130848,70
27592,54178,18
27592,141224,20
27599,7735,16
27599,7736,67
27599,7738,94
27599,7739,93
27606,24281,34
27606,121346,63
27614,104614,621
27614,108175,10
27614,137739,7
27628,1714,7
27628,104940,18
27642,8031,10
27642,9191,15
27642,48041,8
27642,52831,9
27642,62159,7
27642,105700,18
27642,105726,13
27642,109463,6
27642,109890,15
27642,110172,10
27642,110730,293
27642,110731,38
27642,110733,6
27642,110734,9
27642,110741,11
27642,110742,7
27642,113154,7
27642,117346,21
27642,117738,6
27642,119260,84
27642,122351,8
27642,128382,7
27642,143011,12
27642,144601,106
27642,151553,9
27652,140496,51
27652,149401,102
27652,158436,10
27665,82227,11
27665,82228,8
27683,1919,6
27683,77612,15
27683,156640,557
27690,877,8
27690,110115,1213
27690,115907,6
27690,115911,11
27699,6126,6
27699,6427,6
27699,7254,102
27699,7274,7
27699,8174,15
27699,19233,11
27699,19417,47
27699,34033,9
27699,39901,12
27699,104468,1949
27699,104612,38
27699,104903,804
27699,104935,7
27699,104940,7
27699,105098,7
27699,105362,48
27699,109246,20
27699,117083,20
27699,120805,7
27699,135773,6
27699,138261,6
27711,34033,164
27711,104940,6
27711,108418,7
27711,109555,23
27735,7241,350
27735,20318,6
27735,21286,108
27735,104653,8
27735,117389,12
27735,119296,284
27735,134415,6
27735,138568,11
27735,163628,17
27750,70314,212
27750,151711,253
27763,74445,10
27763,106075,190
27763,108179,225
27780,34033,31
27780,137778,13
27782,27650,54
27782,110794,10
27782,113318,109
27782,117018,28
27782,119559,13
27796,121835,13
27796,143823,119
27806,60416,13
27806,60417,22
27806,60418,9
27821,8424,10
27821,105902,12
27839,1441,30
27839,73429,6
27839,114116,13
27860,3145,123
27860,14701,14
27860,18549,31
27860,55360,7
27860,58275,8
27860,65092,100
27860,82078,72
27860,105106,9
27860,109308,38
27860,113321,2610
27860,113860,8
27860,116368,9
27860,116652,6
27860,117745,11
27860,118764,37
27860,144900,81
27860,159446,6
27860,159451,7
27860,159463,12
27901,129984,42
27901,145745,195
27918,109344,14
27918,111864,590
27918,114078,14
27918,127946,13
27930,23765,16
27930,120984,12
27934,29739,19
27934,108375,6
27934,125113,50
27935,27555,89
27935,73698,77
27935,74305,15
27948,33377,12
27948,106278,20
27982,57251,125
27982,57254,12
28002,62002,211
28002,62003,118
28002,62004,124
28002,62005,26
28003,15670,333
28003,56533,14
28003,56536,13
28003,104769,13
28003,126575,13
28003,142729,79
28010,5621,28
28010,108109,136
28035,105759,400
28035,118856,10
28054,1714,43
28054,104940,31
28076,83551,11
28076,83553,6
28113,39618,7
28113,163674,15
28113,164048,7
28121,23505,49
28121,31815,102
28121,113285,19
28121,120770,9
28129,7484,14
28129,24731,18
28129,121638,427
28130,115392,84
28130,115393,7
28137,105319,13
28137,113847,128
28137,142451,34
28156,32897,1155
28156,32904,56
28156,32906,29
28156,32913,24
28156,32920,6
28156,127307,3012
28156,127308,270
28156,127310,17
28156,127315,450
28156,127318,98
28156,127321,84
28156,127324,8
28163,582,25
28163,125034,171
28170,104940,37
28170,106323,25
28182,43420,524
28182,134122,892
28196,13177,264
28196,32034,148
28196,32038,18
28196,32063,26
28196,113525,308
28196,113544,49
28196,113566,7
28196,114046,8
28196,126722,33
28196,126727,10
28196,126732,13
28196,126739,23
28202,7002,215
28202,43520,20
28202,130747,8
28209,23519,6
28209,105897,63
28211,49034,7
28211,61791,45
28211,63373,16
28211,63439,31
28211,106441,36
28211,114347,13
28211,121362,114
28211,126578,330
28211,147173,37
28211,147177,11
28211,147188,10
28221,81512,7
28221,81513,64
28245,33280,10
28245,76028,28
28245,85855,23
28245,85863,59
28245,85905,7
28245,85943,312
28245,112119,9
28245,113122,94
28245,124293,54
28245,147142,33
28245,147144,43
28245,152914,337
28245,155619,1110
28245,155622,10
28245,161858,45
28245,161907,6
28245,161908,11
28245,161920,51
28245,161921,6
28248,32872,7
28248,32874,11
28248,32875,24
28248,32876,13
28248,117731,14
28248,127290,371
28254,28310,12
28254,31483,60
28272,32975,1119
28272,58514,7
28274,15308,107
28274,110764,67
28282,144349,127
28282,144351,34
28286,41219,70
28286,117311,20
28292,19687,8
28292,62232,193
28309,7376,15
28309,108791,7
28314,20711,19
28314,85946,15
28314,85987,9
28314,119049,18
28320,7308,21
28320,113835,79
28321,118843,8
28321,118937,77
28374,106112,6
28374,117246,285
28374,154096,50
28386,1981,7
28386,6383,527
28386,15581,14
28386,23789,8
28386,27962,6
28386,39083,22
28386,47315,13
28386,104480,10
28386,105605,10
28386,109438,21
28386,110754,66
28386,118614,6
28386,118777,33
28386,150469,16
28386,156856,6
28386,156865,9
28386,156882,9
28387,3021,17
28387,7106,37
28387,106472,152
28387,106473,127
28409,60063,9
28409,60064,9
28409,136275,174
28415,16355,25
28415,32984,11
28415,60449,25
28415,122573,55
28415,130304,20
28415,136579,314
28415,154818,8
28415,154822,25
28415,154827,30
28423,86542,13
28423,105322,31
28435,70046,20
28435,151534,99
28462,13149,7
28462,13151,10
28462,13169,7
28462,105059,7
28462,108899,8
28462,108912,7
28462,108913,7
28462,108940,40
28462,113535,8
28555,60477,27
28555,60479,34
28558,29461,28
28558,43008,21
28558,105940,58
28558,116749,10
28558,118862,12
28558,125749,167
28558,158371,9
28560,33462,6
28560,42881,14
28560,104547,1364
28560,105093,20
28560,106471,7
28564,109171,17
28564,109392,7
28564,110074,48
28602,8163,222
28602,115209,98
28602,133159,318
28603,56212,11
28603,109068,965
28606,1191,35
28606,105121,48
28610,58938,9
28610,118354,55
28611,33116,317
28611,33117,16
28611,33123,14
28611,34242,39
28611,110900,7
28611,120461,42
28611,127096,42
28611,127453,232
28611,127455,449
28617,14215,80
28617,26771,10
28617,32647,37
28617,48760,7
28617,72046,45
28617,80342,118
28617,105936,10
28617,113689,63
28617,114486,43
28617,116749,9
28617,119141,11
28617,130372,518
28617,143736,11
28617,158345,12
28617,158347,6
28619,53373,19
28619,109899,171
28619,122236,39
28622,53751,147
28622,53752,33
28634,53594,10
28634,140885,58
28655,36976,19
28655,127517,8
28670,2502,154
28670,15185,45
28670,104448,14
28678,81438,23
28678,143032,63
28686,2040,51
28686,8823,43
28686,105102,7
28686,106399,10
28686,119081,64
28686,125625,69
28686,125947,7
28686,154152,10
28686,154153,6
28687,87693,96
28687,113285,118
28690,53021,7
28690,114008,119
28710,27785,138
28710,123743,12
28710,123746,9
28727,9506,6
28727,12847,50
28727,15280,101
28727,104802,15
28727,104903,249
28727,106207,10
28727,109489,15
28727,109742,16
28727,113796,7
28727,115197,15
28727,125034,110
28727,125105,9
28727,128034,12
28740,20073,8
28740,74909,7
28740,105799,187
28740,109037,17
28740,122187,8
28747,113595,8
28747,119528,207
28750,53021,7
28750,114008,95
28750,140537,11
28767,109097,40
28767,110571,300
28767,144626,11
28768,34028,238
28768,105493,17
28772,109294,6
28772,113170,109
28813,113323,6
28813,116177,15
28813,117388,15
28813,117389,382
28813,117391,6
28826,759,20
28826,1824,30
28826,3101,9
28826,3104,113
28826,3110,6
28826,106521,659
28826,106523,616
28826,106524,158
28826,106528,16
28826,106533,34
28826,106534,7
28826,106537,21
28826,106539,13
28834,62620,326
28834,70350,14
28834,142044,9
28842,37471,6
28842,141847,11
28845,8339,29
28845,32956,8
28847,2396,7
28847,2942,10
28847,14145,30
28847,65793,7
28847,104960,7
28847,105497,61
28847,109765,11
28847,117657,16
28847,119960,7
28867,22269,16
28867,114250,10
28867,114284,68
28868,42851,92
28868,46425,11
28868,136173,148
28868,136174,7
28869,43847,938
28869,84592,24
28869,84594,17
28869,84595,30
28869,84597,8
28869,84598,56
28869,161077,87
28869,161079,124
28869,161080,35
28879,18042,43
28879,113154,6
28902,119137,12
28902,123869,11
28902,126581,12
28902,127437,131
28907,112966,7
28907,115069,58
28908,7019,1030
28908,20034,106
28908,109048,9
28908,109687,6
28908,109973,82
28908,118416,8
28908,119939,27
28908,123931,579
28908,124264,17
28914,105452,78
28914,137616,8
28952,24022,13
28952,121160,7
28952,121163,18
28986,83919,10
28986,160639,16
28990,46439,13
28990,46441,29
28990,46445,39
28990,136180,32
28990,136181,10
29057,49082,204
29057,49083,51
29108,105851,28
29108,116995,967
29108,138763,10
29124,24506,25
29124,119836,8
29124,121495,171
29124,121497,19
29139,25986,29
29139,54108,13
29139,82200,9
29139,82201,23
29139,115538,25
29139,116306,9
29139,135981,20
29139,135984,18
29139,135987,29
29139,159529,16
29140,31174,8
29140,68996,447
29141,13078,271
29141,13080,99
29157,15135,106
29157,114898,103
29159,109586,49
29159,109673,10
29159,110358,13
29172,2005,87
29172,23779,34
29181,104547,34
29181,117354,23
29199,113320,103
29199,136346,29
29211,13456,114
29211,23245,7
29246,6153,331
29246,6287,6
29246,74631,34
29246,78660,175
29246,78661,51
29246,78690,52
29246,108546,33
29246,113416,9
29259,56814,10
29259,142899,132
29286,7912,58
29286,109797,66
29319,46070,75
29319,51738,7
29319,57454,8
29319,78629,154
29319,157302,21
29319,157303,36
29319,157306,35
29331,1714,8
29331,104940,13
29372,109548,8
29372,133697,14
29385,74308,18
29385,116540,232
29436,69919,38
29436,85492,7
29436,104663,8
29436,114010,626
29436,150652,12
29447,70769,170
29447,115024,25
29447,143378,339
29449,6098,12
29449,74310,20
29449,113864,41
29449,128933,14
29469,38468,23
29469,106241,10
29469,163890,215
29476,43235,45
29476,113647,42
29503,73913,11
29503,73917,9
29503,73920,13
29503,73924,14
29503,83460,7
29503,105243,182
29503,106425,13
29503,109224,314
29503,109932,49
29503,124914,20
29503,144460,6
29503,154224,7
29515,13135,103
29515,68266,77
29517,16221,24
29517,115610,111
29538,33564,150
29538,38385,28
29538,75026,127
29538,124050,11
29538,124052,105
29538,161843,20
29543,14522,10
29543,36936,11
29543,108454,17
29543,109390,9
29543,110907,6
29543,129836,337
29543,129840,6
29544,587,26
29544,32334,17
29544,45968,320
29544,45971,40
29544,108509,14
29544,108994,9
29544,135869,22
29548,87035,68
29548,162612,94
29575,109538,817
29575,137701,11
29595,753,7
29595,113370,28
29598,48178,46
29598,137352,121
29642,108175,6
29642,120093,21
29657,88300,1237
29657,88311,7
29657,88321,19
29657,163412,8
29664,49107,10
29664,105373,116
29669,75201,11
29669,138634,62
29685,49867,13
29685,130568,14
29696,2630,95
29696,19973,16
29696,27825,17
29696,47583,27
29696,48760,128
29696,70845,8
29696,80454,11
29696,105076,7
29696,105794,31
29696,105933,145
29696,105936,12
29696,106309,329
29696,106310,14
29696,108397,7
29696,109226,7
29696,109976,9
29696,111043,6
29696,114492,22
29696,114539,36
29696,115226,6
29696,116661,14
29696,118661,6
29696,119136,6
29696,119388,8
29696,127437,9
29696,131286,12
29696,136931,10
29696,152058,10
29696,152059,8
29711,25598,8
29711,106309,7
29711,115223,29
29717,28419,271
29717,28420,23
29717,28422,39
29734,47583,19
29734,136931,11
29757,25598,10
29757,115223,41
29757,120056,20
29757,125625,33
29758,116414,9
29758,117016,128
29758,117624,9
29763,113285,120
29763,116267,19
29784,57394,54
29784,57396,8
29791,762,48
29791,104796,77
29793,89389,95
29793,89391,29
29832,7433,18
29832,7434,10
29836,119069,20
29836,155371,7
29841,51045,79
29841,109973,6
29843,105204,6
29843,109711,177
29844,18481,19
29844,46631,30
29844,46688,165
29844,49058,39
29844,52313,10
29844,105716,23
29844,105879,6
29844,105881,13
29844,105883,16
29844,108124,17
29844,109097,710
29844,109858,204
29844,110578,14
29844,113552,8
29844,114289,6
29844,116302,277
29844,116975,6
29844,118986,8
29844,132202,33
29844,163720,163
29862,105452,95
29862,119220,22
29867,69729,27
29867,145988,50
29879,8685,6
29879,84090,249
29910,19531,30
29910,137573,39
29917,83521,6
29917,104793,22
29917,109622,26
29917,122857,22
29924,106479,650
29924,106484,9
29924,106486,24
29924,106488,7
29925,53946,6
29925,106234,10
29925,122061,86
29926,80786,38
29926,80787,282
29926,132622,265
29967,1387,604
29967,105273,10
29982,24428,170
29982,121447,42
29990,31590,57
29990,126405,86
29993,63760,19
29993,113400,9
30000,54591,52
30000,61138,35
30000,104865,6
30000,105700,464
30000,150652,16
30000,158019,7
30000,158022,7
30037,46965,15
30037,136527,10
30040,20368,208
30040,71384,27
30040,78039,8
30040,105179,6
30040,116629,51
30051,61,9
30051,63,67
30051,34033,182
30051,43402,58
30051,105625,12
30078,109656,66
30078,114432,10
30127,5646,21
30127,5647,76
30162,13827,7
30162,25655,10
30162,110764,74
30162,122264,320
30162,122269,78
30162,122280,11
30162,122281,7
30162,122289,8
30162,122292,87
30162,122296,22
30162,122302,11
30188,7214,20
30188,32975,413
30188,130457,9
30195,134120,24
30195,134121,19
30230,59446,156
30230,125630,9
30230,125643,36
30236,75687,2337
30236,75691,151
30236,75696,8
30236,121425,7501
30236,155406,6
30236,155407,464
30236,155411,175
30242,133682,109
30242,147794,6
30245,21856,14
30245,33642,54
30245,33650,22
30245,105547,63
30245,110745,332
30245,120856,217
30256,15950,91
30256,15952,7
30256,115426,16
30269,26492,64
30269,108854,468
30270,2396,20
30270,113647,146
30281,61588,23
30281,122385,30
30285,30628,297
30285,30629,212
30285,30630,117
30285,30631,245
30285,30632,71
30292,38352,30
30292,125971,24
30324,1191,83
30324,1192,135
30324,105121,23
30335,65092,9
30335,113321,110
30345,130975,20
30345,139939,10
30350,48035,65
30350,137264,167
30356,27986,8
30356,105769,18
30385,47380,37
30385,59591,95
30385,59592,43
30385,119391,142
30390,110654,71
30390,110655,10
30419,1824,7
30419,73737,14
30419,106121,7
30419,108183,1286
30419,109267,10
30426,22448,12
30426,61273,38
30435,119776,41
30435,141106,7
30438,42523,149
30438,133521,68
30481,61007,6
30481,106441,16
30481,145635,19
30504,53281,25
30504,116892,17
30570,43729,501
30570,129736,14
30597,62749,79
30597,113400,34
30597,113511,105
30602,8174,17
30602,104946,157
30603,118102,18
30603,118425,41
30628,109999,36
30628,128576,110
30628,128706,20
30636,113716,12
30636,113717,18
30645,88768,6
30645,164082,34
30647,9245,410
30647,105765,13
30647,121107,6
30668,110117,7
30668,110944,22
30668,129885,35
30684,18098,19
30684,105452,40
30696,15210,6
30696,117282,17
30703,38478,8
30703,80454,155
30706,66208,97
30706,124962,6
30722,104476,58
30722,120806,28
30728,127298,6
30728,140659,433
30746,25580,8
30746,125971,176
30758,42228,15
30758,68671,6
30758,83853,46
30758,113438,92
30758,115648,13
30758,131000,8
30758,131720,27
30758,144526,202
30763,1526,14
30763,82279,993
30802,34091,10
30802,118825,127
30827,1233,14
30827,86011,827
30827,161971,203
30827,161974,27
30853,7064,65
30853,73429,45
30853,104940,9
30853,115187,8
30878,1714,157
30878,110730,547
30878,118736,182
30878,144294,371
30878,144297,47
30893,73797,14
30893,109562,254
30893,134959,22
30893,154145,12
30916,69919,6
30916,134989,145
30941,10643,252
30941,10798,32
30941,10812,31
30941,10824,51
30941,10850,8
30941,10975,8
30941,11062,7
30941,11083,7
30941,11084,29
30941,11086,27
30941,11088,62
30941,11089,41
30941,11090,37
30941,11091,30
30941,11095,20
30941,111194,143
30941,111207,99
30941,111318,85
30941,111536,101
30941,111789,26
30941,111888,163
30941,111891,88
30941,111892,48
30941,111894,167
30941,111896,13
30941,111898,99
30941,111905,123
30941,111921,7
30941,111926,7
30941,111937,8
30941,111941,66
30941,111944,37
30941,111946,15
30941,111956,36
30941,111965,6
30941,111975,6
30941,111998,14
30941,111999,70
30941,112012,34
30941,112013,15
30941,112021,38
30941,112027,11
30941,112050,954
30941,112051,10
30941,112058,16
30941,112061,9
30941,112076,96
30941,112089,28
30941,112091,95
30941,112092,9
30941,112095,6
30944,68120,8
30944,150276,33
30946,11111,6
30946,13732,54
30946,30163,6
30946,110392,180
30977,124521,27
30977,148871,6
30984,70845,8
30984,159715,6
31000,13211,182
31000,48164,93
31000,59800,159
31000,59811,16
31000,59812,39
31000,110195,344
31000,113535,356
31000,116883,98
31000,142965,148
31000,144608,16
31000,144839,33
31000,144842,84
31007,105982,401
31007,139091,8
31029,121374,229
31029,121376,43
31034,53871,88
31034,119786,28
31052,87259,177
31052,122255,11
31052,162743,8
31066,116833,14
31066,132254,7
31128,121472,87
31128,132023,6
31140,54310,52
31140,54312,16
31140,131070,1675
31140,141310,54
31148,25892,69
31148,37496,31
31148,130204,38
31154,106178,249
31154,106327,7
31161,16994,26
31161,142660,88
31168,108588,122
31168,110000,6
31170,123855,9
31170,154202,149
31195,68996,1631
31195,87926,79
31195,150854,26
31219,15191,11
31219,34033,66
31219,83608,68
31219,108179,15
31219,109084,87
31219,109538,40
31219,109539,93
31219,109546,41
31219,109555,95
31225,105164,17
31225,108431,26
31238,46301,38
31238,136090,122
31253,108372,179
31253,108957,17
31253,108962,20
31269,115856,56
31269,115857,31
31308,62051,7
31308,105448,112
31308,143967,36
31330,8882,255
31330,105545,13
31336,86391,181
31336,86393,78
31336,86394,23
31336,86397,7
31337,47546,55
31337,47547,9
31337,47548,104
31399,68035,14
31399,105373,448
31420,1088,14
31420,139841,1087
31423,105326,8
31423,105799,184
31423,140665,8
31424,84461,6
31424,109758,259
31424,119316,89
31424,127646,23
31424,161001,69
31424,161002,34
31424,161005,200
31427,12641,11
31427,104996,28
31429,85474,10
31429,161654,14
31430,104463,9
31430,105794,52
31430,127394,9
31438,27962,10
31438,74244,181
31438,74259,304
31438,74260,11
31438,115883,30
31438,119123,6
31438,154458,16
31445,16867,9
31445,52219,90
31473,8070,15
31473,23469,7
31473,120527,26
31473,121625,1347
31473,123047,10
31483,32633,23
31483,106346,10
31509,45422,222
31509,70564,32
31512,87850,28
31512,113158,224
31514,13456,96
31514,106263,108
31514,113751,6
31515,115226,49
31515,127437,12
31530,8434,21
31530,109306,15
31533,51122,8
31533,139291,44
31535,39650,55
31535,131592,7
31538,37724,8
31538,130351,14
31545,51111,17
31545,51113,9
31545,107796,114
31545,120546,139
31545,139279,2442
31545,139280,178
31545,139281,47
31545,139283,7
31545,139284,12
31545,139285,6
31545,139289,11
31567,9541,72
31567,39953,33
31571,13047,19
31571,13048,12
31572,20073,6
31572,37869,27
31572,51761,11
31572,61170,227
31572,74594,17
31572,104612,23
31572,110313,14
31572,113821,10
31572,116816,16
31572,138972,7
31572,145754,8
31577,19651,131
31577,106346,29
31587,105325,10
31587,120219,120
31587,122180,10
31587,122182,13
31598,104760,83
31598,110000,30
31598,116281,7
31598,141973,7
31613,13203,42
31613,108899,14
31618,120806,202
31618,141300,6
31620,32250,83
31620,41905,111
31620,68528,6
31620,124019,6
31620,150550,62
31624,38481,10
31624,80454,75
31628,105545,11
31628,113318,20
31638,28073,83
31638,54640,64
31638,80509,60
31642,14128,88
31642,44037,7
31656,41923,12
31656,116413,35
31658,122953,80
31658,128196,8
31658,144989,12
31658,163804,55
31664,84137,94
31664,84139,10
31678,34442,49
31678,34443,17
31678,128332,51
31678,128333,8
31679,104620,171
31679,150211,11
31682,24661,45
31682,24662,27
31692,116323,198
31692,117318,352
31695,9464,29
31695,111102,40
31723,13555,6
31723,21076,276
31723,21079,110
31723,21088,11
31723,110369,10
31723,111849,6
31723,119142,16
31723,119147,16
31723,119148,7
31723,119149,6
31730,70585,57
31730,104483,308
31765,13827,12
31765,110764,132
31769,10680,17
31769,108291,10
31769,112119,12
31769,113602,156
31788,21180,7
31788,126555,58
31788,134460,326
31788,134464,31
31788,134472,8
31797,25747,9
31797,36501,40
31797,109037,210
31812,109179,43
31812,110232,14
31837,48627,62
31837,49744,305
31837,108584,6
31837,114546,9
31838,131228,6
31838,163665,10
31842,59159,14
31842,113400,8
31886,38564,9
31886,113544,21
31886,130887,6
31892,78549,105
31892,109170,115
31894,85503,13
31894,85504,6
31902,60711,8
31902,146871,38
31903,9286,25
31903,27596,18
31903,58582,13
31903,59159,37
31903,104502,13
31903,104976,7
31903,115637,44
31903,116580,8
31903,122391,13
31903,123602,484
31903,123605,236
31903,123607,8
31903,123614,24
31903,123615,48
31919,7256,17
31919,18078,6
31919,18098,8
31919,19652,49
31919,27924,6
31919,30741,12
31919,30809,108
31919,62051,8
31919,74909,15
31919,104477,20
31919,104614,7
31919,105363,13
31919,106010,6
31919,106089,13
31919,107927,38
31919,109222,16
31919,109539,40
31919,109548,70
31919,109966,12
31919,114241,8
31919,114318,1697
31919,114449,15
31919,116961,6
31919,116968,13
31919,116977,6
31919,116987,7
31919,125034,10
31938,1790,11
31938,8434,10
31938,38790,6
31938,52828,84
31938,52831,30
31938,52834,146
31938,52835,8
31938,66961,6
31938,135725,7
31938,140430,29
31939,25375,330
31939,114480,24
31954,2882,91
31954,104561,9
31958,51286,20
31958,51288,55
31963,110069,42
31963,124998,7
31963,125004,15
31979,55357,17
31979,80852,18
31987,42833,104
31987,42834,75
31987,133731,198
31993,22430,262
31993,120054,1539
32022,43783,8
32022,43784,7
32022,110475,7
32022,125877,235
32022,134368,22
32022,134370,195
32022,134371,13
32032,104468,405
32032,119666,6
32068,22056,20
32068,26527,9
32068,119793,31
32070,16947,249
32070,105502,7
32070,116010,9
32085,1824,33
32085,70781,13
32085,152011,51
32085,152013,7
32094,73803,8
32094,73827,98
32100,18103,395
32100,40026,8
32105,82504,107
32105,82505,40
32107,45690,6
32107,45703,12
32107,45723,7
32107,105780,1137
32107,131261,6
32107,135680,6
32107,135695,6
32130,25823,475
32130,68472,14
32138,17541,92
32138,17542,106
32138,17549,14
32139,141948,16
32139,163843,6
32157,21803,11
32157,119616,14
32167,57185,18
32167,142816,278
32167,143139,62
32175,22772,14
32175,22774,15
32175,120295,7
32180,24288,9
32180,104749,7
32180,121350,249
32185,108128,148
32185,108130,6
32206,8306,128
32206,115875,9
32210,68955,46
32210,138539,31
32215,36966,25
32215,123956,325
32222,70534,7
32222,105274,18
32222,112091,8
32222,131000,15
32222,132197,7
32222,132198,22
32222,144526,170
32222,160468,37
32222,160469,13
32222,160473,6
32269,14400,8
32269,108153,35
32269,115492,7
32269,145639,12
32305,1441,89
32305,104892,13
32305,130028,9
32322,56714,14
32322,142841,13
32330,61676,32
32330,61677,19
32332,38047,68
32332,108270,48
32332,119586,41
32332,120843,9
32332,123807,31
32340,145122,364
32340,163747,78
32340,164031,90
32352,996,12
32352,2029,7
32352,9093,6
32352,29769,11
32352,36707,59
32352,39415,213
32352,45968,48
32352,58979,35
32352,65183,564
32352,80176,10
32352,83100,27
32352,83102,21
32352,83104,15
32352,83112,18
32352,83125,15
32352,83135,46
32352,83141,66
32352,83146,8
32352,83148,21
32352,83160,30
32352,83161,9
32352,83168,9
32352,83171,9
32352,83183,25
32352,83185,20
32352,83201,32
32352,83202,61
32352,83205,21
32352,83207,8
32352,83209,18
32352,83216,12
32352,83218,34
32352,83219,11
32352,106250,27
32352,106585,622
32352,106593,22
32352,108443,15
32352,108984,1429
32352,109145,10
32352,109843,14
32352,114426,319
32352,114501,12
32352,115923,2264
32352,118661,12
32352,122775,11
32352,128770,44
32352,130975,14
32352,131696,6
32352,133036,9
32352,133089,10
32352,133855,21
32352,134150,32
32352,136951,8
32352,137753,50
32352,139418,7
32352,152396,985
32352,152851,74
32352,153020,12
32352,154842,11
32352,155376,444
32352,158409,6
32352,160087,214
32352,160088,20
32352,160089,9
32352,160093,558
32352,160095,1293
32352,160101,25
32352,160103,27
32352,160107,62
32352,160109,29
32352,160110,19
32352,160113,59
32352,160115,16
32352,160125,17
32352,160126,8
32352,160128,15
32352,160132,78
32352,160133,6
32352,160134,104
32352,160135,16
32352,160136,60
32352,160137,17
32352,160138,25
32352,160142,24
32352,160143,40
32352,160144,7
32352,160150,42
32352,160151,13
32352,160156,12
32352,160169,30
32352,160172,13
32352,160174,10
32364,113980,857
32364,113988,9
32378,87506,16
32378,162909,52
32392,109493,41
32392,124871,14
32392,158014,17
32394,18000,25
32394,18003,44
32394,116902,236
32394,116904,35
32394,116906,29
32419,63374,53
32419,121086,71
32426,28310,21
32426,31483,111
32428,670,183
32428,28419,8
32428,62434,9
32428,62438,26
32428,70551,13
32428,105384,37
32428,116885,272
32428,121738,27
32428,145198,29
32446,6427,6
32446,7101,8
32446,8174,39
32446,32648,21
32446,34033,17
32446,41905,6
32446,49461,43
32446,88549,9
32446,104760,11
32446,105370,11
32446,106243,31
32446,107032,173
32446,108856,15
32446,116170,18
32446,121570,9
32446,133980,16
32446,152495,11
32446,152501,7
32467,29166,6
32467,143401,178
32486,2343,10
32486,2811,7
32486,106406,35
32486,120819,358
32486,135645,25
32486,135647,6
32504,493,236
32504,496,16
32504,104599,7
32506,53565,38
32506,140865,7
32523,43365,34
32523,43366,65
32523,43370,6
32523,43371,17
32523,43373,27
32523,134086,2986
32523,134087,15
32523,134088,9
32523,134091,7
32572,105362,31
32572,105556,16
32576,39282,67
32576,117561,10
32576,119296,18
32576,146074,6
32586,52202,808
32586,52208,137
32586,105445,182
32586,109566,7
32586,139984,9
32614,9257,6
32614,109309,8
32614,109987,169
32619,26118,38
32619,28380,11
32619,28381,20
32619,28385,38
32619,28395,6
32619,117643,9
32619,122753,146
32619,124164,6
32619,124171,6
32619,124179,6
32624,24765,14
32624,123824,258
32633,80538,36
32633,108432,8
32633,158478,18
32633,158481,7
32635,82824,15
32635,104763,6
32635,109103,40
32635,109173,6
32635,109277,12
32635,126693,147
32635,129692,180
32635,159930,43
32641,32897,12
32641,127307,103
32641,127310,6
32699,68990,23
32699,117002,183
32707,104562,170
32707,136537,12
32739,33014,16
32739,65495,9
32749,104667,6
32749,105363,16
32749,106117,34
32749,109097,405
32749,163706,6
32816,2095,9
32816,13827,229
32816,13829,19
32816,107267,7
32816,110764,694
32816,122307,7
32817,49089,6
32817,115171,26
32817,137963,203
32817,137964,46
32833,60416,15
32833,60417,46
32833,60418,27
32834,2095,7
32834,17707,34
32922,22869,363
32922,30809,23
32922,107777,8
32922,113839,7
32945,109745,8
32945,119140,10
32956,24868,2754
32956,49163,7
32956,118629,80
32956,138008,91
32966,18098,7
32966,111017,7
32979,105077,69
32979,147585,7
32980,47180,6
32980,105418,48
33006,106147,6
33006,115698,112
33018,105766,6
33018,110730,202
33018,142662,10
33038,43394,79
33038,49549,12
33038,49551,12
33038,106241,1389
33038,109278,8
33038,111003,9
33038,118995,126
33038,163890,30
33041,85778,521
33041,85779,7
33051,13410,75
33051,13411,6
33068,22509,18
33068,88836,9
33068,164121,7
33069,28073,120
33069,54640,219
33069,80509,81
33078,15599,47
33078,109344,6
33083,105529,59
33083,110795,13
33085,25968,156
33085,113140,10
33085,116434,7
33085,122485,7
33105,18173,28
33105,50777,234
33105,113433,8
33105,113847,137
33105,139052,27
33105,139057,13
33105,139060,6
33134,16145,7
33134,111102,22
33157,9569,10
33157,88196,11
33157,109283,107
33157,163340,7
33173,8023,30
33173,66179,38
33174,120721,59
33174,144046,188
33174,144050,45
33188,26049,352
33188,122534,1178
33188,122536,114
33198,25747,139
33198,116995,16
33219,16348,26
33219,16350,73
33219,115694,55
33222,1505,6
33222,48270,14
33222,51728,7
33242,8815,10
33242,13135,87
33242,14505,10
33242,29461,20
33242,43008,9
33242,46990,47
33242,47583,9
33242,48331,6
33242,48760,28
33242,53391,12
33242,80416,17
33242,80437,9
33242,80447,9
33242,80450,8
33242,80452,6
33242,80454,9
33242,105933,473
33242,105936,14
33242,109742,15
33242,109745,6
33242,109951,9
33242,114731,145
33242,116749,159
33242,117269,231
33242,119136,18
33242,120610,17
33242,122402,8
33242,125749,17
33242,128110,25
33242,130260,6
33242,130372,56
33242,135494,10
33242,136931,25
33242,147640,7
33242,152112,7
33242,158374,6
33242,158394,21
33242,158400,6
33242,158406,7
33242,158412,7
33242,158416,7
33242,158421,16
33242,158424,7
33243,78260,18
33243,78261,6
33255,64182,83
33255,147691,37
33267,24028,183
33267,24033,6
33267,24063,19
33267,105951,14
33267,106241,6
33267,117836,1198
33267,121161,193
33267,121197,14
33290,18583,43
33290,117309,51
33290,117310,12
33293,33441,10
33293,121409,368
33293,127681,7
33337,108179,38
33337,109145,7
33338,69791,83
33338,119666,59
33340,54424,114
33340,54427,18
33340,141383,22
33350,59257,6
33350,120628,13
33363,2504,178
33363,30721,25
33363,119142,10
33363,125811,7
33414,2630,11
33414,48760,16
33424,14526,145
33424,113318,660
33424,129853,17
33429,104920,11
33429,138071,344
33438,32155,17
33438,106125,40
33438,117334,8
33443,113124,70
33443,113125,158
33455,25281,22
33455,27825,116
33477,104996,12
33477,111102,97
33540,104940,68
33540,109084,71
33540,109539,26
33559,113902,9
33559,113908,141
33575,14536,8
33575,32642,7
33575,105936,97
33575,131276,37
33575,131500,7
33583,8174,6
33583,106427,6
33583,109987,147
33593,5820,11
33593,5821,103
33593,5825,125
33593,105780,49
33593,105951,16
33593,108248,161
33603,24631,18
33603,85450,16
33603,118942,17
33605,52296,38
33605,52297,89
33613,60234,17
33613,121099,42
33636,81069,12
33636,81071,8
33636,81074,45
33636,81075,8
33636,114319,128
33636,158817,15
33636,158819,16
33645,7476,63
33645,7484,35
33645,109474,6
33653,16311,59
33653,16312,7
33664,43235,8
33664,106442,34
33672,105600,190
33672,105875,7
33684,59257,11
33684,120628,16
33688,8306,43
33688,115875,12
33749,20464,91
33749,20466,28
33757,60163,13
33757,120135,37
33764,960,68
33764,71032,30
33764,104939,8
33764,108153,6
33764,126880,18
33764,141172,8
33776,109272,12
33776,148833,289
33781,81603,18
33781,159139,8
33784,105207,14
33784,110764,15
33798,9506,8
33798,15364,90
33798,27608,8
33798,37592,21
33798,41267,574
33798,41284,11
33798,41298,8
33798,41335,15
33798,41337,12
33798,41338,8
33798,41354,30
33798,41380,65
33798,41389,10
33798,41395,7
33798,41400,94
33798,41418,7
33798,41435,15
33798,41458,44
33798,41508,7
33798,41601,7
33798,41757,6
33798,110556,9
33798,115641,73
33798,115642,332
33798,119007,7
33798,120794,10
33798,122155,6
33798,128308,9
33798,129248,8
33798,132645,9
33798,132648,6
33798,132651,10
33798,132655,23
33798,132657,14
33798,132664,22
33798,132670,16
33798,132694,220
33798,132695,10
33798,132704,7
33798,132707,9
33798,132709,9
33798,132720,37
33798,132734,6
33798,132750,8
33798,132752,7
33798,132811,6
33798,132814,10
33798,132865,6
33798,132868,7
33798,132891,9
33798,132911,6
33798,132952,43
33798,132979,11
33798,132989,24
33798,133012,9
33798,133013,6
33807,9036,168
33807,104487,9
33844,52141,6
33844,75786,203
33844,75791,195
33844,75795,88
33844,75798,33
33844,75812,34
33844,107323,52
33844,109468,8
33844,114147,6
33844,155470,282
33844,155473,20
33844,155479,13
33844,155480,7
33844,155484,13
33844,155491,6
33846,33148,19
33846,33151,14
33851,22677,19
33851,104947,11
33874,113170,42
33874,116436,637
33874,133139,121
33874,133148,44
33874,150211,12
33896,58940,9
33896,118354,28
33909,105452,271
33909,119220,7
33915,21751,1245
33915,24541,9
33915,24551,6
33915,24552,15
33915,109294,56
33915,114289,8
33915,121519,13
33915,121520,22
33915,121521,6
33921,1714,51
33921,104940,16
33937,18269,7
33937,52834,64
33937,77773,16
33937,104447,224
33937,129561,7
33937,129564,16
33955,115265,87
33955,143020,24
33959,113760,63
33959,124050,30
33959,126177,16
33971,47545,14
33971,108576,66
33974,14861,6
33974,109210,20
33978,7256,18
33978,24740,30
33978,34484,6
33978,74308,22
33978,74309,7
33978,77207,66
33978,104763,45
33978,106075,83
33978,109493,32
33978,115226,6
33978,152157,12
33987,59204,245
33987,59206,26
33987,144450,13
33992,18182,19
33992,113965,218
33992,117034,9
34000,79540,18
34000,157843,122
34000,157844,30
34000,157846,9
34048,7755,103
34048,57698,6
34048,104672,13
34048,105853,33
34048,110786,40
34048,116736,8
34048,133817,43
34048,137071,6
34048,143458,70
34048,143460,26
34048,143473,6
34075,74310,124
34075,159112,12
34079,6145,223
34079,23022,67
34079,23112,12
34079,44006,6
34079,58290,6
34079,108139,8
34079,123127,37
34079,140676,10
34082,26449,23
34082,26450,7
34085,50998,10
34085,113652,22
34090,87969,9
34090,143479,154
34090,163192,8
34105,87625,289
34105,162982,225
34113,8197,9
34113,17327,6
34113,20039,14
34113,30345,9
34113,38560,6
34113,72429,8
34113,74223,22
34113,104612,70
34113,105834,6
34113,106243,240
34113,108179,94
34113,109090,19
34113,109175,34
34113,109392,8
34113,113450,10
34113,119637,6
34113,122478,9
34113,125547,7
34113,125548,20
34113,125549,22
34113,125550,6
34113,125556,8
34117,8840,27
34117,46634,32
34117,46635,7
34117,46636,6
34117,81832,16
34126,88501,34
34126,133698,14
34136,1872,12
34136,6287,13
34136,108749,552
34158,10348,7
34158,10916,156
34158,15364,6
34158,44691,32
34158,108611,35
34158,115638,8
34160,2651,13
34160,23053,69
34160,23057,62
34173,43590,10
34173,104802,118
34173,105576,29
34173,106199,439
34173,106381,8
34173,109097,199
34173,109306,8
34173,110167,23
34173,117747,10
34173,117761,13
34182,55284,119
34182,141958,23
34189,66082,84
34189,66083,8
34189,66084,44
34207,7214,17
34207,152305,39
34262,42638,12
34262,125168,7
34263,21752,10
34263,104468,3124
34263,104761,7
34263,104940,19
34263,108179,58
34263,109084,8
34263,109170,102
34263,109177,20
34263,110117,10
34277,106313,57
34277,109500,12
34279,39191,29
34279,136931,8
34279,138643,248
34308,58553,115
34308,120721,58
34308,144042,9
34330,12942,14
34330,163614,7
34332,21316,19
34332,139079,19
34340,17880,19
34340,116818,22
34375,84338,33
34375,131967,71
34381,64429,40
34381,147853,204
34385,104653,35
34385,104763,6
34385,114288,22
34385,123127,23
34409,53088,6
34409,108635,45
34432,32252,241
34432,32256,19
34432,32258,8
34432,163821,21
34447,44005,13
34447,44006,282
34488,58057,9
34488,109006,9
34488,127953,328
34488,131720,162
34488,135631,6
34488,143681,45
34488,143718,26
34505,8295,239
34505,8637,7
34505,13643,8
34505,15652,12
34505,38490,27
34505,109390,8
34505,109555,6
34505,110018,10
34505,110037,75
34505,110045,23
34505,110242,103
34505,110339,21
34528,2223,7
34528,105878,6
34541,22869,10
34541,42638,11
34541,104722,109
34541,107927,59
34542,5678,6
34542,119666,15
34578,53652,10
34578,140912,684
34581,56138,125
34581,56140,8
34581,106346,6
34581,109076,61
34581,142433,12
34597,58323,28
34597,110581,148
34602,109278,88
34602,114171,89
34603,109420,7
34603,110408,55
34610,24761,62
34610,24762,42
34610,24770,45
34612,6581,7
34612,6585,62
34630,111006,118
34630,132245,8
34669,88137,9
34669,88138,14
34669,88141,125
34695,31727,6
34695,113498,395
34701,83024,8
34701,160050,62
34731,12641,14
34731,18520,358
34731,20711,1644
34731,20839,52
34731,20961,45
34731,22484,748
34731,24761,49
34731,85946,443
34731,85953,6
34731,85981,16
34731,85987,3487
34731,85988,1971
34731,105493,8
34731,105553,62
34731,105756,57
34731,107032,130
34731,108454,25
34731,109139,14
34731,109523,12
34731,109939,424
34731,113320,96
34731,115556,215
34731,118905,7
34731,118967,7
34731,119049,1058
34731,119576,58
34731,120059,418
34731,120322,26
34731,120774,14
34731,122704,17
34731,127938,142
34731,136856,70
34731,147548,60
34731,158140,7
34731,161934,15
34731,161935,9
34731,161944,66
34761,17729,6
34761,17731,550
34761,34033,17
34765,39415,145
34765,74308,8
34765,105449,8
34765,122660,8
34765,127197,11
34765,131418,8
34769,64378,8
34769,80318,22
34769,80378,7
34769,114077,9
34769,125749,10
34769,158374,9
34779,23847,8
34779,33188,7
34779,33269,10
34779,84170,6
34779,104768,1985
34779,105420,6
34779,108579,17
34779,110081,17
34779,113580,8
34779,121459,77
34779,125683,13
34779,127513,7
34791,6098,23
34791,25747,7
34791,60518,14
34791,74310,501
34791,88137,19
34791,130210,18
34792,17787,62
34792,104551,20
34825,14145,99
34825,27986,10
34825,65793,9
34825,105076,29
34825,113318,16
34825,114489,6
34827,15633,8
34827,34033,292
34827,48878,7
34827,48893,13
34827,105571,12
34827,105673,7
34827,110222,128
34827,118362,55
34827,127128,8
34827,137836,9
34827,137838,7
34827,137841,11
34836,319,254
34836,8434,8
34836,19576,6
34836,25820,6
34836,38560,27
34836,40720,24
34836,104895,7
34836,105799,22
34836,106381,15
34836,109097,2335
34836,109850,37
34836,114696,7
34836,115988,6
34836,116431,9
34836,116918,6
34836,119238,9
34836,122633,6
34836,125631,6
34836,127664,19
34836,132273,11
34844,12300,16
34844,27840,12
34844,27843,7
34844,87031,9
34844,119136,239
34844,123785,9
34844,123787,39
34854,8535,75
34854,148422,14
34874,46866,12
34874,122834,35
34874,136460,6
34874,136461,6
34882,88552,217
34882,163575,67
34884,1714,17
34884,104940,32
34890,88344,52
34890,88345,14
34916,319,9
34916,7256,7
34916,8174,13
34916,21403,7
34916,28515,10
34916,30809,94
34916,39901,40
34916,50370,8
34916,76635,100
34916,77207,16
34916,104761,528
34916,104763,41
34916,104996,11
34916,106161,8
34916,108179,10
34916,108456,6
34916,109302,12
34916,110142,6
34916,110392,7
34916,117574,11
34916,122676,7
34929,9586,6
34929,105055,7
34929,109306,167
34929,109393,113
34929,110092,38
34929,110172,83
34964,1594,9
34964,2867,6
34964,20997,128
34964,52845,10
34964,78549,330
34964,105779,14
34964,105956,7
34964,115113,42
34964,121390,7
34964,162565,8
34982,68250,151
34982,121914,8
34982,150361,10
34986,64292,15
34986,144549,8
35008,80519,6
35008,158470,166
35027,25375,41
35027,122487,8
35046,114500,6
35046,143826,24
35060,41219,173
35060,106279,6
35076,85515,30
35076,105581,8
35094,31534,15
35094,44155,10
35094,44156,75
35095,15417,82
35095,68278,37
35095,68281,10
35095,68286,11
35095,127564,7
35095,150381,9
35106,23042,9
35106,120476,102
35106,120478,8
35106,120480,39
35107,9368,37
35107,34447,17
35107,110726,318
35107,135030,41
35107,135080,18
35107,135150,64
35107,135152,9
35114,17454,389
35114,116493,7
35114,116521,55
35128,104889,11
35128,109085,29
35129,78549,3181
35129,78551,73
35129,117212,3587
35129,126320,527
35129,138040,8
35129,147548,10
35129,157253,9
35134,8988,6
35134,34033,243
35134,74909,16
35134,105625,14
35134,108925,6
35134,111036,21
35134,114256,15
35134,115656,96
35134,136995,80
35134,137822,10
35137,105936,14
35137,109135,8
35157,108691,10
35157,131553,169
35167,1790,207
35167,14214,43
35167,40104,34
35167,105779,21
35167,106346,78
35167,162410,19
35172,33564,63
35172,38385,14
35172,75026,153
35172,85832,10
35172,109804,6
35172,124052,43
35173,68712,56
35173,105589,6
35205,18950,10
35205,18954,14
35205,40104,13
35205,105579,185
35217,50370,7
35217,77451,6
35217,104760,21
35217,104761,13
35217,104767,30
35217,105336,59
35217,106089,52
35217,106211,21
35217,106274,8
35217,118764,8
35217,121115,12
35252,33709,101
35252,33724,467
35252,105720,144
35252,110172,186
35252,127851,11
35252,127853,274
35252,127854,296
35252,127855,64
35252,127856,112
35252,127857,371
35252,127858,102
35252,127860,286
35252,127861,246
35252,127862,519
35252,127863,289
35252,127867,27
35252,127868,140
35252,127870,48
35252,127874,41
35252,127875,66
35256,14655,7
35256,53737,69
35256,57889,11
35256,108545,35
35256,124004,199
35256,140961,226
35256,162992,142
35283,45874,14
35283,106292,79
35283,110038,6
35283,127541,8
35283,141318,150
35283,141326,6
35303,57648,253
35303,57649,173
35303,114382,211
35308,34028,75
35308,105493,61
35308,127383,23
35337,84569,135
35337,84570,10
35337,84573,6
35337,123648,6
35337,161067,6
35350,109307,49
35350,126158,13
35356,34033,87
35356,104940,13
35369,34033,40
35369,106075,45
35369,115338,32
35369,116644,258
35370,8434,7
35370,15670,35
35370,28573,7
35370,40855,19
35370,52768,7
35370,52818,13
35370,52828,247
35370,52831,51
35370,52834,171
35370,52835,23
35370,52836,8
35370,105673,6
35370,116368,7
35370,124911,9
35370,140394,14
35445,51373,9
35445,109808,138
35474,104484,14
35474,142060,50
35491,17787,11
35491,17793,8
35491,104551,129
35491,105940,29
35508,37630,7
35508,108179,20
35508,109084,18
35508,111052,8
35508,129583,59
35508,160921,7
35521,26520,14
35521,113561,407
35533,6126,7
35533,7254,25
35533,18071,7
35533,41905,13
35533,41923,8
35533,63373,12
35533,104468,1064
35533,104612,10
35533,104903,52
35533,105722,15
35533,110775,6
35541,55155,11
35541,55156,13
35545,68478,49
35545,150514,11
35581,68643,242
35581,68648,148
35587,49612,8
35587,137704,57
35592,32273,10
35592,32274,6
35592,32276,207
35592,126889,28
35592,126891,52
35632,8988,17
35632,105625,313
35639,108153,45
35639,109328,10
35639,113149,7
35639,133530,29
35644,69869,35
35644,69870,15
35653,42392,6
35653,118509,64
35653,132368,7
35659,16652,16
35659,16653,15
35677,1542,35
35677,1547,19
35677,105391,48
35682,85357,47
35682,85359,22
35682,141713,303
35682,150807,231
35682,161585,11
35749,54424,324
35749,54427,11
35749,54428,15
35749,141383,245
35771,38391,158
35771,74308,15
35771,130804,178
35802,109248,63
35802,113623,7
35809,69869,48
35809,69870,14
35833,22608,27
35833,66077,83
35845,33564,10
35845,75026,34
35845,85850,11
35845,116173,38
35845,124050,23
35845,124052,91
35845,161842,15
35853,6557,24
35853,108785,35
35860,75277,21
35860,75278,48
35860,155157,47
35863,104940,42
35863,106323,45
35865,58238,16
35865,143844,7
35884,32648,58
35884,65663,10
35884,65675,109
35884,65676,86
35884,148655,6
35884,148664,13
35902,2630,16
35902,47583,11
35902,105794,11
35902,105933,18
35902,106309,108
35902,122872,10
35908,1751,30
35908,146342,8
35930,14214,40
35930,86427,28
35930,86440,30
35930,108403,9
35930,113529,116
35930,147498,40
35930,158638,580
35930,162237,171
35939,29573,63
35939,106227,9
35939,116661,82
35941,30969,8
35941,125984,121
35951,319,267
35951,106252,7
35951,109224,7
35951,127953,7
35964,115901,21
35964,130749,20
35971,20073,27
35971,74308,278
35971,74336,12
35971,104601,7
35971,109581,11
35971,154522,8
35977,70534,158
35977,83003,21
35977,83704,44
35977,86754,12
35977,112091,27
35977,132194,17
35977,132197,106
35977,135619,10
35977,144420,72
35977,144526,3213
35977,153138,46
35977,160462,6
35977,160469,48
35977,160472,19
35977,160473,38
35977,160479,8
35977,160485,9
35977,160515,7
35977,160531,6
35987,59694,1032
35987,144771,87
35991,104763,83
35991,105207,6
35991,105780,128
36013,17988,27
36013,17989,61
36014,105702,12
36014,106482,194
36014,116058,6
36014,116143,6
36043,105529,355
36043,105758,54
36043,105794,6
36099,110958,67
36099,110964,8
36108,13732,8
36108,88045,47
36114,16652,126
36114,16653,26
36137,105578,206
36137,122333,6
36137,159519,29
36137,159523,30
36156,13177,38
36156,32034,8
36156,113544,18
36156,126722,12
36156,126727,26
36172,38519,16
36172,38564,42
36172,113544,60
36172,130887,7
36173,12635,44
36173,113177,20
36174,15476,582
36174,109078,11
36207,61748,35
36207,61750,16
36208,127155,27
36208,148372,8
36211,6126,12
36211,6153,64
36211,6287,17
36211,8434,15
36211,13640,12
36211,19205,60
36211,20876,8
36211,25747,7
36211,29437,7
36211,30508,16
36211,38560,58
36211,50975,72
36211,58341,10
36211,66761,10
36211,74631,10
36211,81834,9
36211,104740,26
36211,104746,6
36211,104748,10
36211,104763,6
36211,104769,10
36211,104808,8
36211,105055,18
36211,108546,78
36211,108656,11
36211,108744,26
36211,109025,15
36211,109097,170
36211,109389,24
36211,109765,7
36211,109907,10
36211,110408,43
36211,113913,14
36211,116614,10
36211,120084,13
36211,126654,48
36211,135773,223
36229,78472,7
36229,78473,26
36253,39415,173
36253,41866,305
36253,41874,17
36253,41881,23
36253,41884,31
36253,106268,9
36253,116970,341
36253,133089,219
36253,133091,37
36253,133093,33
36253,133095,31
36253,133098,16
36275,106263,307
36275,113751,20
36279,5965,1631
36279,5971,7
36279,5977,16
36279,5978,25
36279,108353,523
36279,108356,8
36279,108362,24
36279,108365,8
36289,104889,15
36289,109085,122
36289,152855,34
36293,105051,8
36293,105147,442
36293,105529,604
36293,105568,117
36293,105582,84
36293,105755,12
36298,27833,70
36298,66723,15
36302,62002,177
36302,62003,32
36302,62004,21
36316,31302,56
36316,127829,20
36324,15667,70
36324,120786,24
36325,73429,10
36325,119163,10
36329,1953,6
36329,1978,45
36330,9634,12
36330,9635,736
36330,106272,9
36341,109294,66
36341,151916,50
36342,88376,9
36342,163456,6
36356,51163,283
36356,157111,7
36368,105449,30
36368,109267,75
36368,116267,9
36381,36871,85
36381,144261,7
36382,9572,263
36382,110993,8
36399,21297,18
36399,30278,72
36399,50560,345
36399,50564,6
36399,50566,180
36399,106211,37
36399,108556,13
36399,138925,6
36399,138927,6
36415,55345,26
36415,140523,9
36426,27082,11
36426,36285,112
36426,109999,1122
36426,123236,23
36426,128576,1061
36426,128706,53
36426,129423,18
36433,2494,9
36433,13343,21
36433,20073,6
36433,25182,38
36433,27650,8
36433,38628,7
36433,47583,8
36433,84637,11
36433,104554,6
36433,104948,6
36433,107030,34
36433,108397,318
36433,109102,9
36433,109401,14
36433,109968,7
36433,115226,508
36433,117231,8
36433,126421,67
36433,138643,25
36433,150451,17
36434,1191,10
36434,105121,46
36437,105050,10
36437,106185,43
36437,123869,23
36470,1505,10
36470,8978,6
36470,60231,6
36470,106274,13
36470,109135,9
36470,115333,17
36470,119605,12
36470,121099,105
36470,130819,19
36495,2093,9
36495,84090,10
36495,113465,8
36495,117326,6
36495,122072,324
36495,122073,42
36495,127177,14
36504,26510,12
36504,62749,6
36504,80207,44
36504,80210,7
36504,119793,173
36504,122825,245
36504,122826,58
36504,158260,37
36504,158261,15
36505,38812,13
36505,131037,32
36527,25899,249
36527,51598,45
36527,62749,361
36527,82151,8
36527,82158,14
36527,113400,509
36527,113511,1503
36527,127173,13
36527,136542,8
36527,146574,7
36527,152046,17
36527,159496,36
36527,159499,67
36527,159511,6
36527,159512,6
36553,123043,90
36553,123045,10
36554,66208,8
36554,105941,39
36554,110553,25
36573,20252,7
36573,105558,41
36573,108121,23
36573,109588,8
36573,113808,1311
36573,117308,6
36573,141503,8
36591,58380,13
36591,143938,12
36594,59330,47
36594,59333,13
36594,144532,29
36606,104495,7
36606,105098,24
36606,105325,21
36606,105693,13
36606,106244,20
36606,109280,156
36635,8434,20
36635,13640,8
36635,13643,10
36635,13666,21
36635,13667,6
36635,13669,18
36635,13672,18
36635,13676,11
36635,66761,41
36635,104769,202
36635,104885,10
36635,109224,13
36635,109306,7
36635,109765,24
36635,113890,546
36635,113908,29
36635,113910,7
36662,110119,7
36662,110653,101
36684,7109,9
36684,83460,15
36684,104802,10
36684,109089,10
36684,122891,65
36697,8822,12
36697,130808,44
36705,117328,73
36705,117761,11
36705,122072,72
36706,30914,18
36706,30916,74
36706,30922,27
36706,30923,24
36706,105625,7
36706,108139,6
36706,125950,9
36775,143479,57
36775,163192,18
36778,43330,19
36778,127643,105
36780,113140,10
36780,144574,34
36788,104450,9
36788,122261,36
36791,104450,16
36791,122261,69
36819,45550,35
36819,45551,8
36830,66627,13
36830,80366,6
36830,105936,29
36830,109745,11
36830,113318,139
36830,116749,8
36830,117394,30
36830,123869,13
36830,128110,10
36830,145114,25
36830,158332,7
36830,158364,18
36830,158365,6
36830,158369,11
36830,163767,11
36832,104493,95
36832,104892,7
36837,28902,6
36837,106309,26
36863,226,97
36863,8174,6
36863,8591,8
36863,15936,8
36863,19417,6
36863,20039,16
36863,31014,171
36863,42304,7
36863,49771,11
36863,84600,453
36863,84603,6
36863,104763,8
36863,105098,6
36863,105207,6
36863,106211,7
36863,106274,6
36863,108179,147
36863,109463,27
36863,109501,6
36863,110313,15
36863,126804,16
36864,83460,16
36864,104945,8
36864,110947,7
36864,132473,23
36864,136481,436
36866,68954,43
36866,68955,47
36866,138539,70
36873,12847,69
36873,83663,14
36873,104769,62
36873,131082,42
36877,37817,6
36877,37819,9
36877,130420,483
36877,130422,23
36892,20034,8
36892,66082,97
36892,120997,11
36892,140368,7
36907,15523,45
36907,23495,32
36907,28201,25
36907,104612,15
36907,105780,17
36907,114344,99
36907,119705,102
36907,163686,6
36914,31302,173
36914,86893,14
36914,86901,28
36914,86904,6
36914,109019,9
36914,114553,8
36914,116423,45
36914,122123,14
36914,128516,12
36914,162530,7
36918,8195,106
36918,8197,427
36918,105726,7
36918,117053,16
36925,40555,15
36925,105370,64
36925,107032,8
36925,132148,45
36955,42638,326
36955,127622,28
36955,127635,13
36967,44169,44
36967,48055,39
36969,14586,324
36969,114548,6
36985,27866,7
36985,27867,7
36985,83608,60
37012,64123,8
37012,78862,60
37012,108240,16
37022,47583,18
37022,110356,7
37023,8882,6
37023,34120,105
37023,43008,12
37023,48760,241
37023,52831,12
37023,105728,9
37023,106309,491
37023,108397,43
37023,119583,311
37023,129853,58
37023,130372,34
37023,139006,93
37023,139007,9
37023,139008,15
37026,33564,66
37026,85822,8
37026,85850,6
37026,124052,45
37026,161842,11
37040,24534,22
37040,109420,9
37059,58727,1164
37059,58728,57
37059,58730,144
37059,58732,1251
37059,114381,10
37059,115953,8
37059,116010,14
37064,133682,56
37064,147794,39
37067,43235,10
37067,106442,128
37067,115086,7
37067,127736,27
37078,59321,17
37078,68671,34
37078,70534,6
37078,83846,10
37078,128656,8
37078,131000,7
37078,132194,53
37078,144526,132
37078,151387,46
37078,160468,81
37078,160469,218
37078,160473,25
37078,160601,9
37078,160602,15
37086,89058,19
37086,89059,14
37089,877,6
37089,1714,896
37089,6242,16
37089,17571,6
37089,25797,12
37089,25820,10
37089,25825,6
37089,34033,10
37089,74308,6
37089,104761,7
37089,104940,291
37089,105370,16
37089,105827,12
37089,107032,19
37089,108179,14
37089,109913,13
37089,110317,7
37089,115187,104
37089,116580,17
37089,117055,98
37089,122370,6
37089,122384,12
37089,122390,6
37122,36829,61
37122,129771,115
37123,2987,10
37123,13822,92
37123,13827,77
37123,24359,6
37123,40026,28
37123,104496,8
37123,108520,10
37123,109555,42
37123,110764,917
37123,114005,63
37123,119865,7
37123,121013,104
37123,121391,9
37123,121392,20
37123,121396,20
37123,121401,9
37123,125034,11
37125,46159,47
37125,157680,15
37137,41221,123
37137,109999,171
37137,114324,23
37138,6383,113
37138,118777,6
37157,17412,20
37157,116450,44
37157,116451,44
37158,2630,54
37158,46989,7
37158,47576,20
37158,47583,219
37158,48760,13
37158,53400,7
37158,53401,197
37158,106309,380
37158,106310,12
37158,114296,7
37158,114542,148
37158,116749,10
37185,8823,16
37185,31174,15
37185,68996,1210
37185,73835,60
37185,119081,30
37185,154153,11
37192,104940,18
37192,105370,7
37192,106193,7
37192,109084,202
37192,109184,6
37192,109538,43
37192,109999,20
37192,113450,23
37192,118597,10
37203,105634,8
37203,115792,25
37203,142913,212
37209,104480,43
37209,105107,7
37211,105819,39
37211,122953,13
37211,131553,115
37228,82638,11
37228,145889,195
37243,55254,10
37243,55256,41
37245,106065,7
37245,109392,9
37245,134035,75
37256,108304,315
37256,108312,9
37256,108318,7
37257,18510,138
37257,117263,16
37266,37724,9
37266,114239,37
37266,114431,48
37266,118966,345
37266,130351,39
37266,130352,46
37275,44550,6
37275,163815,24
37300,8591,7
37300,25607,21
37300,25608,9
37300,33495,8
37300,50709,351
37300,105339,74
37300,110476,12
37300,117997,6
37300,119088,70
37300,127707,6
37340,29836,9
37340,105780,32
37342,110132,8
37342,118721,15
37351,2867,21
37351,23282,6
37351,39901,6
37351,50866,241
37351,50869,10
37351,50872,86
37351,105780,13
37351,106128,332
37351,115644,265
37351,115695,17
37351,120645,6
37351,139113,29
37372,47583,20
37372,53401,10
37372,106309,13
37377,88739,14
37377,164063,11
37417,105734,29
37417,122928,9
37420,109328,9
37420,133530,31
37421,81186,212
37421,105452,586
37423,25598,6
37423,115223,8
37423,120056,7
37429,105449,13
37429,120438,6
37429,141727,71
37433,60538,115
37433,65731,1315
37433,118340,9
37433,131276,6
37455,32333,14
37455,109344,33
37461,155129,31
37461,155131,19
37507,135725,11
37507,142482,85
37524,1703,15
37524,9564,53
37524,18520,2124
37524,38446,7
37524,104707,9
37524,130836,6
37547,49491,131
37547,109597,39
37547,114318,8
37551,2050,36
37551,8882,13
37567,47396,6
37567,47398,191
37567,47399,6
37567,136823,7
37585,587,10
37585,7570,26
37585,7613,6
37585,62185,6
37585,104667,8
37585,104809,6
37585,106241,12
37585,108509,327
37585,109562,205
37585,109587,9
37598,106205,12
37598,106243,40
37598,119919,358
37598,119923,9
37598,119924,7
37598,119926,7
37600,19150,68
37600,23018,262
37600,24707,8
37600,24942,13
37600,31371,15
37600,37630,7
37600,49596,87
37600,105166,15
37600,119254,43
37600,138299,41
37601,51932,13
37601,64696,53
37619,17753,78
37619,25758,10
37619,38560,8
37619,60325,6
37619,86011,460
37619,104903,31
37619,105568,52
37619,105698,6
37619,105941,11
37619,109461,90
37619,109484,9
37619,116781,6
37619,122180,10
37619,130662,6
37619,137556,26
37619,140382,15
37619,145219,6
37668,50832,34
37668,139093,11
37674,53416,9
37674,140773,15
37699,105780,71
37699,135795,38
37702,119972,247
37702,119974,8
37710,38900,325
37710,55164,10
37710,131106,12
37716,66018,279
37716,128038,9
37730,105707,76
37730,114069,8
37730,119106,16
37738,59714,8
37738,118059,18
37758,46686,66
37758,74223,17
37758,113835,8
37758,122855,24
37758,158219,494
37764,58875,150
37764,116215,20
37765,21751,118
37765,121527,6
37771,10590,45
37771,104544,9
37774,104490,342
37774,105373,18
37807,55200,14
37807,56706,122
37807,86887,14
37812,2040,22
37812,8823,62
37812,53609,6
37812,105766,13
37827,2040,12
37827,2343,14
37827,5894,9
37827,8195,244
37827,8197,2223
37827,8823,33
37827,73823,28
37827,73827,6
37827,73835,371
37827,105834,13
37827,116819,18
37827,125614,74
37827,148992,7
37827,154164,28
37829,471,6
37829,9506,6
37829,19155,549
37829,113646,6
37829,119552,10
37836,114148,121
37836,117776,26
37870,88589,7
37870,119666,142
37921,22342,162
37921,22347,116
37921,22348,307
37921,22352,1133
37921,22354,266
37921,22357,45
37921,22365,8
37921,22367,555
37921,22369,31
37921,22375,122
37921,22376,19
37921,22383,50
37921,22385,7
37921,22386,15
37921,22387,7
37921,116818,858
37921,120000,29
37921,120001,201
37921,120008,78
37921,120009,66
37921,120010,85
37921,120017,45
37921,120020,28
37921,120024,65
37921,120026,119
37921,120027,23
37935,117059,612
37935,140219,18
37955,71131,14
37955,114265,8
37962,70314,25
37962,151711,35
37978,17787,57
37978,27650,23
37978,43492,6
37978,47583,164
37978,53391,14
37978,53900,14
37978,80400,8
37978,80403,12
37978,104551,30
37978,105936,9
37978,109968,233
37978,113318,23
37978,116749,7
37978,122402,9
37984,37534,15
37984,130227,14
37986,1198,8
37986,105124,6
37993,105879,47
37993,105881,495
37993,105883,6
38023,114598,32
38023,114599,9
38027,77777,6
38027,122430,72
38028,8861,11
38028,8866,17
38028,8871,6
38028,110503,19
38035,80876,240
38035,80911,6
38035,80912,18
38039,781,10
38039,1526,40
38039,3087,12
38039,6602,21
38039,7177,8
38039,8262,25
38039,8275,14
38039,8295,53
38039,8315,10
38039,8360,16
38039,8367,12
38039,8380,9
38039,8399,7
38039,8401,16
38039,8404,17
38039,8424,492
38039,8425,8
38039,8426,139
38039,8434,15
38039,8444,28
38039,8446,132
38039,8447,36
38039,8448,22
38039,8463,8
38039,8499,24
38039,8521,59
38039,8529,6
38039,8530,78
38039,8535,7
38039,15652,534
38039,33152,16
38039,38030,7
38039,38490,9
38039,52831,10
38039,52837,31
38039,70585,11
38039,70996,16
38039,76261,8
38039,79565,20
38039,82883,10
38039,85450,6
38039,104749,12
38039,105178,47
38039,105257,10
38039,105434,112
38039,105495,25
38039,105580,6
38039,108670,7
38039,109171,265
38039,109243,20
38039,109306,24
38039,109392,314
38039,109555,49
38039,109592,16
38039,110015,6
38039,110016,28
38039,110018,223
38039,110019,14
38039,110020,66
38039,110022,105
38039,110027,6
38039,110029,507
38039,110030,15
38039,110032,53
38039,110037,206
38039,110041,32
38039,110043,8
38039,110045,56
38039,110047,16
38039,110048,30
38039,110056,7
38039,110061,13
38039,110064,21
38039,110067,10
38039,110069,16
38039,110074,170
38039,110092,22
38039,110093,15
38039,110108,33
38039,110109,19
38039,110119,34
38039,110131,22
38039,110145,7
38039,110152,6
38039,110155,10
38039,110165,9
38039,110167,39
38039,110172,13
38039,110179,16
38039,110181,177
38039,110188,8
38039,110193,17
38039,110197,8
38039,110198,59
38039,110212,26
38039,110213,24
38039,110225,49
38039,110232,11
38039,110236,7
38039,110242,436
38039,110257,11
38039,110259,19
38039,163729,6
38039,163732,11
38059,48784,59
38059,113702,7
38060,58254,24
38060,136382,166
38078,115171,116
38078,137963,44
38084,18510,419
38084,48477,9
38084,117240,6
38084,117246,8
38092,9564,6
38092,12201,125
38092,15410,9
38092,17992,6
38092,21218,17
38092,21770,1039
38092,25025,6
38092,25074,8
38092,30022,13
38092,36355,105
38092,36356,1081
38092,36357,42
38092,36365,23
38092,36376,13
38092,36377,7
38092,36405,11
38092,36409,14
38092,36415,912
38092,36428,7
38092,36429,31
38092,36438,9
38092,36439,334
38092,36443,6
38092,36445,14
38092,36446,50
38092,36454,961
38092,36459,562
38092,36460,444
38092,36472,34
38092,55928,86
38092,55946,16
38092,66757,75
38092,74226,82
38092,78875,69
38092,78877,141
38092,78880,87
38092,78881,7
38092,78882,23
38092,78889,8
38092,78896,11
38092,78904,354
38092,78934,16
38092,78994,12
38092,79042,80
38092,79048,26
38092,79077,86
38092,104723,7
38092,106211,50
38092,108420,30
38092,109270,1340
38092,109676,13
38092,110364,869
38092,111672,75
38092,113356,12
38092,113970,9
38092,113979,99
38092,115069,18
38092,116883,15
38092,116895,25
38092,116896,9
38092,121856,85
38092,121858,28
38092,122851,1811
38092,122895,15
38092,124566,13
38092,126395,5083
38092,129460,285
38092,129463,411
38092,129465,625
38092,129471,25
38092,129475,185
38092,129476,161
38092,129488,11
38092,129492,680
38092,129493,38
38092,129494,28
38092,129495,7
38092,129496,7
38092,129507,10
38092,129508,235
38092,129519,25
38092,129523,19
38092,142330,10
38092,144381,6
38092,157448,121
38092,157450,115
38092,157451,46
38092,157454,32
38092,157458,27
38092,157500,10
38092,157514,10
38101,115038,948
38101,128229,1142
38101,128235,744
38124,66961,134
38124,107711,6
38124,119360,23
38125,41107,32
38125,108183,1305
38125,109267,10
38132,76267,24
38132,106428,21
38143,9280,8
38143,108680,24
38144,2095,28
38144,151780,9
38149,114293,104
38149,117334,7
38152,32431,60
38152,78206,27
38166,64366,8
38166,109084,15
38181,15794,13
38181,88690,11
38187,164584,12
38187,164585,15
38198,49059,154
38198,77481,28
38198,77484,28
38198,83058,6
38208,105631,21
38208,106075,407
38208,114938,62
38208,131804,10
38208,132153,27
38233,39428,14
38233,39429,17
38233,131427,13
38243,88744,8
38243,164065,14
38252,48373,6
38252,137485,35
38285,30490,52
38285,105385,6
38297,42107,27
38297,123807,121
38306,116368,7
38306,121052,214
38306,146452,11
38313,51338,12
38313,86011,6
38313,109539,9
38313,113318,436
38313,119254,11
38313,120907,12
38321,1790,8
38321,13732,12
38321,18332,10
38321,23505,7
38321,38317,8
38321,39534,40
38321,104763,509
38321,104816,433
38321,105712,13
38321,108451,77
38321,109451,12
38321,109922,31
38321,113120,9
38321,113998,113
38321,114361,25
38321,119194,16
38321,131464,19
38321,131476,330
38321,131477,54
38321,131478,18
38321,131492,6
38321,131504,15
38321,131515,11
38321,131516,6
38321,131517,6
38334,48922,30
38334,58193,299
38352,20318,15
38352,104468,404
38352,104940,14
38353,26720,6
38353,105188,74
38354,25523,112
38354,25524,31
38364,78831,16
38364,109085,29
38390,104926,300
38390,104931,45
38390,104932,6
38410,32642,49
38410,104463,23
38410,105883,21
38410,105936,78
38410,115734,18
38420,43729,7
38420,47473,7
38420,105184,168
38420,110359,12
38431,50954,16
38431,105780,133
38431,139169,11
38435,45703,25
38435,105780,1084
38435,131261,6
38435,135688,6
38435,135695,6
38440,13095,48
38440,110112,117
38463,70800,13
38463,105204,214
38463,125625,12
38489,49018,8
38489,88506,12
38489,130049,7
38498,80530,40
38498,80534,232
38498,80535,11
38498,80538,64
38498,80539,45
38498,158477,87
38498,158478,215
38498,158479,195
38498,158480,332
38498,158481,65
38519,124804,12
38519,133797,6
38519,134033,19
38521,22772,8
38521,22774,20
38558,79802,15
38558,131369,226
38584,32070,34
38584,126722,22
38584,126727,19
38584,126735,25
38584,126737,119
38584,126743,10
38584,126746,10
38585,42242,91
38585,42248,10
38605,2050,10
38605,8882,87
38605,13266,9
38605,14145,44
38605,17104,11
38605,34899,14
38605,47583,6
38605,48760,223
38605,59959,8
38605,60453,46
38605,60469,7
38605,104463,12
38605,105226,31
38605,105545,11
38605,105852,20
38605,105936,20
38605,106309,50
38605,108397,15
38605,113318,28
38605,114506,8
38605,116970,6
38605,123870,19
38605,127392,14
38605,127396,12
38605,127409,127
38605,127437,6
38605,136897,9
38605,145297,7
38627,582,8
38627,110117,73
38630,6170,379
38630,142527,6
38648,37584,22
38648,37587,314
38648,37589,27
38648,130269,7
38712,13231,13
38712,34593,14
38712,38560,1563
38712,43866,9
38712,43867,15
38712,43901,8
38712,65970,38
38712,74618,11
38712,104895,9
38712,105262,9
38712,106203,17
38712,106381,322
38712,108584,7
38712,109907,18
38712,116918,28
38712,119868,15
38712,120559,18
38712,124911,9
38712,127664,7
38712,134438,6
38712,134439,7
38715,110456,34
38715,120817,122
38720,7189,117
38720,13996,21
38720,18549,11
38720,25910,21
38720,26311,30
38720,53610,7
38720,80876,887
38720,80894,59
38720,105755,50
38720,110040,61
38720,115966,6
38720,124228,7
38720,129244,32
38720,133642,24
38720,158695,10
38720,158701,16
38723,45430,156
38723,135512,955
38729,19208,10
38729,136573,104
38734,6098,11
38734,74310,6
38734,106842,7
38740,44192,67
38740,44194,16
38752,61120,274
38752,61121,7
38764,6169,12
38764,9344,412
38764,15471,104
38764,20039,6
38764,20073,768
38764,20722,10
38764,22567,14
38764,26797,8
38764,27986,6
38764,37869,7
38764,38391,8
38764,38807,12
38764,45735,22
38764,45739,7
38764,45742,44
38764,45769,11
38764,45806,78
38764,49385,14
38764,56776,8
38764,64524,52
38764,104760,21
38764,104768,6
38764,104961,15
38764,105093,33
38764,105161,16
38764,105328,178
38764,105445,15
38764,105568,15
38764,105982,9
38764,106238,7
38764,106381,286
38764,108078,15
38764,108455,9
38764,108676,14
38764,108703,7
38764,109097,44
38764,109175,21
38764,109765,6
38764,110313,9
38764,113850,19
38764,113970,33
38764,115911,10
38764,116431,8
38764,116570,7
38764,116644,30
38764,118031,9
38764,118610,8
38764,119207,6
38764,119868,27
38764,120084,13
38764,121625,21
38764,126367,9
38764,135712,6
38764,135724,8
38764,135730,6
38764,135746,19
38764,135748,6
38766,78549,25
38766,116278,9
38776,50905,6
38776,105780,312
38781,6674,70
38781,12606,620
38781,34507,26
38781,34551,16
38781,105700,40
38781,119260,10
38781,124042,7
38781,128380,61
38800,300,6
38800,9547,6
38800,13135,529
38800,43008,86
38800,48331,30
38800,62387,20
38800,78722,6
38800,106327,10
38800,106452,18
38800,110688,13
38800,114523,15
38800,116749,16
38800,135494,6
38800,136931,31
38800,138643,74
38800,143943,31
38800,149260,8
38800,158377,13
38813,1919,6
38813,8456,7
38813,8542,14
38813,38490,39
38813,39202,6
38813,40163,13
38813,40368,11
38813,40378,12
38813,40395,9
38813,40404,11
38813,40430,126
38813,40440,10
38813,40447,8
38813,54728,8
38813,80876,55
38813,105189,75
38813,106292,28
38813,109390,1416
38813,110098,9
38813,113764,17
38813,117328,179
38813,117761,19
38813,119691,6
38813,124551,20
38813,126242,6
38813,129712,117
38813,130819,13
38813,132020,8
38813,132076,12
38813,132080,24
38813,132091,8
38820,1714,78
38820,104940,34
38821,113580,12
38821,115024,38
38840,39020,24
38840,39022,37
38840,131163,282
38849,31157,35
38849,68142,7
38849,114451,919
38849,117992,8
38849,138415,8
38849,150300,8
38853,27054,9
38853,27055,19
38861,20073,434
38861,134243,7
38873,20914,12
38873,43235,23
38873,106442,15
38873,106738,6
38873,106823,90
38873,118860,11
38873,161589,18
38875,12847,78
38875,104769,36
38875,113908,7
38877,2987,32
38877,13732,16
38877,109084,137
38877,109206,14
38877,119586,7
38880,8135,48
38880,109947,46
38884,51728,10
38884,51736,171
38884,73513,11
38884,75971,18
38884,75973,14
38884,130392,11
38884,134780,81
38884,145198,6
38884,155553,590
38884,155579,10
38895,8840,50
38895,9572,128
38895,17282,21
38895,42656,29
38895,81835,9
38895,109058,20
38895,127608,17
38895,129857,28
38908,13239,8
38908,13555,138
38909,13732,18
38909,105763,616
38909,141342,7
38909,160612,8
38924,566,157
38924,85798,184
38924,85800,105
38924,85802,9
38924,161829,26
38968,6427,6
38968,106243,64
38968,113835,9
38990,2651,8
38990,21752,18
38990,24506,7
38990,104920,36
38990,108240,724
38990,113646,9
39005,7838,6
39005,106309,75
39010,15442,31
39010,68996,6
39019,39656,14
39019,109956,56
39030,137128,10
39030,144779,9
39036,1441,37
39036,108725,6
39039,28157,8
39039,36501,12
39039,38949,27
39039,79646,12
39039,124017,8
39039,124019,518
39039,137725,72
39044,34429,6
39044,34433,7
39044,105585,6
39044,109294,7
39044,114241,6
39044,128316,475
39044,128317,17
39051,104962,11
39051,110938,94
39052,23711,14
39052,48760,7
39052,106309,26
39052,119583,86
39052,129853,12
39055,27470,630
39055,44656,217
39055,146457,337
39055,146459,18
39060,39924,188
39060,131728,49
39060,131730,30
39080,163681,173
39080,163758,23
39097,126503,119
39097,142094,10
39148,117397,179
39148,126953,7
39154,18048,9
39154,114449,170
39165,109748,25
39165,163921,67
39186,111062,193
39186,120264,12
39186,163774,17
39209,140496,31
39209,140497,18
39220,105332,13
39220,150932,7
39222,23383,13
39222,23384,158
39228,117193,173
39228,128249,6
39250,50942,44
39250,105780,49
39250,121047,8
39250,121625,7
39250,139160,49
39261,104760,93
39261,104761,30
39261,104946,11
39261,105313,15
39261,105355,6
39261,105716,7
39261,106056,7
39261,109392,6
39266,24983,9
39266,40163,7
39266,110775,214
39292,3104,8
39292,20866,27
39292,21418,416
39292,104879,71
39292,106089,8
39292,110645,6
39292,119394,25
39295,50811,7
39295,50812,76
39295,123665,7
39295,139080,8
39306,61588,15
39306,122385,26
39311,49183,26
39311,49184,83
39311,49185,28
39311,49186,22
39311,126348,29
39315,46866,52
39315,46870,13
39315,122834,56
39315,136460,8
39346,13177,109
39346,113525,9
39351,47752,8
39351,139870,63
39368,2095,14
39368,88226,23
39368,108323,11
39368,109748,20
39368,113409,40
39368,114384,293
39368,118806,6
39368,118820,214
39398,14505,46
39398,34090,41
39398,109968,8
39409,104776,10
39409,106243,76
39409,113428,44
39412,56528,99
39412,118777,43
39422,27986,308
39422,105769,136
39422,140019,7
39455,36565,8
39455,115342,52
39458,6585,29
39458,148354,14
39486,39282,67
39486,119296,46
39515,7229,9
39515,15652,8
39515,20702,7
39515,21677,14
39515,21685,15
39515,22887,7
39515,45968,6
39515,53479,6
39515,73429,9
39515,105319,6
39515,106075,98
39515,108179,46
39515,109284,17
39515,113241,491
39515,113605,140
39515,119028,27
39515,119605,23
39515,120233,10
39515,122833,12
39515,124830,13
39515,131978,7
39515,143901,15
39515,154668,15
39515,154681,14
39527,14505,14
39527,36966,51
39527,115874,8
39527,123956,444
39529,12962,7
39529,113395,13
39540,105373,108
39540,135725,75
39541,24963,9
39541,24965,70
39546,2853,24
39546,29807,85
39546,51323,50
39546,163663,8
39553,115247,6
39553,115911,22
39553,133676,412
39555,140208,141
39555,143950,35
39556,85684,56
39556,85685,15
39556,108981,93
39556,125620,35
39567,13732,6
39567,104480,122
39576,68120,12
39576,150276,145
39585,7214,87
39585,48187,38
39585,48188,45
39585,48195,130
39585,125575,478
39585,137360,95
39595,20711,47
39595,141422,12
39606,960,304
39606,21751,24
39606,71032,290
39606,104939,157
39606,109605,8
39606,115968,22
39606,126880,18
39606,141172,24
39611,23791,31
39611,109294,7
39611,163692,1128
39611,164417,14
39614,105178,958
39614,105722,6
39614,110301,48
39614,113844,49
39614,151787,9
39625,109438,11
39625,139107,39
39635,22908,23
39635,143823,143
39636,8823,6
39636,15170,106
39636,15191,207
39636,15313,12
39636,17707,6
39636,34033,6
39636,37147,11
39636,49058,7
39636,52202,8
39636,59159,8
39636,62895,21
39636,80673,22
39636,83314,10
39636,83452,7
39636,83454,7
39636,104940,12
39636,104941,6
39636,105532,61
39636,105601,43
39636,106089,7
39636,106147,6
39636,106241,13
39636,106244,7
39636,109539,1950
39636,109555,35
39636,109698,8
39636,110117,20
39636,110468,7
39636,114389,117
39636,114491,12
39636,115740,14
39636,117907,7
39636,126022,10
39636,136355,6
39636,163638,11
39660,20025,9
39660,64376,33
39660,138568,65
39660,147817,61
39670,31203,12
39670,47211,17
39699,115748,290
39699,121187,7
39699,161483,564
39699,161484,2122
39699,161489,10
39699,161495,9
39730,59240,38
39730,120191,123
39730,138976,12
39754,1441,91
39754,30363,57
39754,119585,6
39784,996,8
39784,2087,17
39784,7719,7
39784,18098,13
39784,22869,11
39784,52373,6
39784,104612,97
39784,104892,20
39784,105448,142
39784,106191,389
39784,109926,13
39784,138239,28
39784,140086,58
39825,105204,505
39825,109150,16
39825,152018,7
39832,104760,84
39832,104761,7
39832,106056,7
39832,123861,10
39841,8591,60
39841,104763,141
39841,108179,19
39850,77207,75
39850,131918,8
39860,38030,56
39860,110960,6
39864,43411,306
39864,82536,32
39864,82537,12
39864,104903,352
39864,152263,6
39864,159739,8
39868,160887,51
39868,160888,16
39886,1919,14
39886,33073,16
39889,109294,374
39889,114242,8
39889,131347,14
39902,23332,36
39902,23337,27
39902,23338,30
39902,23341,24
39902,23343,14
39902,120680,14
39928,106479,83
39928,110101,66
39968,2493,9
39968,2630,185
39968,69919,7
39968,104723,17
39968,105370,102
39968,106309,62
39968,106310,10
40001,115734,9
40001,126713,14
40017,104468,177
40017,108179,10
40017,109170,7
40034,2040,14
40034,8823,8
40034,15670,19
40034,24631,7
40034,51215,6
40034,104494,39
40034,104620,1263
40034,105849,8
40034,109546,17
40034,110468,296
40034,113645,248
40034,124050,6
40034,138905,32
40034,139309,6
40034,139313,11
40034,139360,16
40034,139378,8
40034,139382,8
40075,33862,313
40075,81613,9
40075,108389,46
40082,55388,18
40082,55391,50
40118,20514,60
40118,20603,31
40118,109307,6
40119,21856,7
40119,69726,10
40141,9245,26
40141,161824,57
40143,14838,13
40143,105951,125
40148,53871,9
40148,119786,175
40161,105449,132
40161,163638,21
40163,53871,18
40163,119786,19
40175,104959,6
40175,108179,140
40204,22675,6
40204,109858,60
40204,116517,19
40204,120230,9
40220,37743,16
40220,47583,8
40220,130369,299
40224,8197,335
40224,18236,6
40224,106243,284
40224,112780,7
40251,21897,850
40251,119688,11
40260,108179,122
40260,109046,7
40311,9207,18
40311,68004,14
40311,68005,68
40311,72376,78
40311,150211,144
40354,87965,39
40354,163190,53
40371,146537,178
40371,146704,6
40375,105859,76
40375,138818,6
40382,105050,96
40382,130584,11
40393,32148,6
40393,126800,18
40393,126801,22
40404,42051,18
40404,56262,48
40429,38505,10
40429,106538,148
40452,116323,167
40452,148116,20
40468,15879,21
40468,42040,33
40468,117209,6
40472,15936,54
40472,32169,6
40472,109985,12
40472,110048,443
40472,110115,9
40472,121738,8
40479,54424,47
40479,141383,31
40479,141385,12
40486,15739,8
40486,139038,8
40490,109307,79
40490,126457,12
40507,105326,782
40507,105327,19
40507,111044,8
40507,115839,6
40507,127691,14
40507,140523,10
40507,140525,10
40507,140526,24
40509,113469,120
40509,122737,68
40525,23412,65
40525,23413,8
40534,106243,6
40534,106401,599
40534,109294,8
40534,112208,8
40537,105968,446
40537,138590,16
40537,149534,35
40549,38658,429
40549,38661,12
40549,130942,21
40558,108179,12
40558,109987,401
40563,50220,411
40563,117318,21
40573,34350,30
40573,128276,23
40573,133256,8
40577,70534,12
40577,144526,26
40577,160465,73
40601,104612,17
40601,114344,64
40620,49491,202
40620,105220,18
40625,582,89
40625,105794,42
40625,114308,10
40625,119140,252
40625,127422,25
40639,133938,47
40639,153854,6
40644,566,12
40644,86968,13
40644,105789,82
40644,138818,14
40644,149379,442
40664,17282,913
40664,17301,26
40679,68879,44
40679,150781,10
40690,105445,6
40690,163706,140
40698,110418,7
40698,149030,104
40698,149031,215
40698,149034,17
40729,31691,53
40729,126468,167
40738,15358,10
40738,115027,1260
40738,115030,6
40738,115032,13
40769,26027,128
40769,26032,174
40769,26033,218
40769,26034,146
40769,26035,91
40785,61067,27
40785,61068,66
40802,108179,52
40802,108456,7
40802,108727,9
40802,109084,64
40802,109538,128
40802,109539,8
40804,9029,26
40804,9033,12
40807,33152,25
40807,78862,12
40807,106347,478
40807,126217,8
40809,19400,274
40809,24868,8
40809,125919,84
40819,33683,227
40819,33684,7
40819,127837,6
40826,14380,10
40826,114402,11
40830,2162,23
40830,6688,1541
40830,6696,161
40830,6708,155
40830,6723,2564
40830,6740,65
40830,6744,17
40830,6745,17
40830,6748,1319
40830,6749,641
40830,6770,15
40830,6778,94
40830,108878,11
40830,108883,27
40830,108886,11
40830,108911,28
40830,108912,58
40830,108913,129
40830,108917,7
40830,108918,75
40830,108922,94
40830,108939,6
40832,74310,24
40832,106269,6
40843,47815,14
40843,125042,59
40854,49483,9
40854,49485,178
40854,120170,28
40864,74308,466
40864,109641,12
40871,24684,26
40871,113149,10
40890,48760,215
40890,104653,7
40890,137760,10
40908,43658,11
40908,43659,9
40909,104463,28
40909,105883,26
40909,105936,53
40910,31758,14
40910,33073,250
40910,143964,87
40924,84318,25
40924,108856,17
40924,131406,12
40924,154497,13
40932,18563,10
40932,18577,135
40944,110306,7
40944,110328,7
40944,125549,256
40950,84500,47
40950,84502,12
40962,1233,6
40962,105148,18
40974,1818,7
40974,19528,29
40974,23807,31
40974,26180,14
40974,34033,289
40974,47971,6
40974,48831,8
40974,108426,14
40974,109453,11
40974,110475,19
40974,113647,12
40974,137511,7
40974,137795,38
40986,53961,24
40986,104830,6
41000,118362,26
41000,137009,60
41005,32288,37
41005,32290,45
41005,32292,15
41041,120162,93
41041,162630,8
41046,39901,49
41046,105336,9
41047,123734,238
41047,128330,61
41052,45422,8
41052,110138,135
41052,116387,16
41052,136641,12
41079,105445,83
41079,147091,11
41083,8197,62
41083,106243,64
41083,117074,8
41087,59159,24
41087,117849,15
41097,1726,9
41097,15737,22
41097,38773,20
41097,105758,17
41097,111169,6
41097,115265,660
41097,115282,48
41097,115294,9
41097,115298,6
41106,116401,15
41106,122933,369
41117,104554,180
41117,113580,9
41117,126578,12
41122,13827,12
41122,13829,15
41122,110764,70
41127,87580,210
41127,134398,8
41139,70679,351
41139,163587,111
41142,30809,28
41142,114315,71
41153,85639,837
41153,85641,36
41159,30916,14
41159,108139,9
41187,121160,9
41187,121163,18
41268,47950,59
41268,80636,15
41306,56248,21
41306,142509,29
41307,50184,43
41307,50185,27
41307,111193,966
41309,110032,38
41309,110053,6
41317,60252,21
41317,60253,18
41330,13827,25
41330,70863,25
41330,110764,174
41337,145122,14
41337,163747,52
41337,164032,6
41341,59292,38
41341,112584,10
41358,68954,44
41358,68955,18
41358,138539,57
41366,83521,28
41366,106242,6
41366,122857,240
41372,63,6
41372,105346,417
41372,144335,11
41385,104887,10
41385,130325,49
41393,113647,17
41393,115503,19
41410,122057,101
41410,126348,7
41411,10750,21
41411,13239,340
41411,13245,14
41411,113590,57
41419,105414,180
41419,105415,18
41444,8882,72
41444,105545,53
41444,109939,6
41449,36885,40
41449,46980,20
41464,104940,32
41464,108240,6
41464,109084,27
41469,49948,340
41469,83203,40
41469,116369,60
41469,126514,20
41485,2502,8
41485,7188,51
41485,25765,7
41485,65754,670
41485,133240,7
41485,163626,75
41487,19716,6
41487,47742,6
41487,73429,18
41487,114247,97
41487,134718,8
41516,47977,50
41516,82582,6
41572,51076,197
41572,51078,25
41572,120789,10
41604,432,192
41604,104557,337
41609,105098,654
41609,105262,45
41609,105568,108
41609,105765,6
41609,108179,8
41628,8195,12
41628,8197,57
41628,115912,37
41640,762,42
41640,104796,78
41640,104809,6
41656,6287,21
41656,108546,17
41669,85654,39
41669,85655,10
41678,9405,47
41678,110885,9
41681,34028,42
41681,83608,6
41688,121508,31
41688,121509,7
41699,2330,261
41699,105968,47
41699,105973,10
41714,104664,18
41714,120600,66
41720,34671,11
41720,134464,106
41720,134465,13
41720,134467,6
41734,27923,17
41734,69919,27
41737,45430,19
41737,135512,227
41741,148022,6
41741,161690,19
41745,28436,24
41745,28437,22
41745,28438,186
41745,28439,57
41753,30824,6
41753,49491,69
41753,125034,10
41758,36885,32
41758,46980,12
41761,113580,60
41761,113646,249
41761,148898,39
41763,84217,18
41763,160832,8
41764,45352,2586
41764,45356,11
41764,116799,140
41764,122255,6
41770,44691,66
41770,133824,6
41823,49058,108
41823,106441,124
41823,120331,11
41823,126578,274
41823,135157,8
41823,146344,72
41829,105529,765
41829,105696,8
41848,39650,27
41848,105434,53
41849,109224,10
41849,109538,94
41884,74308,7
41884,115338,72
41906,105722,11
41906,110764,30
41910,24311,6
41910,105402,16
41932,21459,6
41932,21471,9
41932,21472,56
41932,21476,65
41932,21477,17
41932,21478,8
41932,21479,36
41932,21481,20
41932,21482,38
41932,21483,93
41932,21484,6
41932,115944,6
41932,119413,8
41932,119419,68
41932,119423,12
41932,119426,6
41937,110488,34
41937,115484,8
41938,14777,18
41938,21334,338
41938,21350,6
41938,32824,8
41938,119327,16
41938,119341,8
41953,14655,28
41953,20252,7
41953,50435,51
41953,119273,20
41953,138830,388
41953,138831,56
41953,138832,18
41953,138835,39
41969,106482,15
41969,116058,136
41978,19167,42
41978,117720,38
41988,65159,11
41988,148349,32
41993,131720,22
41993,144526,168
41993,159696,40
42004,1908,108
42004,11096,23
42004,46070,98
42004,82968,157
42004,120233,77
42004,121577,332
42004,123073,7
42004,131133,26
42004,135932,580
42004,135934,38
42004,135936,7
42025,108323,15
42025,115101,139
42033,1505,8
42033,2223,7
42033,73723,8
42033,105098,18
42033,105827,252
42033,106092,7
42033,106313,10
42033,108179,70
42033,163804,10
42036,39899,16
42036,62656,6
42036,105207,9
42036,105443,89
42036,109193,6
42036,117828,22
42036,134408,168
42049,33956,82
42049,80809,7
42049,128023,184
42061,31014,15
42061,42599,15
42061,105207,8
42061,108179,80
42061,116781,14
42068,87266,7
42068,162748,52
42083,1221,6
42083,8163,7
42083,105734,12
42083,121581,6
42095,69919,7
42095,106243,59
42111,6615,10
42111,21300,231
42115,9110,8
42115,120084,700
42131,26695,9
42131,40628,7
42131,70534,25
42131,83846,6
42131,112091,9
42131,128656,6
42131,131000,6
42131,131720,20
42131,144526,319
42131,151387,24
42131,160468,32
42131,160469,167
42131,160472,9
42131,160473,7
42132,26520,117
42132,26527,89
42132,88138,8
42135,512,6
42135,12607,67
42135,17503,90
42135,22661,6
42135,22677,10
42135,42526,8
42135,75226,10
42135,105371,149
42135,106059,51
42135,108153,34
42135,108154,48
42135,108240,14
42135,109328,731
42135,111009,217
42135,113137,18
42135,113144,8
42135,113149,342
42135,113150,12
42135,113154,6
42135,113155,39
42135,116507,8
42135,120225,64
42135,125514,120
42135,125517,6
42144,29599,30
42144,29601,77
42156,85343,6
42156,139318,234
42163,26226,57
42163,104450,8
42183,2093,341
42183,13447,15
42183,19524,12
42183,82320,20
42183,121362,7
42184,106513,17
42184,108154,7
42184,111009,1088
42184,113145,63
42184,117611,6
42184,117612,13
42229,57698,13
42229,57714,10
42229,105853,99
42229,110786,218
42229,114308,6
42229,143458,217
42229,143460,115
42229,143471,6
42229,143473,7
42229,143482,34
42234,65454,2327
42234,65462,452
42234,65466,6
42234,65467,10
42234,65468,10
42234,65473,238
42234,65477,10
42234,65483,32
42234,65489,9
42234,139026,596
42234,148536,203
42234,148537,662
42234,148539,350
42234,148540,491
42234,148541,45
42234,148542,482
42234,148543,17
42234,148544,30
42234,148549,134
42234,148550,39
42234,148551,29
42234,148553,22
42234,148556,9
42234,148557,16
42248,111035,37
42248,121803,172
42248,131969,16
42260,38519,6
42260,130889,63
42277,58581,25
42277,58582,42
42280,8091,67
42280,8092,14
42306,29456,68
42306,33768,21
42339,146046,7
42339,146047,39
42342,24851,8
42342,109120,208
42342,110384,6
42342,121678,32
42356,133952,6
42356,139330,42
42362,62159,187
42362,109042,8
42362,109804,19
42362,110764,262
42370,106472,12
42370,106473,6
42370,110124,7
42373,1714,40
42373,104940,30
42375,17282,257
42375,17301,44
42375,116364,8
42380,13132,88
42380,113511,45
42418,34033,128
42418,45899,56
42418,116740,11
42427,104940,62
42427,106323,226
42427,146281,26
42428,8679,30
42428,17796,9
42428,18804,145
42428,51338,7
42428,109413,9
42428,117452,16
42428,117461,6
42439,19662,44
42439,19663,40
42440,23053,17
42440,23057,7
42493,53067,11
42493,105355,156
42531,2300,161
42531,2304,33
42539,47583,7
42539,48760,7
42546,57602,8
42546,69787,637
42547,36501,6
42547,47742,15
42547,73429,83
42547,105681,8
42547,114247,111
42547,114250,16
42548,32546,51
42548,119188,88
42563,129701,10
42563,163871,730
42563,164130,7
42578,105313,132
42578,105620,139
42578,109541,16
42578,126440,11
42625,51886,17
42625,139799,33
42636,54991,57
42636,58382,14
42638,582,56
42638,2343,7
42638,2919,23
42638,8339,457
42638,13732,54
42638,18635,43
42638,31014,18
42638,46686,27
42638,66663,21
42638,66667,19
42638,66683,7
42638,66708,8
42638,106089,7
42638,109570,7
42638,110466,7
42638,112106,6
42638,115249,28
42638,115547,1940
42638,115637,10
42638,117350,42
42638,122625,25
42638,126684,16
42638,136592,7
42638,136981,17
42638,140365,23
42638,143598,22
42638,149285,23
42638,149289,19
42638,149305,19
42638,149310,9
42638,149311,8
42662,88967,36
42662,164212,138
42673,116276,116
42673,116281,8
42681,116464,37
42681,116629,8
42681,125609,16
42681,130981,457
42681,130982,26
42696,65514,9
42696,65515,9
42696,104480,696
42696,105107,7
42696,109142,268
42696,148573,9
42696,148575,7
42699,32333,133
42699,109344,132
42711,13732,29
42711,125168,167
42720,76123,22
42720,155687,48
42727,1441,1037
42727,34021,410
42727,37243,29
42727,37247,65
42727,88138,12
42727,104892,240
42727,113149,9
42727,113661,88
42727,120191,10
42727,122145,12
42727,126880,233
42727,130028,700
42727,130029,53
42727,130035,12
42727,130039,24
42727,130040,176
42739,15442,7
42739,68996,7
42739,89324,7
42739,104448,6
42739,105551,20
42739,163727,9
42739,163763,323
42739,164409,9
42762,14568,6
42762,114492,87
42762,154450,15
42763,60166,18
42763,145116,36
42788,43733,45
42788,43736,37
42788,43740,28
42788,43742,19
42788,43756,6
42788,43760,19
42788,125530,773
42788,134339,110
42792,105056,62
42792,126422,29
42792,126424,8
42792,126425,7
42834,34028,71
42834,66208,7
42852,105726,91
42852,150249,43
42853,24868,12
42853,108148,28
42862,46021,10
42862,75625,17
42862,119069,121
42868,23390,78
42868,23800,143
42868,23801,107
42868,23802,14
42870,48232,7
42870,137389,6
42900,14800,1131
42900,114701,62
42900,114703,39
42920,6723,7
42920,13149,90
42920,13151,92
42920,13169,24
42920,105059,7
42920,108899,54
42920,108912,13
42920,108915,30
42920,108940,264
42920,113530,7
42920,113533,25
42920,113535,15
42920,113537,24
42920,113548,9
42926,52901,20
42926,140456,17
42934,17827,26
42934,17832,62
42941,38391,9
42941,104493,13
42941,104887,23
42941,105529,16
42941,108179,350
42941,108461,11
42941,110153,10
42951,32632,22
42951,32633,12
42951,106346,6
42952,20023,7
42952,118356,59
42966,3001,22
42966,7188,7
42966,8174,25
42966,18247,11
42966,43570,23
42966,58068,95
42966,63373,16
42966,63374,21
42966,73745,7
42966,104946,8
42966,105315,10
42966,106056,17
42966,106065,314
42966,106195,108
42966,106232,151
42966,106238,47
42966,108179,60
42966,109006,8
42966,114301,8
42966,124241,9
42966,128506,7
42966,137580,6
42966,143730,6
42966,143742,11
42966,143749,10
42966,143751,9
42966,143757,10
42996,20027,323
42996,38428,232
42996,116540,7
42996,130825,81
42996,130828,77
42996,130830,16
43013,109296,35
43013,130549,12
43054,50463,29
43054,59481,12
43054,138857,75
43054,144629,18
43054,144630,17
43057,49059,8
43057,62159,13
43057,114426,17
43090,15417,13
43090,117590,88
43125,122031,4533
43125,150238,6
43125,150240,6
43125,150242,6
43142,1594,10
43142,2095,91
43142,26747,119
43142,34265,7
43142,43053,10
43142,51756,11
43142,51761,6
43142,51789,6
43142,62895,46
43142,66917,13
43142,104887,10
43142,104945,33
43142,105262,265
43142,105445,17
43142,105569,7
43142,105692,9
43142,105902,1176
43142,108248,6
43142,110726,9
43142,114114,6
43142,114125,8
43142,119568,17
43142,122550,7
43142,126022,7
43142,126628,7
43142,127832,7
43142,133117,6
43142,133366,6
43142,137287,32
43142,137738,7
43142,138297,16
43142,139704,6
43142,139715,6
43142,139716,6
43142,139719,9
43142,139732,6
43144,40555,31
43144,110764,22
43144,132148,17
43160,13169,37
43160,58617,10
43164,50418,1359
43164,50419,35
43165,50939,30
43165,105792,9
43169,37825,274
43169,70692,50
43169,125955,6
43194,115491,6
43194,143376,26
43216,43266,198
43216,134023,36
43218,1441,14
43218,73429,7
43218,109483,39
43242,60064,29
43242,136275,23
43291,48760,12
43291,127437,7
43291,145289,11
43309,19536,8
43309,117331,235
43337,26238,49
43337,26240,23
43337,26241,9
43351,110343,125
43351,163729,7
43399,13808,116
43399,109217,290
43403,18323,69
43403,88643,36
43403,88644,22
43460,13718,23
43460,113939,10
43462,56259,55
43462,56260,17
43462,142517,17
43483,21418,14
43483,162984,42
43487,63373,175
43487,127474,44
43489,131286,647
43489,138635,10
43506,20603,52
43506,43109,33
43506,60928,10
43506,60972,9
43506,60983,9
43506,105228,72
43506,110420,19
43506,115145,11
43506,117153,7
43506,122435,10
43506,122942,17
43506,133754,6
43506,136681,8
43506,145572,936
43506,145575,14
43506,145578,8
43506,145579,10
43506,145592,8
43506,145607,44
43506,145612,10
43506,145613,11
43506,145616,10
43506,145621,7
43506,145622,10
43510,74700,24
43510,154774,10
43527,104447,182
43527,109307,11
43527,127068,7
43529,57239,143
43529,57241,129
43529,57242,22
43537,78285,22
43537,78287,29
43542,87693,62
43542,113285,7
43549,56490,16
43549,56492,57
43569,83054,25
43569,83055,151
43569,160070,48
43577,65953,46
43577,78829,25
43577,78831,285
43577,109085,972
43577,117745,71
43577,157419,11
43590,1889,14
43590,7101,14
43590,15860,8
43590,43847,8
43590,72245,6
43590,105799,22
43590,106309,60
43590,107032,15
43590,108179,57
43590,110313,10
43590,115839,14
43590,116574,6
43590,116749,31
43590,119819,11
43590,152580,12
43605,60523,29
43605,130210,377
43616,51564,7
43616,51567,34
43636,2538,132
43636,8202,11
43643,25001,12
43643,25003,19
43643,25004,11
43643,121833,6
43643,121834,41
43644,6723,15
43644,13149,27
43644,13151,58
43644,13169,28
43644,105059,10
43644,108899,26
43644,108912,31
43644,108913,14
43644,108915,30
43644,108940,251
43644,113535,18
43644,113553,6
43676,2050,104
43676,28902,27
43676,30576,22
43676,33042,7
43676,33048,140
43676,33055,30
43676,33060,18
43676,48331,14
43676,52831,12
43676,56440,10
43676,61747,6
43676,104551,23
43676,105055,12
43676,105852,227
43676,108397,1124
43676,109396,12
43676,109439,49
43676,109485,12
43676,110198,69
43676,114489,87
43676,114520,11
43676,115503,222
43676,115763,7
43676,118963,29
43676,122413,42
43676,126512,8
43676,127391,18
43676,127392,54
43676,127394,47
43676,127395,12
43676,127396,98
43676,127398,42
43676,127409,27
43681,9586,11
43681,28195,6
43681,127098,277
43713,40969,14
43713,124551,49
43728,58712,6
43728,105339,99
43733,12641,1032
43733,62567,684
43733,62572,1805
43733,62576,6
43733,62583,6
43733,62590,42
43733,117117,8
43733,146628,1562
43733,146630,1564
43733,146652,6
43733,146653,6
43733,146656,7
43733,146666,8
43749,14526,14
43749,14536,8
43756,104926,22
43756,104931,47
43776,133625,8
43776,133627,31
43782,65979,135
43782,105502,54
43794,22601,140
43794,120180,38
43812,105002,17
43812,114185,124
43826,15175,28
43826,54101,21
43851,79247,46
43851,133498,18
43859,34033,18
43859,74983,8
43859,74986,76
43859,154956,129
43863,8424,9
43863,43733,8
43863,43736,9
43863,43742,13
43863,125530,96
43863,134339,23
43870,123924,234
43870,140362,14
43870,140364,14
43871,105608,50
43871,113241,7
43871,121231,32
43871,121241,24
43871,131805,29
43871,143464,20
43871,156716,8
43871,156717,6
43889,7869,11
43889,9344,82
43889,20073,264
43889,37869,8
43889,39901,7
43889,45824,23
43889,45825,8
43889,74308,16
43889,104597,6
43889,105262,10
43889,105328,25
43889,105568,6
43889,106381,68
43889,114115,13
43889,135771,19
43900,109517,186
43900,148729,7
43907,882,205
43907,138814,11
43909,42918,178
43909,51638,18
43910,30163,7
43910,89429,32
43910,89431,11
43910,109401,220
43910,130649,203
43910,134024,34
43910,163691,900
43910,163806,200
43929,36907,30
43929,105651,145
43929,123011,11
43929,129818,269
43929,129819,45
43933,14580,14
43933,20073,112
43933,45840,6
43933,45841,6
43933,104554,12
43933,104961,30
43933,105328,71
43933,106381,26
43933,108703,18
43933,113850,45
43933,127485,17
43933,127517,33
43933,135744,10
43933,135781,26
43933,135785,6
43933,135786,6
43958,48627,563
43958,137664,6
43958,137667,8
44007,62002,47
44007,62003,19
44033,18563,60
44033,18566,48
44033,105445,6
44033,117296,48
44033,117297,281
44033,117301,11
44033,117302,9
44034,81224,916
44034,81228,151
44034,81252,8
44034,81260,79
44034,81281,6
44034,81292,14
44034,81296,10
44034,81297,31
44034,81298,7
44034,107927,10
44034,113429,6
44034,122964,15
44034,123498,6
44034,158912,2167
44034,158915,35
44034,158922,38
44034,158933,6
44034,158947,15
44034,158954,13
44044,85515,23
44044,109184,12
44054,104802,10
44054,106178,260
44055,105332,512
44055,150932,1111
44058,7020,11
44058,116014,193
44067,26489,84
44067,26490,6
44067,108854,377
44079,7207,11
44079,8952,9
44079,8954,10
44079,8966,18
44079,8968,7
44079,8978,25
44079,13672,6
44079,15479,6
44079,18017,22
44079,18228,8
44079,22126,12
44079,22170,7
44079,24098,9
44079,39083,19
44079,42656,16
44079,60318,11
44079,104665,7
44079,105204,10
44079,105360,9
44079,105941,348
44079,106381,68
44079,107324,11
44079,109047,22
44079,109099,32
44079,109265,7
44079,109390,19
44079,109392,8
44079,109489,35
44079,109853,29
44079,110368,9
44079,110561,352
44079,110565,11
44079,110566,48
44079,110571,15
44079,110575,7
44079,110839,503
44079,112584,7
44079,113816,28
44079,113832,7
44079,116440,7
44079,116918,7
44079,117754,7
44079,119815,11
44079,119824,12
44079,119850,13
44079,119853,6
44079,119856,37
44079,119859,133
44079,119869,11
44079,119872,17
44079,119885,18
44079,119892,16
44079,131009,11
44079,154475,12
44079,154489,6
44081,7379,215
44081,116540,63
44100,1233,514
44100,27219,11
44100,32987,35
44100,52202,23
44100,54059,10
44100,74223,6
44100,74308,467
44100,74309,11
44100,74310,497
44100,74909,8
44100,84168,6
44100,104760,6
44100,104940,6
44100,104944,9
44100,105363,6
44100,105370,11
44100,105448,9
44100,105726,8
44100,108450,12
44100,110445,49
44100,117743,6
44100,118661,64
44100,130969,40
44128,66806,18
44128,148832,23
44128,149379,24
44161,70248,7
44161,146827,537
44209,60582,6
44209,109053,176
44209,109228,20
44209,144984,48
44223,1885,55
44223,105537,18
44223,106400,36
44226,17503,6
44226,108154,6
44268,106442,85
44268,127729,9
44277,68628,39
44277,104500,23
44287,108233,7
44287,127721,37
44290,27650,58
44290,127068,186
44300,32985,16
44300,34028,16
44300,39904,6
44300,105556,21
44300,106065,163
44300,106238,14
44300,108703,26
44300,109698,41
44300,109998,316
44300,114116,36
44300,115067,13
44300,131650,21
44300,152659,22
44303,43769,14
44303,110113,35
44306,33329,13
44306,127596,38
44313,29639,12
44313,29641,18
44313,29646,10
44313,29657,56
44313,63864,46
44313,118908,26
44313,123010,10
44313,125053,38
44313,125084,11
44330,106442,11
44330,118860,8
44332,34562,25
44332,128406,8
44333,123762,76
44333,123763,6
44338,45323,21
44338,73429,9
44338,105142,7
44338,130657,19
44338,134714,7
44374,105152,16
44374,106441,561
44379,105549,8
44379,111041,17
44413,43235,19
44413,106442,308
44413,106823,62
44413,118860,51
44413,127732,7
44413,127736,40
44425,15546,10
44425,104568,25
44438,104480,7
44438,109142,11
44438,150447,93
44438,150448,6
44488,1714,45
44488,104940,32
44506,104493,206
44506,109985,12
44551,9572,332
44551,9603,18
44551,30163,6
44569,29426,406
44569,106471,228
44582,2630,19
44582,5727,8
44582,6098,58
44582,8197,8
44582,13071,26
44582,20039,91
44582,28075,1141
44582,31680,15
44582,45841,10
44582,48041,12
44582,51821,7
44582,65801,6
44582,71968,16
44582,74210,335
44582,74223,482
44582,74990,16
44582,104903,13
44582,105098,9
44582,105207,8
44582,105370,16
44582,105720,32
44582,106199,12
44582,106211,55
44582,106274,47
44582,108179,246
44582,109254,9
44582,109319,6
44582,109493,12
44582,110396,6
44582,115187,14
44582,115382,6
44582,115596,15
44582,118057,6
44582,119843,17
44582,122891,13
44582,126779,15
44582,153108,8
44582,153816,7
44582,154433,13
44582,154438,7
44592,88137,28
44592,122857,11
44594,1889,8
44594,110378,189
44602,20027,8
44602,126771,8
44621,68742,1229
44621,68748,8
44621,68766,10
44621,68802,16
44621,106010,719
44621,114381,13
44621,139429,78
44621,150669,11
44621,150674,131
44621,150679,38
44621,150684,31
44621,150688,154
44621,150689,11
44621,150692,30
44621,150706,76
44621,150730,331
44643,53081,77
44643,140574,694
44673,8840,188
44673,46635,40
44673,50085,13
44673,56687,7
44673,81834,110
44673,81835,7
44673,147431,87
44676,47827,64
44676,137115,6
44679,26022,1201
44679,58661,66
44679,58662,112
44679,144110,177
44687,24267,473
44687,24271,24
44687,24272,19
44687,121342,7
44697,49647,8
44697,118747,412
44739,38505,118
44739,139248,14
44748,30634,32
44748,40378,40
44748,55287,8
44750,2315,24
44750,105954,10
44760,106441,9
44760,118989,50
44760,119082,16
44767,50866,10
44767,104490,280
44778,114431,16
44778,118966,338
44778,130351,14
44788,70796,6
44788,109951,175
44790,64458,11
44790,110344,9
44790,114587,7
44790,116117,24
44790,116816,13
44790,121472,1771
44790,163691,21
44802,8071,48
44802,26181,51
44803,37392,178
44803,62522,57
44810,21785,33
44810,72220,34
44816,116014,301
44816,144798,8
44828,18129,22
44828,29597,9
44840,32358,78
44840,126948,6
44846,134032,20
44846,134034,34
44850,30576,14
44850,48331,21
44856,68637,27
44856,68642,62
44860,36553,13
44860,69971,14
44891,21210,6
44891,44691,22
44903,59159,92
44903,119273,34
44903,163830,6
44929,119974,12
44929,127854,41
44931,49225,6
44931,49226,7
44932,53230,28
44932,140668,114
44933,106075,40
44933,110001,10
44939,61,33
44939,63,24
44947,105372,316
44947,110142,27
44951,25893,313
44951,43257,8
44951,110805,6
44951,116231,15
44973,87210,12
44973,87212,22
45004,1714,48
45004,104940,28
45004,108133,13
45009,34033,32
45009,104664,6
45022,1919,10
45022,24109,21
45022,48944,19
45022,105726,1488
45075,52799,22
45075,89069,16
45097,6104,317
45097,69919,10
45097,74195,148
45097,111044,13
45097,121746,12
45097,125954,21
45097,136778,24
45112,58645,8
45112,144099,8
45114,114449,10
45114,116540,89
45127,17503,10
45127,108154,23
45130,38282,7
45130,119823,308
45130,130732,8
45130,130733,15
45130,130734,18
45131,13658,29
45131,34636,6
45131,124866,50
45142,24919,93
45142,39275,212
45216,33073,16
45216,68996,7
45216,73823,11
45216,74223,9
45216,105014,12
45216,106243,130
45216,109772,7
45216,125549,20
45216,154177,6
45223,106452,24
45223,122413,16
45228,106185,99
45228,123869,33
45240,104962,12
45240,110314,40
45240,115909,7
45242,116227,7
45242,158035,566
45242,160656,8
45244,82712,110
45244,82713,184
45244,82716,116
45244,159847,35
45244,159851,27
45248,50171,34
45248,138661,12
45250,21435,67
45250,119397,196
45255,120793,13
45255,131799,78
45262,105227,7
45262,143272,29
45267,25375,111
45267,105674,40
45267,109744,7
45275,109566,18
45275,116407,10
45287,21180,603
45287,34671,122
45287,43931,57
45287,43942,133
45287,43948,14
45287,43950,31
45287,43952,93
45287,118385,156
45287,120171,2505
45287,126555,2078
45287,134460,1542
45287,134461,3300
45287,134464,25
45287,134465,325
45287,134469,7
45287,134472,99
45287,134473,17
45287,134475,7
45287,134482,157
45315,30809,77
45315,125895,8
45341,116614,146
45341,117005,11
45345,8815,329
45345,50227,50
45361,20600,11
45361,20603,106
45363,78179,17
45363,105462,43
45363,135794,15
45363,157009,6
45370,105734,18
45370,110843,76
45372,104763,17
45372,130763,14
45373,25375,375
45373,74310,6
45373,114480,94
45374,13260,108
45374,80550,8
45374,80554,28
45374,80557,14
45374,104722,222
45374,107927,8
45374,113604,36
45374,158488,21
45374,158492,20
45374,158495,6
45390,105407,29
45390,110038,97
45390,159274,37
45393,1714,10
45393,104940,16
45398,14400,14
45398,62159,6
45398,109270,17
45400,1793,6
45400,118958,12
45400,131292,578
45401,74904,6
45401,74906,291
45401,120847,14
45430,80454,9
45430,114079,8
45436,26248,38
45436,57291,6
45438,82504,17
45438,82505,12
45469,226,37
45469,2343,27
45469,6242,29
45469,21967,13
45469,22677,8
45469,27486,13
45469,51324,383
45469,104962,17
45469,106205,12
45469,108389,7
45469,109480,8
45469,113560,19
45469,113983,7
45469,114289,76
45469,118070,6
45469,134460,8
45469,139439,7
45469,139450,13
45469,139451,34
45469,150543,6
45483,42638,9
45483,82432,28
45483,105891,110
45483,108114,54
45483,109557,7
45515,105334,1650
45515,110113,7
45515,140483,16
45517,18131,6
45517,62232,1471
45517,130857,10
45525,19716,64
45525,19722,75
45561,104996,10
45561,111102,80
45584,68004,61
45584,68005,14
45584,68006,287
45584,150211,335
45618,7101,300
45618,8578,39
45618,13071,6
45618,105568,9
45618,109224,46
45622,7838,11
45622,105852,8
45622,108397,60
45645,89310,55
45645,155636,28
45652,2293,8
45652,14499,27
45652,14500,27
45652,14505,35
45652,14536,101
45652,14550,8
45652,30865,11
45652,34899,158
45652,74310,12
45652,105231,21
45652,114479,17
45652,114486,11
45652,114488,15
45652,114489,50
45652,114490,38
45652,114492,46
45652,114501,6
45652,114502,6
45652,114507,8
45652,114515,18
45673,6170,66
45673,56332,41
45673,56417,6
45673,56423,7
45673,63102,11
45673,107312,217
45673,111024,19
45673,127464,7
45673,136066,4800
45673,142557,29
45673,142558,12
45673,142576,10
45673,142582,10
45673,142583,34
45673,142584,10
45673,142598,9
45673,142600,7
45673,142605,16
45673,142608,10
45673,142636,9
45673,142656,9
45673,142658,22
45673,163727,19
45702,7447,16
45702,41458,313
45702,105055,26
45702,120742,8
45702,134071,58
45703,116290,6
45703,121472,164
45706,113647,199
45706,122567,12
45729,114273,38
45729,127766,111
45751,89337,45
45751,164419,19
45764,14172,167
45764,109367,7
45771,109883,7
45771,117585,10
45793,70342,7
45793,88826,23
45797,13177,58
45797,32034,21
45797,113544,27
45797,126722,12
45797,126727,10
45805,7002,8
45805,15240,34
45805,15244,72
45805,15248,158
45805,15322,17
45805,15327,6
45805,110305,201
45805,114595,316
45805,114926,386
45805,114942,536
45805,114944,58
45805,114950,37
45805,114958,8
45810,66761,6
45810,110112,244
45810,125683,13
45814,51130,23
45814,77207,37
45815,47141,9
45815,131575,88
45828,21897,7
45828,108152,177
45834,104547,333
45834,109042,11
45834,116964,7
45834,133770,9
45840,120608,17
45840,151579,10
45872,135725,84
45872,142482,31
45880,144526,34
45880,160480,6
45891,20900,8
45891,113580,237
45896,105093,352
45896,159672,7
45902,104895,297
45902,122745,17
45931,13732,52
45931,15599,16
45931,16102,26
45931,39473,285
45931,39477,46
45931,104763,36
45931,104814,9
45931,104816,14
45931,105763,8
45931,111856,18
45931,113998,26
45931,125880,101
45931,130590,17
45931,131454,7
45931,131459,6
45931,131462,8
45931,131471,290
45931,131472,41
45931,131474,20
45933,25596,22
45933,122232,9
45941,135454,286
45941,146698,19
45948,1714,18
45948,104940,18
45956,81512,6
45956,81513,783
45957,19652,13
45957,116961,72
45974,26851,61
45974,114319,6
45974,123075,23
45992,60939,42
45992,85337,22
46019,115911,8
46019,126917,19
46019,140603,2117
46019,140604,8
46039,40026,70
46039,131438,6
46042,13827,22
46042,110764,27
46046,13658,1405
46046,34605,23
46046,34636,68
46046,76028,6
46046,105955,16
46046,118798,7
46046,128430,6
46046,128432,18
46046,128435,6
46062,62051,44
46062,105448,144
46062,125819,16
46083,22255,16
46083,22257,15
46083,105257,30
46085,32333,16
46085,109344,87
46123,24083,12
46123,24085,6
46123,105951,320
46123,117076,14
46123,119376,156
46123,121043,46
46126,68314,11
46126,68315,17
46126,68316,14
46126,115901,151
46126,130749,41
46126,150395,136
46126,150402,8
46126,150403,6
46130,115023,9
46130,140936,6
46132,50484,7
46132,50485,10
46136,15175,41
46136,54101,26
46136,127484,12
46138,104761,7
46138,105541,39
46177,26649,21
46177,43053,217
46177,82432,50
46179,105147,6
46179,105859,96
46191,104996,143
46191,105218,153
46191,105568,17
46191,109278,12
46191,110485,57
46191,111102,319
46191,115548,9
46191,115552,10
46191,115553,7
46191,115559,6
46222,16349,16
46222,110475,936
46229,53778,62
46229,74305,6
46229,163761,6
46288,39428,26
46288,39429,20
46288,131427,14
46289,1571,12
46289,127902,102
46304,65086,73
46304,65089,8
46304,65090,6
46304,105703,47
46304,148304,274
46317,39440,6
46317,83649,43
46317,122255,21
46319,30183,74
46319,105093,13
46363,2165,64
46363,5678,45
46363,30809,319
46363,86800,7
46363,105362,189
46363,121728,6
46363,121738,7
46368,11111,7
46368,55823,628
46368,142248,24
46369,14400,109
46369,17707,11
46369,20177,7
46369,34242,74
46369,49058,376
46369,52344,15
46369,61859,6
46369,62159,257
46369,105059,183
46369,105060,12
46369,105229,6
46369,105668,7
46369,106441,217
46369,109097,14
46369,110578,55
46369,113170,18
46369,113582,11
46369,114359,18
46369,114426,57
46369,114434,18
46369,118986,12
46369,118989,155
46369,120302,17
46369,122713,29
46369,126578,18
46369,163720,8
46370,127359,20
46370,140653,485
46407,63,236
46407,7214,18
46407,7777,64
46407,43401,16
46407,54528,6
46418,99,16
46418,45422,26
46433,226,27
46433,7214,9
46433,7229,9
46433,9144,8
46433,9552,21
46433,16149,8
46433,18098,31
46433,20030,10
46433,20603,15
46433,23452,31
46433,23502,7
46433,23505,89
46433,23607,8
46433,23676,10
46433,31815,175
46433,49107,10
46433,67024,23
46433,104612,253
46433,104656,6
46433,104903,6
46433,105093,17
46433,105166,16
46433,105704,6
46433,105776,17
46433,105819,11
46433,105851,20
46433,106089,14
46433,106217,131
46433,106252,12
46433,109068,21
46433,110617,9
46433,110764,2086
46433,111044,7
46433,114344,1940
46433,114608,422
46433,115153,6
46433,117087,29
46433,117091,28
46433,118537,12
46433,120775,6
46433,120777,8
46433,120796,33
46433,120804,9
46433,120805,6
46433,120808,6
46433,120822,10
46433,120826,22
46433,120827,89
46433,120832,6
46433,120838,6
46433,120858,16
46433,120887,8
46433,163780,29
46433,163787,12
46454,116168,18
46454,137727,16
46458,56252,14
46458,105459,16
46471,1824,12
46471,18344,26
46471,39602,19
46471,39606,10
46471,108797,262
46471,127198,7
46471,131341,9
46512,164516,495
46512,164518,19
46535,40361,13
46535,105497,876
46535,106071,13
46535,113574,89
46535,118679,16
46536,43756,48
46536,68499,20
46536,150207,310
46541,6126,11
46541,24109,6
46541,77592,7
46541,104664,10
46541,105098,2388
46541,108179,8
46559,48760,18
46559,104761,8
46559,104877,471
46559,105571,7
46559,109089,8
46603,32285,6
46603,79743,754
46619,12635,30
46619,113176,14
46619,113177,6
46620,43678,43
46620,114536,108
46622,24416,30
46622,24417,43
46638,2095,8
46638,8591,14
46638,9572,34
46638,12582,6
46638,17282,280
46638,22320,25
46638,30183,7
46638,33358,6
46638,33377,25
46638,33394,8
46638,33417,14
46638,33424,12
46638,42638,1692
46638,42654,16
46638,42656,5006
46638,52831,7
46638,78831,12
46638,83413,26
46638,104482,19
46638,104653,6
46638,104761,43
46638,104769,29
46638,105107,53
46638,105373,8
46638,105449,12
46638,106015,54
46638,108715,29
46638,109058,769
46638,109283,14
46638,110066,68
46638,114748,36
46638,114749,10
46638,114962,18
46638,115334,93
46638,116364,29
46638,116370,31
46638,116371,8
46638,117707,704
46638,118650,92
46638,120369,16
46638,121122,1402
46638,122357,15
46638,122860,54
46638,122928,53
46638,123571,24
46638,123956,35
46638,127099,6
46638,127603,15
46638,127607,14
46638,127631,11
46638,127635,16
46638,127639,6
46638,127663,254
46638,127665,15
46638,127672,20
46638,127673,212
46638,163676,10
46638,163698,8
46638,163830,10
46660,68955,145
46660,138539,122
46670,33665,19
46670,33671,35
46670,105662,93
46670,163804,26
46676,6581,13
46676,6585,7
46684,29418,14
46684,29426,475
46684,67020,6
46743,29809,24
46743,104513,14
46751,6688,27
46751,6696,171
46751,6723,347
46751,6727,6
46751,6792,20
46751,108878,32
46751,108886,6
46789,8195,20
46789,8197,39
46791,226,13
46791,11671,7
46791,25747,11
46791,25752,8
46791,105363,12
46791,105780,203
46791,108240,917
46791,108588,7
46791,110115,27
46791,110384,7
46791,122336,44
46795,25968,7
46795,31578,676
46795,113140,25
46795,120699,11
46795,120701,10
46795,122484,204
46795,122485,17
46795,136551,12
46798,2987,7
46798,7229,7
46798,15546,8
46798,15670,16
46798,18335,10
46798,22887,22
46798,28902,25
46798,38129,9
46798,46327,9
46798,49387,9
46798,52831,65
46798,74473,13
46798,74477,9
46798,85988,21
46798,105686,32
46798,105908,15
46798,105951,41
46798,106075,457
46798,106426,12
46798,108179,1574
46798,108725,17
46798,109958,39
46798,110351,11
46798,113241,8
46798,113609,10
46798,114447,21
46798,116400,9
46798,116401,63
46798,116407,11
46798,119534,23
46798,121578,12
46798,124830,73
46798,125403,12
46798,127406,7
46798,131319,11
46798,132452,53
46798,134504,24
46798,141535,7
46798,143901,6
46798,149503,11
46798,152303,9
46798,154613,11
46798,154615,17
46798,154618,9
46798,154621,20
46798,154624,7
46798,154627,24
46798,154635,15
46811,7447,96
46811,109468,7
46821,70509,168
46821,85735,87
46821,85737,9
46821,132522,19
46821,161785,243
46821,161786,7
46821,161788,20
46821,161791,7
46822,32619,12
46822,32621,17
46822,32622,168
46822,32625,7
46822,108680,54
46838,9541,100
46838,42477,6
46857,8861,36
46857,8866,37
46857,8871,7
46857,8877,7
46857,83459,22
46857,109727,94
46857,110503,85
46858,104476,8
46858,106360,8
46865,105841,9
46865,106252,57
46865,108270,7
46865,127953,47
46865,151898,8
46871,7214,16
46871,39685,243
46871,131614,6
46872,18510,116
46872,105780,16
46875,29864,53
46875,36314,110
46875,43008,45
46875,60388,335
46875,125249,20
46875,133270,37
46875,137239,10
46875,145250,12
46877,28157,7
46877,38949,22
46877,79636,44
46877,108935,26
46877,124019,191
46877,157892,40
46877,157893,11
46880,104550,73
46880,104551,26
46880,104553,38
46884,44192,95
46884,44194,122
46900,15280,55
46900,137175,6
46922,8936,11
46922,105184,164
46923,20090,7
46923,29262,19
46923,34028,13
46923,83318,27
46923,105315,6
46923,105367,11
46923,105827,352
46923,107927,9
46923,108179,59
46923,109084,383
46923,109319,6
46923,109539,8
46923,110000,11
46923,110170,22
46923,113980,22
46923,116668,6
46923,118597,12
46923,120467,6
46923,122384,40
46930,13169,20
46930,18277,7
46930,58617,8
46940,66208,42
46940,141015,39
46942,31558,337
46942,109341,7
46948,75893,6
46948,109538,66
46949,8023,13
46949,66179,24
46967,115092,7
46967,138787,77
46987,34265,19
46987,37791,363
46990,43740,6
46990,43756,16
46990,125530,165
46990,134339,208
46990,134343,10
46990,134360,7
47011,104471,78
47011,109493,8
47056,31691,95
47056,126468,106
47067,21943,12
47067,36804,14
47067,42214,47
47067,42223,50
47067,42228,752
47067,46457,36
47067,105319,6
47067,116550,10
47067,116885,19
47067,117150,22
47067,126062,8
47067,133317,165
47067,133320,6
47067,133324,11
47067,133326,9
47074,27072,4571
47074,27074,10
47074,27082,53
47074,27085,6
47074,27151,6
47074,34899,32
47074,36067,100
47074,105788,39
47074,106147,20
47074,106277,6
47074,109290,25
47074,116719,87
47074,118728,8
47074,123231,45
47074,123233,20
47074,123236,76
47074,123237,7
47074,123243,25
47074,123246,12
47074,123252,17
47074,123262,6
47074,123268,14
47074,123270,6
47074,123271,6
47074,123272,9
47074,123277,9
47074,123290,37
47074,123292,8
47074,128686,12
47082,31276,30
47082,104749,99
47097,8424,8
47097,21063,71
47097,56532,7
47097,109171,165
47097,109306,62
47097,110117,7
47111,16396,83
47111,39686,18
47111,39687,6
47111,163750,109
47112,125875,56
47112,126019,39
47113,1963,24
47113,113582,10
47116,23771,17
47116,43334,9
47116,55322,9
47116,79352,11
47116,104722,2749
47116,107927,56
47116,111029,38
47116,116476,64
47116,120985,51
47116,122886,144
47116,157751,24
47116,157752,8
47116,157753,192
47116,157754,11
47117,1908,17
47117,2488,6
47117,2493,9
47117,2565,35
47117,2586,7
47117,2606,6
47117,2630,10
47117,2767,41
47117,13799,8
47117,17707,10
47117,21418,28
47117,30163,15
47117,37630,12
47117,38628,7
47117,39901,25
47117,46507,28
47117,53262,10
47117,56804,23
47117,77207,9
47117,78718,51
47117,104670,33
47117,104761,6
47117,105325,6
47117,105780,11
47117,106056,833
47117,106059,10
47117,106068,7
47117,106071,16
47117,106072,7
47117,106075,376
47117,106081,13
47117,106088,6
47117,106092,12
47117,106102,6
47117,106104,34
47117,106105,15
47117,106133,7
47117,106140,8
47117,106146,13
47117,106150,6
47117,106154,15
47117,106164,8
47117,106169,7
47117,106172,247
47117,106194,8
47117,106210,6
47117,106226,6
47117,106234,54
47117,106263,7
47117,163698,18
47155,104513,101
47155,117716,6
47155,125168,31
47165,34505,49
47165,119260,14
47170,58316,8
47170,104480,59
47170,104906,47
47170,105142,726
47170,105146,39
47170,109810,6
47170,150586,47
47171,904,15
47171,1473,34
47171,1878,43
47171,2502,367
47171,12957,173
47171,26180,214
47171,30835,6
47171,42147,56
47171,83608,9
47171,104448,8
47171,105184,178
47171,105403,10
47171,109808,6
47171,110350,6
47171,113983,6
47171,116744,11
47171,122910,10
47171,125383,13
47171,127822,10
47171,132246,13
47171,133263,169
47171,133269,6
47177,105936,8
47177,127394,13
47177,138043,61
47186,1505,9
47186,6170,10
47186,13002,10
47186,33384,93
47186,43657,17
47186,48760,18
47186,56275,24
47186,56288,11
47186,104476,6
47186,104487,6
47186,104601,9
47186,104612,157
47186,104802,8
47186,104939,6
47186,105048,6
47186,105093,7
47186,105449,6
47186,105571,10
47186,106185,66
47186,106285,62
47186,106416,9
47186,106537,6
47186,106710,7
47186,107886,14
47186,108460,11
47186,109084,129
47186,109100,8
47186,109103,8
47186,109319,9
47186,109748,8
47186,109951,10
47186,110775,7
47186,113323,14
47186,113980,495
47186,114185,15
47186,114349,10
47186,115584,60
47186,115870,25
47186,115874,12
47186,116401,8
47186,116426,14
47186,116584,69
47186,116775,7
47186,118597,8
47186,120457,8
47186,122445,9
47186,123956,128
47186,142534,7
47186,142548,12
47186,142554,13
47186,143331,8
47186,144999,7
47188,16652,11
47188,16653,14
47211,104802,9
47211,106178,112
47217,109302,427
47217,110117,196
47217,140688,44
47217,146263,8
47246,21030,29
47246,29533,25
47246,29537,7
47246,29540,11
47246,29558,21
47246,110069,365
47246,124984,20
47246,124985,21
47246,124998,39
47246,125014,14
47246,125016,49
47260,109561,359
47260,121099,10
47300,36885,8
47300,46980,37
47326,52917,275
47326,52919,6
47326,105780,15
47329,42638,67
47329,59635,24
47329,105581,6
47329,105891,8
47345,30856,23
47345,105936,6
47345,124809,34
47352,45489,14
47352,135548,8
47353,105325,299
47353,126553,6
47362,21778,27
47362,24919,1051
47407,2050,28
47407,13138,15
47407,23505,6
47407,33048,11
47407,75018,43
47407,105794,187
47407,105936,18
47407,108810,20
47407,109742,8
47407,114077,7
47407,114731,75
47407,116749,279
47407,119140,7
47407,122413,7
47407,131280,8
47407,138643,12
47407,158359,18
47434,58349,16
47434,61582,6
47434,69845,14
47434,105427,14
47434,108301,24
47434,109037,236
47434,109294,148
47434,109702,11
47434,131347,40
47434,148399,9
47434,151409,140
47445,13945,6
47445,114087,14
47469,118892,758
47469,119222,6
47469,119223,22
47478,117604,10
47478,117605,13
47483,53871,35
47483,119786,27
47530,63373,33
47530,63374,40
47530,115092,13
47530,121391,177
47532,85056,2433
47532,85057,853
47532,161397,8
47533,48947,9
47533,137875,7
47548,134276,7
47548,143479,8
47569,119939,29
47569,123931,159
47569,137341,9
47573,37169,8
47573,130002,79
47575,109042,130
47575,119235,11
47598,2630,346
47598,17181,194
47598,66035,6
47598,105448,14
47598,105776,6
47598,105951,9
47598,106168,6
47598,106309,6
47598,109883,7
47598,116276,697
47598,116281,88
47624,2050,6
47624,110688,10
47625,105319,16
47625,106146,104
47625,106211,72
47625,115170,22
47626,2293,24
47626,9330,24
47649,50058,25
47649,134969,131
47655,6383,87
47655,106347,16
47665,14386,32
47665,105780,29
47665,114409,111
47669,104536,115
47669,109150,12
47669,154532,105
47672,9331,305
47672,163696,44
47685,33073,13
47685,108680,61
47690,34028,15
47690,104768,151
47690,105493,6
47698,42300,15
47698,106199,7
47698,120326,8
47698,129778,31
47719,133900,159
47719,133910,10
47727,6383,172
47727,20315,10
47755,106298,230
47755,123749,25
47755,123751,20
47757,30809,74
47757,114116,7
47757,125828,15
47757,134688,50
47767,8195,44
47767,8197,10
47770,55107,531
47770,75634,6
47770,78862,920
47775,30695,11
47775,116614,558
47791,80849,7
47791,80850,26
47802,81186,41
47802,105452,223
47803,110745,13
47803,113154,8
47813,41174,791
47813,122402,56
47828,104468,636
47828,108179,104
47828,109170,19
47850,28183,6
47850,124030,77
47865,18071,502
47865,29720,19
47865,112036,8
47934,27014,8
47934,27015,163
47948,49424,107
47948,49428,13
47948,138200,46
47953,27247,66
47953,151589,20
47966,48532,6
47966,137601,78
47985,48783,8
47985,109307,70
47986,1441,101
47986,6098,8
47986,69919,10
47986,74310,26
47986,107939,8
47986,108782,9
47986,109765,6
47991,29456,6
47991,34310,50
47991,128251,14
47993,27986,8
47993,55148,23
47993,110222,94
47993,123111,26
47994,2091,60
47994,37787,278
47994,37789,32
47994,37791,27
48003,37222,13
48003,121412,128
48004,47977,16
48004,70938,118
48004,108443,6
48004,111556,59
48004,113438,42
48004,118590,246
48004,133980,209
48004,152119,6
48004,152133,10
48004,152134,43
48004,152135,9
48011,109727,13
48011,118376,812
48030,19203,27
48030,117746,14
48045,8163,9
48045,34028,27
48045,105493,90
48045,110301,13
48045,110454,30
48045,110462,7
48045,113584,6
48045,113774,17
48045,113890,16
48061,2095,10
48061,6153,469
48061,6287,33
48061,31483,1212
48061,52768,17
48061,78660,114
48061,78680,6
48061,87580,40
48061,110707,19
48061,110995,197
48061,122543,10
48061,141238,9
48061,144982,8
48061,154732,232
48061,157334,38
48082,19524,10
48082,19528,7
48082,19536,16
48082,108548,10
48082,117331,445
48082,117333,267
48096,9294,17
48096,115961,136
48119,128337,248
48119,128341,11
48130,106193,320
48130,109548,6
48130,109555,34
48133,34662,110
48133,34664,28
48136,15280,409
48136,125993,6
48172,14325,10
48172,121472,222
48181,29573,39
48181,63299,17
48181,63313,8
48181,106227,12
48181,116661,63
48181,147121,6
48187,108386,7
48187,109557,129
48187,114261,9
48197,36885,77
48197,46980,33
48212,56119,6
48212,56122,6
48212,105694,9
48212,105844,38
48212,106133,6
48212,109457,7
48212,109816,243
48212,142419,7
48213,47985,254
48213,47988,26
48224,119585,7
48224,119901,723
48244,79229,6
48244,122796,66
48253,21685,917
48253,23965,6
48253,24016,16
48253,24093,10
48253,24110,22
48253,24166,6
48253,24167,17
48253,24181,38
48253,65657,6
48253,106241,38
48253,113241,378
48253,116407,145
48253,119123,39
48253,119536,151
48253,121152,94
48253,121153,37
48253,121168,25
48253,121221,8
48253,121231,492
48253,121233,9
48253,121237,12
48253,121240,14
48253,121241,145
48253,121243,14
48253,121244,18
48253,121260,22
48253,121271,14
48253,121274,6
48266,42889,290
48266,43570,23
48266,112584,226
48266,116297,25
48266,118427,23
48266,134233,15
48279,37155,19
48279,129994,8
48281,141125,217
48281,161405,74
48303,32333,48
48303,109344,174
48315,17617,12
48315,105204,22
48334,22483,12
48334,120093,14
48335,16396,17
48335,39687,18
48335,163750,147
48357,30468,322
48357,60909,8
48357,145569,6
48366,48699,6
48366,79598,8
48389,54105,31
48389,119666,16
48390,1505,15
48390,2095,11
48390,7109,28
48390,8966,12
48390,15280,6
48390,17707,12
48390,23960,10
48390,25910,6
48390,29836,9
48390,48760,13
48390,55360,6
48390,66761,14
48390,74309,6
48390,76295,6
48390,81367,6
48390,88866,9
48390,104722,6
48390,104903,21
48390,104915,20
48390,105098,2319
48390,105841,8
48390,105905,8
48390,106205,8
48390,106427,6
48390,106452,6
48390,107927,9
48390,108179,28
48390,109047,6
48390,109061,24
48390,109319,32
48390,109326,6
48390,113118,11
48390,114318,33
48390,115170,26
48390,115360,6
48390,116915,18
48390,121048,14
48390,121054,6
48390,121057,48
48390,121081,8
48390,121085,7
48390,121087,11
48390,121095,6
48390,121100,8
48390,121104,36
48390,121106,10
48390,121119,9
48390,121122,10
48390,124899,12
48390,128170,6
48390,134591,6
48390,147132,6
48390,156599,7
48391,99,46
48391,45422,6
48447,115113,18
48447,118646,139
48447,150540,6
48447,150544,23
48455,13177,114
48455,32063,12
48455,113544,33
48455,126722,18
48464,62513,16
48464,110578,6
48464,114421,325
48464,122713,19
48475,32658,55
48475,114142,8
48505,15992,7
48505,106178,314
48505,163807,16
48525,121748,103
48525,121753,12
48551,108451,24
48551,118068,198
48557,22608,206
48557,66077,932
48557,104450,84
48557,148924,13
48561,6079,6
48561,6086,11
48561,105779,12
48561,108429,217
48572,110602,138
48572,148765,112
48575,23876,90
48575,36880,6
48580,84168,6
48580,140191,466
48584,20027,10
48584,38428,7
48584,38429,7
48584,116540,12
48584,130825,18
48584,130827,11
48586,31302,55
48586,119705,7
48586,127829,13
48619,104996,19
48619,111102,26
48635,14522,30
48635,130377,238
48639,136527,8
48639,143079,167
48673,113719,62
48673,113720,45
48674,29610,61
48674,125036,12
48686,11501,42
48686,27909,140
48686,61329,12
48686,123836,26
48721,80297,7
48721,137795,306
48731,33073,7
48731,113839,7
48731,117733,235
48733,59452,32
48733,59453,27
48754,13001,11
48754,13002,20
48776,7838,8
48776,109420,92
48790,24228,9
48790,114993,26
48790,121324,68
48790,121766,21
48792,117331,90
48792,117333,6
48798,30889,71
48798,30890,79
48798,125930,86
48803,105141,150
48803,105698,19
48806,28309,103
48806,28310,248
48818,105227,8
48818,142713,133
48819,51930,212
48819,139828,16
48833,115734,8
48833,126713,9
48836,319,6
48836,993,20
48836,1971,8
48836,2330,14
48836,7019,36
48836,7101,329
48836,13343,6
48836,17115,23
48836,26527,8
48836,41004,11
48836,42656,6
48836,58341,9
48836,73745,7
48836,73747,6
48836,73823,49
48836,83413,15
48836,104490,8
48836,104940,7
48836,105370,10
48836,105662,7
48836,105799,13
48836,106241,7
48836,106252,81
48836,106309,43
48836,107032,46
48836,108179,201
48836,109987,35
48836,110326,8
48836,113831,145
48836,114252,22
48836,115734,7
48836,117228,14
48836,118376,14
48836,132144,7
48836,132464,26
48836,152690,7
48836,154110,40
48861,50585,215
48861,106241,10
48862,23265,11
48862,120636,46
48868,109999,378
48868,158288,8
48879,319,7
48879,7177,11
48879,7495,9
48879,30163,10
48879,39901,61
48879,50370,29
48879,77207,23
48879,104758,6
48879,104761,180
48879,105336,35
48879,105367,6
48879,108588,6
48879,109480,461
48879,119946,6
48879,137330,18
48879,139394,143
48879,153550,21
48879,155894,8
48886,44006,195
48886,128225,17
48890,123223,13
48890,123225,27
48919,9119,14
48919,104926,51
48919,104928,6
48919,104931,300
48919,109494,146
48919,139346,28
48919,139348,8
48977,16716,9
48977,38786,285
48977,38789,78
48977,38790,39
48977,38791,15
48977,38796,35
48977,38807,1274
48977,108958,211
48977,113965,12
48977,115631,83
48977,131022,12
48977,131029,14
48997,36857,10
48997,110291,228
49021,10641,14
49021,15667,129
49021,15670,139
49021,15673,6
49021,15685,6
49021,15693,8
49021,73429,14
49021,113681,7
49021,115241,53
49021,115242,129
49021,115244,14
49021,115257,6
49021,115263,7
49021,115265,31
49028,105325,7
49028,107032,26
49034,29828,15
49034,119960,8
49044,42523,20
49044,133521,22
49046,42729,6
49046,49961,7
49046,49974,1262
49051,57076,10
49051,57080,11
49063,107306,41
49063,131276,37
49073,8732,6
49073,34033,61
49074,113368,18
49074,113370,133
49094,12635,80
49094,113176,13
49094,113177,20
49143,24955,133
49143,121812,9
49186,104450,8
49186,122261,40
49213,124521,111
49213,148871,23
49231,23683,7
49231,62895,18
49231,114261,317
49231,115416,6
49231,134963,7
49231,152028,9
49231,152031,7
49251,8700,10
49251,24868,11
49251,47202,9
49251,54051,6
49251,105141,158
49251,105346,17
49251,114451,20
49260,115792,984
49260,120721,13
49265,106104,53
49265,118989,156
49265,119082,26
49265,141052,9
49274,48760,112
49274,106309,221
49274,119583,178
49274,129853,46
49274,139006,16
49274,139007,7
49274,139008,17
49276,21897,37
49276,104674,83
49276,110124,93
49297,8882,21
49297,105545,36
49306,54037,15
49306,54050,28
49306,54051,6
49306,54062,10
49314,49788,184
49314,138400,15
49314,138404,8
49320,88137,29
49320,122255,7
49326,22254,95
49326,22255,73
49326,22256,17
49326,22257,195
49333,1824,12
49333,14679,750
49333,14697,16
49333,14700,366
49333,14701,688
49333,104921,123
49333,112089,33
49333,114622,133
49345,83458,15
49345,83459,8
49345,109084,14
49346,86556,11
49346,86560,101
49346,162319,6
49387,116010,11
49387,133370,51
49432,25375,55
49432,39955,6
49432,46746,218
49432,74310,174
49432,88137,83
49432,107290,14
49432,114480,17
49432,136370,15
49432,136372,578
49432,136377,22
49432,136382,78
49432,136390,24
49432,136392,7
49445,6674,9
49445,12606,71
49506,133225,190
49506,133228,48
49507,2630,117
49507,106309,56
49513,7565,11
49513,109533,8
49532,25747,224
49532,105851,37
49552,64524,15
49552,85639,242
49552,85641,11
49562,48627,6
49562,49722,11
49562,49744,565
49570,85063,18
49570,85064,81
49570,161401,9
49578,587,6
49578,18071,22
49578,38560,8
49578,45968,525
49578,78126,7
49590,48760,14
49590,105933,10
49590,106309,18
49605,44645,35
49605,104940,361
49637,15170,52
49637,15174,17
49637,15183,7
49637,15185,76
49637,15186,9
49637,15187,33
49637,15189,43
49637,15191,34
49637,15206,23
49637,46243,26
49643,26559,92
49643,26560,8
49663,7544,50
49663,104476,272
49663,106199,10
49663,106360,135
49663,163025,22
49663,163027,9
49710,83551,48
49710,83552,16
49710,83553,9
49717,83402,9
49717,85515,85
49733,14533,12
49733,27986,47
49740,6674,135
49740,12606,1029
49740,17731,6
49740,22677,92
49740,28500,136
49740,34501,96
49740,34502,7
49740,34504,17
49740,34505,318
49740,34507,220
49740,34510,16
49740,34514,9
49740,34515,149
49740,34519,395
49740,34522,40
49740,34525,6
49740,34527,7
49740,34530,78
49740,34533,280
49740,34538,17
49740,34539,101
49740,34543,14
49740,34544,21
49740,59159,35
49740,105332,64
49740,105700,879
49740,105701,31
49740,109000,27
49740,110019,20
49740,110172,94
49740,117761,48
49740,117840,20
49740,119260,300
49740,119608,41
49740,124042,543
49740,128375,36
49740,128377,17
49740,128379,11
49740,128380,7
49740,128382,140
49742,32358,36
49742,159642,10
49753,105421,39
49753,105422,17
49789,51144,167
49789,59048,243
49789,59053,841
49789,59072,272
49789,59073,579
49789,59075,20
49789,59076,88
49789,59080,58
49789,59090,92
49789,59095,100
49789,59116,8
49789,59122,35
49789,59124,11
49789,59126,20
49789,59127,25
49789,59131,57
49789,59138,6
49789,59145,29
49789,59147,10
49789,59148,13
49789,59159,458
49789,59161,10
49789,59171,16
49789,105602,91
49789,105756,355
49789,106098,22
49789,106410,530
49789,108925,32
49789,109191,75
49789,109493,46
49789,110001,17
49789,113757,17
49789,115944,129
49789,119082,39
49789,128403,64
49789,131102,165
49789,133243,125
49789,136679,172
49789,143011,573
49789,143079,123
49789,144360,271
49789,144364,386
49789,144376,1436
49789,144377,170
49789,144378,180
49789,144380,25
49789,144381,9
49789,144384,42
49789,144385,133
49789,144386,139
49789,144391,97
49789,144393,20
49789,144394,146
49789,144396,114
49789,144399,49
49789,144407,42
49789,144409,6
49789,144414,34
49802,2441,44
49802,2445,12
49802,2453,6
49802,2461,10
49802,2465,6
49802,2470,20
49802,2473,450
49802,2476,29
49802,2479,26
49802,2481,104
49802,2483,31
49802,106032,76
49802,106036,125
49802,106037,77
49802,106040,19
49802,106047,6
49802,106049,10
49802,106051,86
49831,6215,9
49831,34652,90
49831,47683,28
49834,68955,56
49834,138539,14
49857,51366,27
49857,139439,49
49862,89305,14
49862,150211,18
49889,44572,12
49889,116026,13
49899,33280,8
49899,85943,26
49899,124293,9
49899,147142,19
49899,155625,8
49902,110351,10
49902,113847,768
49913,68954,17
49913,68955,11
49913,138539,40
49916,108454,16
49916,137068,36
49920,49018,124
49920,88506,36
49920,130049,27
49927,85507,17
49927,85515,164
49938,12911,30
49938,34267,11
49938,113366,7
49949,26660,15
49949,57921,69
49949,105888,12
49949,106244,9
49949,143613,154
49949,143618,19
49985,7229,27
49985,87557,15
49985,87565,66
49985,128312,33
49985,157403,378
49993,109570,7
49993,122402,35
49993,123869,55
50014,2930,10
50014,134069,14
50021,20480,6
50021,105535,353
50029,108279,6
50029,141156,228
50040,78436,105
50040,78437,55
50041,25545,6
50041,122195,2012
50050,88922,29
50050,127282,160
50054,14128,937
50054,50707,7
50054,115483,12
50054,115549,28
50054,127151,7
50060,65504,260
50060,148566,45
50081,40364,56
50081,40365,9
50090,50975,24
50090,58341,13
50091,42228,53
50091,163804,8
50108,6668,636
50108,45889,268
50108,45891,70
50108,45915,19
50108,45916,61
50108,104907,7
50108,105325,9
50108,106240,767
50108,108892,11
50108,114812,561
50108,116574,9
50108,121465,982
50108,132153,191
50108,132718,191
50108,135813,726
50108,135814,160
50108,135818,809
50108,135823,1448
50144,20073,12
50144,115360,16
50149,14836,211
50149,14838,53
50150,61007,7
50150,116897,7
50150,145635,11
50154,60247,10
50154,65840,148
50154,65849,6
50154,110017,334
50154,148779,51
50155,44568,6
50155,54257,157
50155,60247,26
50155,77207,287
50155,84412,12
50155,84413,36
50155,84414,7
50155,84418,6
50155,84426,9
50155,106153,36
50155,109491,49
50155,110017,137
50155,110711,17
50155,117228,30
50155,117442,523
50155,124756,12
50155,143622,34
50155,156126,13
50155,156506,13
50155,160954,179
50155,160958,29
50155,160961,9
50155,160969,14
50155,160974,10
50168,1367,11
50168,105252,33
50169,10680,6
50169,127721,30
50191,55360,7
50191,113816,11
50215,7214,27
50215,17270,8
50215,24825,12
50215,30891,10
50215,78862,220
50215,81371,23
50215,105902,191
50215,106249,7
50215,116285,9
50215,122260,8
50234,15410,77
50234,15420,7
50234,106294,8
50245,13424,7
50245,113737,19
50266,8882,22
50266,48331,66
50266,113318,688
50266,113697,19
50277,39046,29
50277,39047,8
50296,137330,10
50296,163784,189
50311,24460,166
50311,107777,13
50319,115322,19
50319,115323,6
50321,2087,10
50321,6427,7
50321,7064,39
50321,8174,6
50321,8424,8
50321,18649,6
50321,27924,24
50321,29769,6
50321,42638,8
50321,56288,9
50321,64268,8
50321,66761,20
50321,71425,8
50321,83413,11
50321,104448,10
50321,104763,6
50321,104935,8
50321,104940,542
50321,104944,7
50321,104946,12
50321,104947,15
50321,105315,254
50321,105452,10
50321,105576,9
50321,105581,24
50321,105722,13
50321,105767,38
50321,105827,18
50321,105849,7
50321,106245,44
50321,108179,1136
50321,109037,185
50321,109084,74
50321,109392,6
50321,109538,29
50321,109555,10
50321,109948,12
50321,109999,47
50321,110754,10
50321,114938,8
50321,115187,123
50321,117903,6
50321,119353,26
50321,121048,14
50321,136331,7
50321,147842,281
50321,149671,18
50321,150211,6
50330,145676,64
50330,145677,16
50330,145678,17
50346,37096,17
50346,48119,45
50346,113614,36
50429,104567,58
50429,104570,6
50441,15670,147
50441,104769,21
50441,109717,787
50441,142732,31
50441,142827,7
50506,51613,85
50506,108183,9
50529,29573,237
50529,113761,72
50529,116661,59
50529,134848,12
50529,147124,219
50529,163760,28
50585,18301,30
50585,18308,11
50585,18310,12
50585,18323,7
50585,18341,62
50585,18361,34
50585,18371,95
50585,18374,7
50585,18409,12
50585,18424,286
50585,18428,283
50585,18429,294
50585,18430,321
50585,50619,28
50585,117121,20
50585,117123,31
50585,117125,13
50585,117135,11
50585,117156,7
50585,117168,58
50586,37517,358
50586,110913,303
50586,115226,9
50586,118391,115
50586,159843,8
50593,122825,136
50593,122826,47
50643,51167,8
50643,139324,81
50647,33960,113
50647,114500,49
50657,124867,46
50657,127284,6
50663,108838,85
50663,116945,7
50665,8578,148
50665,82004,10
50665,82007,33
50665,104952,7
50665,108635,6
50665,115928,362
50665,126987,1060
50665,128221,7
50665,136357,26
50665,153175,10
50665,159395,7
50665,159398,11
50665,159410,7
50669,1329,8
50669,16524,17
50671,114347,13
50671,147555,8
50673,2630,11
50673,20039,7
50673,109959,12
50673,109987,448
50673,115591,7
50673,118396,12
50677,21210,6
50677,48045,110
50683,55339,11
50683,119572,90
50687,3032,1581
50687,3033,267
50687,38264,74
50687,130722,8
50689,117113,22
50689,122995,70
50691,14700,8
50691,45239,434
50691,80501,28
50691,80502,18
50691,116699,9
50691,120081,45
50694,110117,29
50694,110764,24
50696,116643,13
50696,122543,25
50698,24633,54
50698,41238,86
50698,129885,7
50705,134460,19
50705,134462,28
50715,57063,48
50715,143055,11
50717,119748,8
50717,145740,47
50735,23683,14
50735,114261,30
50740,26286,225
50740,122678,94
50758,8026,13
50758,8028,28
50771,1441,52
50771,7046,19
50789,109748,109
50789,132595,6
50795,47078,55
50795,136600,12
50803,105066,7
50803,127571,50
50805,104774,15
50805,105178,14
50852,6928,184
50852,21403,6
50852,105941,20
50852,109211,23
50852,110747,43
50852,120457,11
50852,122891,6
50852,135454,9
50852,159874,6
50872,105355,43
50872,114289,10
50878,1220,76
50878,1221,216
50878,8163,206
50878,8177,10
50878,13468,8
50878,23452,13
50878,109438,6
50879,47071,14
50879,47072,10
50879,47073,25
50880,13822,45
50880,105722,6
50880,114005,24
50880,122374,10
50887,7019,1363
50887,9262,149
50887,105452,20
50887,106263,15
50887,109228,11
50887,110917,10
50893,105875,70
50893,128933,443
50893,138797,81
50893,141143,33
50903,43166,15
50903,61748,18
50903,133953,78
50910,23689,28
50910,120930,48
50918,58041,32
50918,58135,15
50918,109051,146
50918,118107,114
50918,121802,14
50918,122881,30
50928,31167,6
50928,31169,209
50928,126125,125
50936,86560,129
50936,162319,9
50963,82838,222
50963,105029,17
50963,122376,16
50974,15280,185
50974,20702,47
50974,20764,24
50974,20776,90
50974,104487,11
50974,105437,405
50974,106238,42
50974,108179,9
50974,115760,10
50974,118836,667
50974,118842,47
50974,118866,85
50974,118879,9
50974,118898,28
50974,118901,11
50974,118906,7
50997,7376,382
50997,17647,18
50997,108791,539
51001,8295,42
51001,8406,6
51001,8424,9
51001,8434,490
51001,12241,11
51001,13642,37
51001,15732,22
51001,19233,62
51001,22567,7
51001,30508,41
51001,38490,13
51001,38560,8
51001,40110,8
51001,40115,29
51001,40153,6
51001,40155,445
51001,40163,20
51001,40192,8
51001,40206,26
51001,40218,53
51001,52831,7
51001,58341,20
51001,62254,16
51001,104612,218
51001,104748,48
51001,104802,172
51001,105055,6
51001,105243,7
51001,105497,134
51001,105502,16
51001,105576,7
51001,106071,8
51001,106199,320
51001,106381,80
51001,107600,13
51001,108270,7
51001,109097,9
51001,109171,10
51001,109224,22
51001,109306,1874
51001,109312,8
51001,109390,6
51001,110037,7
51001,110138,14
51001,110167,173
51001,110172,8
51001,110338,20
51001,110351,136
51001,110354,45
51001,110411,19
51001,113318,18
51001,113583,6
51001,113911,7
51001,113913,20
51001,113915,7
51001,113916,58
51001,115542,7
51001,115591,9
51001,115597,16
51001,116113,12
51001,117270,7
51001,117716,78
51001,117761,6
51001,117763,12
51001,117766,12
51001,119839,11
51001,127716,6
51001,131851,7
51001,131853,7
51001,131854,8
51001,131857,25
51001,131859,6
51001,131874,6
51001,131876,7
51001,131882,8
51001,131890,6
51001,131896,10
51001,131900,7
51001,131902,19
51004,89289,64
51004,163736,17
51017,157311,42
51017,157312,7
51035,8434,19
51035,18071,17
51035,47000,278
51035,105549,12
51035,136549,15
51051,24559,137
51051,24560,244
51052,36969,6
51052,119575,548
51056,50499,12
51056,50506,11
51056,50518,6
51056,135376,9
51056,138878,3760
51057,9586,923
51057,17647,14
51057,23676,14
51057,39092,20
51057,39524,13
51057,80768,52
51057,109340,6
51057,113660,6
51057,118309,10
51057,126149,19
51085,16193,63
51085,141403,13
51120,104760,12
51120,110759,6
51127,32217,28
51127,116203,6
51158,46301,57
51158,114347,26
51158,136090,112
51171,13239,7
51171,13254,27
51171,13259,376
51171,13260,20
51171,13262,15
51171,13264,11
51171,15210,22
51171,87076,8
51171,105540,7
51171,108782,33
51171,113604,9
51171,113611,7
51171,113612,8
51171,113613,32
51171,114192,9
51174,38428,11
51174,116540,6
51175,20027,16
51175,38428,12
51175,130825,37
51177,1250,10
51177,105172,9
51180,1790,168
51180,56456,49
51180,106346,55
51191,24770,7
51191,34525,7
51191,34543,56
51191,82432,9
51191,105700,36
51191,110172,8
51191,113674,81
51191,119608,29
51191,125819,7
51203,1714,127
51203,34652,6
51203,104940,49
51203,108133,8
51204,17273,81
51204,21839,7
51204,21841,9
51204,106316,38
51204,119642,49
51211,137857,348
51211,158214,11
51217,15988,6
51217,15989,7
51217,115449,364
51231,18277,8
51231,59536,10
51231,104767,20
51231,109042,1382
51231,122917,43
51231,125217,9
51247,60872,43
51247,60873,10
51248,60549,181
51248,60551,13
51270,18247,6
51270,110117,19
51272,43931,21
51272,120171,45
51272,120193,16
51272,126555,28
51272,134461,64
51297,26847,93
51297,58290,6
51297,109748,6
51313,17880,22
51313,19716,8
51313,21407,9
51313,106193,17
51313,111876,8
51313,119353,2802
51313,119359,20
51313,119376,16
51323,60416,11
51323,60417,19
51323,60418,19
51332,2976,24
51332,106441,14
51337,32709,6
51337,105207,50
51337,113241,57
51375,2095,10
51375,6126,14
51375,7002,26
51375,13732,6
51375,20318,8
51375,20603,6
51375,21752,7
51375,24707,7
51375,26288,6
51375,39901,25
51375,56150,10
51375,83608,7
51375,104448,7
51375,104763,9
51375,104940,10
51375,105098,27
51375,109246,6
51375,109280,63
51375,109321,7
51375,109538,1813
51375,109555,6
51375,110000,134
51375,120369,6
51375,121119,21
51375,121121,10
51375,124075,8
51375,124083,8
51395,31119,7
51395,31120,17
51395,126086,1123
51399,87447,288
51399,87448,10
51399,128444,23
51407,128286,18
51407,141979,33
51439,1191,9
51439,1192,6
51454,2040,9
51454,8823,43
51457,106089,11
51457,110941,284
51474,110029,44
51474,110301,8
51501,17258,35
51501,23170,7
51501,23429,67
51501,41998,123
51501,42003,9
51501,109804,16
51501,110483,143
51501,113591,15
51501,114324,11
51501,114608,7
51501,121095,363
51501,121499,15
51501,122895,11
51501,123236,7
51501,133181,490
51501,133186,101
51509,51736,123
51509,109408,13
51509,117371,29
51509,155553,177
51559,21,40
51559,22,8
51585,116371,183
51585,164594,9
51612,7188,200
51612,163908,38
51622,299,7
51622,300,11
51659,89447,131
51659,89449,12
51659,89451,9
51659,157333,170
51663,89521,100
51663,89522,206
51663,89523,64
51663,105553,570
51685,163,39
51685,164,6
51685,165,6
51691,105748,109
51691,117624,44
51750,89505,9
51750,89508,10
51754,2,59
51754,4,237
51754,163628,290
51766,299,14
51766,300,95
51801,89502,6
51801,126346,31
51802,77,48
51802,78,14
51821,28,7
51821,135405,375
51833,37,110
51833,41,23
51855,187,27
51855,188,11
51855,163644,9
51865,190,7
51865,193,12
51887,49865,34
51887,88618,71
51897,54991,8
51897,116370,14
51897,133739,60
51900,299,19
51900,300,40
52067,65,8
52067,104453,62
52082,190,9
52082,196,11
52131,89491,7
52131,163922,59
52156,163,126
52156,164,70
52210,78862,11
52210,127938,1772
52214,19652,7
52214,163663,168
52249,230,99
52249,104497,7
52271,15,39
52271,17,36
52271,18,7
52271,163629,347
52279,156,127
52279,163638,79
52298,299,7
52298,300,15
52299,299,7
52299,300,44
52306,391,9
52306,37392,13
52333,89528,9
52333,163973,47
52341,187,38
52341,163644,14
52343,144,11
52343,104467,8
52343,163638,734
52361,22320,137
52361,163937,65
52369,89502,22
52369,126346,72
52419,45,8
52419,163631,22
52454,2,23
52454,4,9
52454,163628,143
52456,163,39
52456,164,6
